account_id,matches_played,total_kills,total_deaths,total_assists,avg_kd,win_rate,total_time_played
1742834852,10,82,38,95,2.1578947368421053,0.7,16678
1869783455,1,6,5,19,1.2,1.0,1698
60863494,3,15,7,32,2.142857142857143,0.6666666666666666,5574
410816762,1,3,6,2,0.5,0.0,1765
1860803412,6,42,27,59,1.5555555555555556,0.6666666666666666,9637
1020364202,12,119,111,104,1.072072072072072,0.3333333333333333,21352
157142230,17,119,71,149,1.676056338028169,0.5882352941176471,30314
206238595,5,32,24,67,1.3333333333333333,0.4,8959
1186801441,12,88,70,144,1.2571428571428571,0.6666666666666666,20401
864952690,6,48,26,56,1.8461538461538463,0.6666666666666666,9863
414372571,13,74,103,122,0.7184466019417476,0.38461538461538464,22689
314873097,7,75,29,61,2.586206896551724,0.5714285714285714,12096
295164305,1,9,4,23,2.25,1.0,1685
1904092000,2,32,12,29,2.6666666666666665,0.5,3941
217021090,14,128,58,153,2.206896551724138,0.42857142857142855,24097
167576350,17,100,90,152,1.1111111111111112,0.6470588235294118,32058
223305242,8,61,45,111,1.3555555555555556,0.75,12963
202961452,7,53,45,84,1.1777777777777778,0.5714285714285714,11983
102835935,2,19,13,22,1.4615384615384615,1.0,3930
51733803,3,24,17,34,1.411764705882353,0.3333333333333333,5976
1254616037,5,18,24,42,0.75,0.4,8354
888853854,7,78,44,85,1.7727272727272727,0.7142857142857143,11923
1573787623,8,43,46,67,0.9347826086956522,0.25,13132
195409859,18,46,86,168,0.5348837209302325,0.3333333333333333,30747
158057048,5,25,34,39,0.7352941176470589,0.2,8697
1917031445,14,100,78,137,1.2820512820512822,0.35714285714285715,22435
1300082578,3,17,21,41,0.8095238095238095,1.0,5657
1201315827,3,17,29,17,0.5862068965517241,0.3333333333333333,5012
113552260,4,11,28,45,0.39285714285714285,0.25,7581
951978031,5,20,19,59,1.0526315789473684,0.6,8345
127924474,6,35,38,39,0.9210526315789473,0.16666666666666666,10871
97417380,8,54,43,98,1.255813953488372,0.625,14216
102107616,3,31,9,24,3.4444444444444446,1.0,5170
1690517924,7,51,32,57,1.59375,0.5714285714285714,11838
324082108,2,12,23,15,0.5217391304347826,0.0,3339
323155499,10,95,54,141,1.7592592592592593,0.5,20569
1062664388,12,127,76,121,1.6710526315789473,0.4166666666666667,21341
1731861657,1,8,4,9,2.0,1.0,2095
396211424,6,61,22,66,2.772727272727273,0.8333333333333334,9085
178309421,6,35,27,49,1.2962962962962963,0.16666666666666666,8878
1830659492,21,116,121,179,0.9586776859504132,0.23809523809523808,39988
1859387891,6,37,28,52,1.3214285714285714,0.6666666666666666,10910
1090023033,4,52,14,38,3.7142857142857144,0.75,7825
48147016,10,80,22,91,3.6363636363636362,0.7,16825
911529611,11,47,68,91,0.6911764705882353,0.36363636363636365,18085
181456277,14,57,53,188,1.0754716981132075,0.5,23862
123933607,7,68,44,75,1.5454545454545454,0.7142857142857143,12855
1215984137,9,98,42,112,2.3333333333333335,0.6666666666666666,16229
102900749,2,20,5,20,4.0,1.0,3191
97533101,8,72,59,103,1.2203389830508475,0.75,13417
1185906890,2,17,8,41,2.125,1.0,3671
1860839119,10,63,56,71,1.125,0.1,18713
1674512177,5,20,34,29,0.5882352941176471,0.2,9850
1752792693,12,79,97,145,0.8144329896907216,0.5833333333333334,20787
279700264,5,41,20,37,2.05,0.6,9236
74744539,8,50,48,84,1.0416666666666667,0.625,12510
51991843,3,22,13,46,1.6923076923076923,1.0,4995
395034833,3,6,26,23,0.23076923076923078,0.0,5363
324467536,8,94,50,100,1.88,0.625,13400
364623170,3,17,9,58,1.8888888888888888,0.6666666666666666,5894
316642546,6,32,36,58,0.8888888888888888,0.6666666666666666,10098
294560455,13,76,75,130,1.0133333333333334,0.46153846153846156,22044
1063199987,7,32,33,71,0.9696969696969697,0.2857142857142857,10904
1744135770,11,104,49,99,2.122448979591837,0.7272727272727273,19512
1229018896,1,11,6,18,1.8333333333333333,1.0,1960
487348881,3,15,4,28,3.75,1.0,3853
133685291,1,12,3,10,4.0,1.0,1760
336275857,3,10,9,50,1.1111111111111112,1.0,5156
1837860425,10,73,64,104,1.140625,0.6,16323
1046192556,8,59,63,99,0.9365079365079365,0.375,14614
1067915524,7,41,32,62,1.28125,0.42857142857142855,12684
919161010,4,35,16,38,2.1875,1.0,5421
997124152,17,198,90,206,2.2,0.8823529411764706,25711
31573479,7,60,35,79,1.7142857142857142,0.5714285714285714,13568
1854731997,3,28,10,24,2.8,0.3333333333333333,5727
142845480,5,29,21,56,1.380952380952381,0.8,8844
1475821079,2,9,8,14,1.125,1.0,2798
331706904,7,37,56,56,0.6607142857142857,0.2857142857142857,13221
255586815,14,87,89,72,0.9775280898876404,0.2857142857142857,23477
394126067,2,17,9,14,1.8888888888888888,0.5,3691
1807594332,6,34,39,46,0.8717948717948718,0.5,11443
7910302,7,43,17,76,2.5294117647058822,0.42857142857142855,11709
1275451318,3,35,15,32,2.3333333333333335,0.6666666666666666,6681
194833486,12,74,58,91,1.2758620689655173,0.5,18579
66646029,7,35,37,52,0.9459459459459459,0.2857142857142857,13561
256512296,15,152,76,175,2.0,0.6,27722
1247756097,2,19,12,18,1.5833333333333333,1.0,3490
127942689,3,14,18,18,0.7777777777777778,0.6666666666666666,5612
51333030,4,24,13,49,1.8461538461538463,0.5,6811
205071683,9,36,56,91,0.6428571428571429,0.4444444444444444,16435
34262576,6,20,30,69,0.6666666666666666,0.6666666666666666,10347
1034350927,11,78,92,104,0.8478260869565217,0.36363636363636365,19703
1155241464,17,114,80,181,1.425,0.7058823529411765,32860
105263588,10,55,73,75,0.7534246575342466,0.3,18072
1742262279,2,15,10,19,1.5,0.0,3773
1513639972,2,12,5,32,2.4,1.0,3380
1927052637,12,94,69,153,1.3623188405797102,0.75,21217
186157133,3,17,18,22,0.9444444444444444,0.3333333333333333,5553
1840429158,8,46,56,92,0.8214285714285714,0.5,14590
148392333,2,13,11,10,1.1818181818181819,0.5,3290
900587389,7,57,32,53,1.78125,0.5714285714285714,12895
1606960988,3,15,20,27,0.75,0.6666666666666666,5442
210593923,19,103,152,183,0.6776315789473685,0.42105263157894735,35724
130174860,12,69,77,132,0.8961038961038961,0.5,21823
429541677,16,129,79,172,1.6329113924050633,0.6875,27390
131614199,7,40,37,58,1.0810810810810811,0.2857142857142857,13026
1254284472,15,138,77,150,1.7922077922077921,0.6,27880
1125297246,6,27,33,60,0.8181818181818182,0.5,11358
1548096050,3,19,12,25,1.5833333333333333,1.0,4214
130143991,21,101,163,190,0.6196319018404908,0.19047619047619047,36556
1193943742,4,12,38,19,0.3157894736842105,0.0,6933
1673876903,5,35,18,66,1.9444444444444444,0.8,9102
1557303666,5,29,19,58,1.5263157894736843,0.8,8131
1049947751,8,51,52,74,0.9807692307692307,0.375,13376
1425284998,9,58,20,102,2.9,0.4444444444444444,16820
36607982,5,20,37,39,0.5405405405405406,0.2,9434
87241154,19,140,92,191,1.5217391304347827,0.5263157894736842,31859
1845452500,7,40,43,65,0.9302325581395349,0.5714285714285714,11976
342896703,3,9,11,15,0.8181818181818182,0.3333333333333333,5124
142292973,9,79,39,136,2.0256410256410255,0.4444444444444444,18047
153691505,1,2,6,8,0.3333333333333333,0.0,1998
1270505558,4,17,14,59,1.2142857142857142,0.5,7638
1748857891,8,51,28,77,1.8214285714285714,0.5,17306
24224794,8,31,46,91,0.6739130434782609,0.375,14644
17403205,8,78,37,92,2.108108108108108,0.5,13650
232489514,5,56,37,30,1.5135135135135136,0.6,9413
391770083,7,38,36,81,1.0555555555555556,0.7142857142857143,11828
74963221,16,110,90,144,1.2222222222222223,0.5,30458
7100261,24,122,129,128,0.9457364341085271,0.4583333333333333,39478
158850547,3,8,20,26,0.4,0.3333333333333333,5181
1719325310,10,63,66,122,0.9545454545454546,0.7,18049
867782503,7,26,42,58,0.6190476190476191,0.42857142857142855,12080
181941794,1,8,3,4,2.6666666666666665,0.0,1758
908496794,8,50,59,74,0.847457627118644,0.5,14435
179393048,8,82,64,83,1.28125,0.375,14349
112724001,8,62,41,105,1.5121951219512195,0.75,14000
1110488381,2,5,6,19,0.8333333333333334,0.5,2593
180143398,4,18,23,40,0.782608695652174,0.5,7155
289323388,6,49,33,61,1.4848484848484849,0.3333333333333333,10227
235571100,21,88,115,199,0.7652173913043478,0.38095238095238093,35726
878674161,14,94,99,178,0.9494949494949495,0.35714285714285715,24214
884752808,2,19,12,18,1.5833333333333333,0.5,2687
83111471,5,34,44,37,0.7727272727272727,0.6,10303
914316537,4,33,19,46,1.736842105263158,0.75,7280
423990470,7,41,49,72,0.8367346938775511,0.42857142857142855,12262
960670250,10,77,56,92,1.375,0.8,11801
52545810,4,22,27,43,0.8148148148148148,0.5,8359
1478734915,5,40,36,59,1.1111111111111112,0.4,10117
1476238442,5,60,30,38,2.0,0.6,9344
862793650,5,29,21,43,1.380952380952381,0.6,9167
442417969,12,71,38,104,1.868421052631579,0.8333333333333334,15577
1682265751,10,81,36,68,2.25,0.6,16862
225764206,13,83,62,122,1.3387096774193548,0.6153846153846154,21559
1718651835,2,18,10,31,1.8,1.0,3396
1862514181,15,67,66,142,1.0151515151515151,0.3333333333333333,27127
1850177863,7,48,36,61,1.3333333333333333,0.42857142857142855,11885
70479229,2,18,13,26,1.3846153846153846,1.0,3855
1035409245,3,30,14,54,2.142857142857143,0.6666666666666666,6612
1118069185,11,66,73,120,0.9041095890410958,0.7272727272727273,20152
1017193917,8,61,41,77,1.4878048780487805,0.625,13157
97669557,6,17,29,58,0.5862068965517241,0.3333333333333333,12276
1871622814,1,7,4,13,1.75,1.0,1436
922773680,6,80,45,65,1.7777777777777777,0.5,11654
200510514,6,69,35,63,1.9714285714285715,0.5,11333
911385547,5,66,21,46,3.142857142857143,0.6,8944
877571505,9,80,39,82,2.051282051282051,0.5555555555555556,16174
328689258,6,25,35,62,0.7142857142857143,0.5,10947
65704200,4,16,21,46,0.7619047619047619,0.75,7463
58777542,2,25,6,29,4.166666666666667,1.0,4497
131903282,4,34,22,45,1.5454545454545454,0.75,7883
90121266,7,24,52,46,0.46153846153846156,0.42857142857142855,11739
106221323,6,55,25,56,2.2,0.5,12729
72568913,15,88,37,156,2.3783783783783785,0.7333333333333333,26552
1917672404,10,78,81,85,0.9629629629629629,0.6,17148
1042703572,5,22,55,65,0.4,0.2,9752
122953761,6,31,61,69,0.5081967213114754,0.16666666666666666,10494
94672455,5,13,27,23,0.48148148148148145,0.4,8543
906011648,10,101,53,98,1.9056603773584906,0.4,18197
1125557395,14,104,120,150,0.8666666666666667,0.35714285714285715,25317
388390934,19,89,116,156,0.7672413793103449,0.47368421052631576,33522
385202207,7,38,32,62,1.1875,0.2857142857142857,11932
349804083,9,47,58,88,0.8103448275862069,0.3333333333333333,15275
94897742,15,99,66,101,1.5,0.3333333333333333,26308
102214230,3,24,13,31,1.8461538461538463,0.3333333333333333,6485
132410671,5,25,31,56,0.8064516129032258,0.4,9951
150176111,2,6,4,36,1.5,0.5,3912
172683399,5,24,36,29,0.6666666666666666,0.2,7750
106448300,7,63,24,61,2.625,0.7142857142857143,12533
230846317,2,10,14,17,0.7142857142857143,0.5,3962
75416407,3,18,28,33,0.6428571428571429,0.3333333333333333,5776
393267386,8,75,27,106,2.7777777777777777,0.75,14876
1040566784,7,45,46,57,0.9782608695652174,0.14285714285714285,12816
357904670,4,21,21,40,1.0,0.5,7447
34294529,5,36,36,51,1.0,0.6,9159
970142860,1,8,11,4,0.7272727272727273,0.0,1678
447264074,5,29,28,60,1.0357142857142858,0.6,9668
170809608,3,35,17,36,2.0588235294117645,0.6666666666666666,5347
1013966237,5,64,36,57,1.7777777777777777,0.8,9936
59739439,7,64,43,91,1.4883720930232558,0.42857142857142855,13144
1018313288,6,54,24,77,2.25,0.6666666666666666,10159
842969768,5,35,21,59,1.6666666666666667,0.6,8343
161334108,2,12,4,15,3.0,0.5,3339
1335985367,3,25,20,26,1.25,0.6666666666666666,5130
40138605,4,14,27,37,0.5185185185185185,0.0,6745
101454050,4,22,27,40,0.8148148148148148,0.5,6725
901357991,3,10,29,15,0.3448275862068966,0.0,5354
211469463,3,7,15,20,0.4666666666666667,0.3333333333333333,4386
242321617,8,21,57,84,0.3684210526315789,0.375,14284
189492740,6,48,41,73,1.170731707317073,0.3333333333333333,11733
6888268,4,12,28,46,0.42857142857142855,0.25,8291
967464000,1,7,5,11,1.4,0.0,1884
79802381,2,27,6,34,4.5,1.0,3513
156950248,7,42,32,74,1.3125,0.7142857142857143,11365
345399279,7,48,60,77,0.8,0.2857142857142857,13746
844075563,9,91,73,90,1.2465753424657535,0.5555555555555556,18057
1183383938,12,55,80,61,0.6875,0.3333333333333333,19404
1513859412,3,11,17,20,0.6470588235294118,0.6666666666666666,6023
405274238,4,33,30,50,1.1,0.5,8630
1020274618,4,16,19,52,0.8421052631578947,0.75,7489
116511189,8,49,40,63,1.225,0.25,13998
1860786150,2,25,9,21,2.7777777777777777,1.0,3706
311679572,4,21,26,35,0.8076923076923077,0.75,7547
124499896,4,29,15,31,1.9333333333333333,0.75,6646
215909383,7,50,30,77,1.6666666666666667,0.5714285714285714,13265
443205921,12,78,58,156,1.3448275862068966,0.5833333333333334,22067
432824044,5,30,22,47,1.3636363636363635,0.6,8206
1569403186,12,59,52,111,1.1346153846153846,0.4166666666666667,19346
101020082,5,20,47,25,0.425531914893617,0.2,8216
113063894,7,71,50,54,1.42,0.2857142857142857,11764
98515926,4,25,28,39,0.8928571428571429,0.75,6562
53823756,3,16,29,25,0.5517241379310345,0.0,6084
147313159,5,35,34,58,1.0294117647058822,0.2,10234
1132557368,2,10,13,29,0.7692307692307693,0.5,3380
1830269399,12,60,55,125,1.0909090909090908,0.5,18998
1034734847,6,25,35,76,0.7142857142857143,0.3333333333333333,10581
1190500296,5,55,16,60,3.4375,0.8,9098
81112976,12,119,60,116,1.9833333333333334,0.3333333333333333,21346
188270361,16,122,145,171,0.8413793103448276,0.5,28126
1072069071,2,23,11,24,2.090909090909091,0.5,4160
344884238,1,11,3,14,3.6666666666666665,1.0,2114
245020207,16,84,92,110,0.9130434782608695,0.375,28374
134453666,4,34,12,42,2.8333333333333335,0.5,7473
214095947,16,96,59,134,1.6271186440677967,0.4375,29441
1854275053,6,44,28,63,1.5714285714285714,0.8333333333333334,10592
1273149256,14,107,61,139,1.7540983606557377,0.5714285714285714,24421
418109012,2,14,8,27,1.75,1.0,3521
178795494,9,43,52,102,0.8269230769230769,0.5555555555555556,15970
477467839,1,8,13,11,0.6153846153846154,0.0,2255
953308151,2,13,11,17,1.1818181818181819,0.0,3952
1477660209,6,52,54,98,0.9629629629629629,0.6666666666666666,10889
1190115775,8,48,47,57,1.0212765957446808,0.375,13899
1215089419,9,99,41,53,2.4146341463414633,0.4444444444444444,16299
1699994055,3,19,9,43,2.111111111111111,1.0,5624
405544192,7,39,66,74,0.5909090909090909,0.5714285714285714,13540
387885975,6,53,45,74,1.1777777777777778,0.8333333333333334,12187
234314999,5,49,15,65,3.2666666666666666,0.6,9145
914388081,1,0,5,1,0.0,0.0,979
383224684,3,9,23,24,0.391304347826087,0.3333333333333333,5324
124676811,7,30,47,55,0.6382978723404256,0.2857142857142857,13079
230517301,14,100,102,122,0.9803921568627451,0.21428571428571427,25309
375288852,6,27,25,58,1.08,0.5,11148
1134459205,4,49,24,55,2.0416666666666665,0.75,8230
1726505753,2,4,8,12,0.5,0.0,3944
195015061,3,11,28,18,0.39285714285714285,0.0,5812
1563836151,10,115,49,110,2.3469387755102042,0.8,20017
133759965,2,25,13,13,1.9230769230769231,0.5,3602
78763112,5,34,30,59,1.1333333333333333,0.2,9263
71084852,5,25,25,73,1.0,0.8,9267
185989154,17,96,93,99,1.032258064516129,0.29411764705882354,27393
413480159,15,65,104,150,0.625,0.6,25905
313058076,7,27,30,60,0.9,0.42857142857142855,12736
57438032,4,25,21,32,1.1904761904761905,0.0,7555
486464940,7,52,41,73,1.2682926829268293,0.5714285714285714,12660
1456353717,14,65,100,120,0.65,0.2857142857142857,25789
76846116,4,31,14,37,2.2142857142857144,0.5,7177
95947783,14,104,108,117,0.9629629629629629,0.2857142857142857,23776
448241372,5,36,31,77,1.1612903225806452,0.6,9228
288422074,9,70,54,94,1.2962962962962963,0.3333333333333333,17008
22668900,6,20,32,58,0.625,0.3333333333333333,10728
911856667,15,103,95,204,1.0842105263157895,0.6,25880
223637581,2,15,9,43,1.6666666666666667,0.5,4182
1908528785,5,18,42,83,0.42857142857142855,0.6,10292
1911712220,3,19,27,22,0.7037037037037037,0.3333333333333333,5677
1885262860,9,68,41,98,1.6585365853658536,0.5555555555555556,15099
133686499,9,60,42,85,1.4285714285714286,0.6666666666666666,16304
1189626894,1,3,6,5,0.5,0.0,1750
274249520,1,5,0,17,5.0,1.0,1785
39226397,22,108,101,191,1.0693069306930694,0.45454545454545453,37515
104787023,4,23,22,36,1.0454545454545454,0.75,6806
242702216,4,28,17,40,1.6470588235294117,0.75,7843
1924441699,5,38,35,36,1.0857142857142856,0.6,8405
1903235260,2,5,5,16,1.0,0.5,2462
1096152985,8,63,38,77,1.6578947368421053,0.625,14955
1843185223,6,24,32,66,0.75,0.5,11240
1260888799,8,48,60,77,0.8,0.375,13945
204171598,1,0,4,2,0.0,0.0,1655
69431452,4,23,27,21,0.8518518518518519,0.5,6960
338903669,5,26,34,24,0.7647058823529411,0.2,8157
1098006019,2,25,11,16,2.272727272727273,0.5,3746
279286466,7,26,34,68,0.7647058823529411,0.5714285714285714,13866
160265590,6,57,15,66,3.8,0.8333333333333334,11948
313413549,10,94,50,119,1.88,0.8,17572
200358419,2,13,13,8,1.0,0.0,3460
1901879102,5,48,26,69,1.8461538461538463,0.8,9545
1834107935,5,27,41,63,0.6585365853658537,0.6,9719
1869333160,9,48,53,105,0.9056603773584906,0.6666666666666666,16189
83379921,12,111,57,145,1.9473684210526316,0.75,21154
480999377,6,48,45,69,1.0666666666666667,0.6666666666666666,10106
203574572,6,45,22,80,2.0454545454545454,0.6666666666666666,11490
156468943,1,11,7,13,1.5714285714285714,1.0,2135
900605181,13,106,49,162,2.163265306122449,0.6153846153846154,26602
123403587,9,72,49,78,1.469387755102041,0.6666666666666666,15882
1827010079,3,19,11,25,1.7272727272727273,0.6666666666666666,3989
237746071,5,23,28,31,0.8214285714285714,0.2,9848
315922268,1,9,9,24,1.0,0.0,2011
366861640,5,27,38,57,0.7105263157894737,0.4,9926
145596499,7,91,44,79,2.0681818181818183,0.5714285714285714,11638
427765127,4,21,22,41,0.9545454545454546,0.75,6933
126655148,4,15,26,17,0.5769230769230769,0.0,5932
861808217,3,28,11,27,2.5454545454545454,0.6666666666666666,5697
399962998,9,37,53,89,0.6981132075471698,0.6666666666666666,17512
125640589,5,22,39,64,0.5641025641025641,0.2,9337
1100197915,9,59,68,81,0.8676470588235294,0.5555555555555556,15298
1865340773,4,18,22,31,0.8181818181818182,0.5,6934
1395432137,2,22,5,34,4.4,1.0,3745
1883365566,3,28,16,26,1.75,0.6666666666666666,5185
150558972,4,10,15,27,0.6666666666666666,0.75,5883
1277629152,9,44,50,68,0.88,0.3333333333333333,16289
176077109,19,108,129,237,0.8372093023255814,0.5789473684210527,32591
160926571,12,95,90,157,1.0555555555555556,0.5,23495
284870226,13,117,47,98,2.4893617021276597,0.6153846153846154,19404
139810330,4,34,18,47,1.8888888888888888,0.75,7262
205525871,9,62,49,126,1.2653061224489797,0.5555555555555556,17003
1927563196,12,49,95,142,0.5157894736842106,0.5,21749
415301036,4,21,29,20,0.7241379310344828,0.0,7929
1169534488,9,74,52,157,1.4230769230769231,0.6666666666666666,17497
241911976,7,60,52,77,1.1538461538461537,0.5714285714285714,13275
82571600,15,123,88,142,1.3977272727272727,0.6,25046
114166172,3,9,24,38,0.375,0.3333333333333333,5458
43699349,7,24,50,68,0.48,0.5714285714285714,11603
248353052,5,14,21,60,0.6666666666666666,0.4,9892
317051292,2,13,15,19,0.8666666666666667,0.0,3287
430166196,10,119,77,97,1.5454545454545454,0.5,19596
395364581,3,14,24,35,0.5833333333333334,0.6666666666666666,4737
176819236,7,43,41,59,1.048780487804878,0.14285714285714285,12670
1100407667,11,72,60,119,1.2,0.5454545454545454,18802
1196652010,2,9,9,17,1.0,0.5,4527
156102394,2,14,7,20,2.0,0.5,4045
361641236,3,36,11,23,3.272727272727273,0.6666666666666666,6056
445350335,4,47,16,36,2.9375,0.0,7889
1673330534,6,67,25,70,2.68,0.5,11485
1014139598,2,12,18,23,0.6666666666666666,0.5,4182
1754872492,11,83,41,107,2.024390243902439,0.9090909090909091,15391
892280427,7,23,64,56,0.359375,0.14285714285714285,15310
175381831,7,41,25,113,1.64,0.5714285714285714,13412
54151884,10,79,73,102,1.082191780821918,0.5,16157
210271590,11,53,65,103,0.8153846153846154,0.2727272727272727,19844
1098827091,6,59,38,82,1.5526315789473684,0.8333333333333334,11493
1798292113,5,25,28,38,0.8928571428571429,0.4,8811
900361691,8,63,49,72,1.2857142857142858,0.625,14555
1250615230,3,11,15,34,0.7333333333333333,0.6666666666666666,5493
1210056867,4,36,21,32,1.7142857142857142,0.25,7447
1379380193,8,54,45,66,1.2,0.375,11054
1845192246,2,7,11,6,0.6363636363636364,0.0,2746
970045709,6,47,31,93,1.5161290322580645,0.8333333333333334,11493
1868630606,9,84,51,73,1.6470588235294117,0.5555555555555556,16405
153149464,13,86,104,114,0.8269230769230769,0.38461538461538464,23299
119338329,11,51,84,126,0.6071428571428571,0.5454545454545454,19837
1091764915,2,14,12,34,1.1666666666666667,1.0,4161
184086004,2,10,16,22,0.625,0.5,3365
891136769,3,20,17,20,1.1764705882352942,0.0,5161
1783776897,2,20,7,12,2.857142857142857,0.0,3744
1052183716,4,13,30,38,0.43333333333333335,0.5,6886
188438140,9,93,41,80,2.268292682926829,0.8888888888888888,15984
447351206,6,27,30,53,0.9,0.5,11356
189119821,6,42,45,54,0.9333333333333333,0.6666666666666666,10776
1162378917,6,48,25,68,1.92,0.8333333333333334,12129
108501357,1,5,10,5,0.5,0.0,1734
333879309,2,18,6,32,3.0,0.5,3683
173357955,8,69,74,63,0.9324324324324325,0.375,15673
128001719,7,35,31,77,1.1290322580645162,0.5714285714285714,12360
1874627825,5,51,42,33,1.2142857142857142,0.4,9171
12379364,7,36,43,102,0.8372093023255814,0.42857142857142855,14007
301093950,1,14,2,15,7.0,1.0,2200
1403076240,4,18,23,33,0.782608695652174,0.25,6494
325425411,5,38,15,44,2.533333333333333,0.0,8377
454912854,5,36,27,51,1.3333333333333333,0.6,8801
164072337,6,53,38,67,1.394736842105263,0.3333333333333333,11791
1178865773,8,47,23,88,2.0434782608695654,0.625,14575
158566162,8,58,26,81,2.230769230769231,0.625,13386
61736343,3,17,10,25,1.7,0.3333333333333333,5607
1007730265,4,23,29,42,0.7931034482758621,0.5,7608
49713231,12,66,76,133,0.868421052631579,0.4166666666666667,25668
274876880,6,33,35,51,0.9428571428571428,0.16666666666666666,9905
1910169214,7,56,35,87,1.6,0.42857142857142855,12623
153741640,5,41,29,69,1.4137931034482758,0.4,8963
144449790,12,144,86,102,1.6744186046511629,0.5833333333333334,22425
1245152876,4,24,19,19,1.263157894736842,0.0,7139
190919051,5,22,29,24,0.7586206896551724,0.4,7626
846383258,5,18,32,34,0.5625,0.4,7792
855398945,8,67,33,95,2.0303030303030303,0.625,13270
44234535,6,54,53,81,1.0188679245283019,0.6666666666666666,11670
1048763171,9,70,56,94,1.25,0.6666666666666666,15237
407786402,10,98,54,109,1.8148148148148149,0.5,17213
1779852249,7,41,41,49,1.0,0.2857142857142857,12515
121317057,12,47,80,141,0.5875,0.5,22387
440103300,1,4,15,17,0.26666666666666666,0.0,2618
321562658,10,81,56,113,1.4464285714285714,0.6,15409
50529509,10,72,55,68,1.309090909090909,0.5,16700
1864514856,10,193,49,89,3.938775510204082,0.5,19342
896909867,5,24,22,69,1.0909090909090908,0.6,7980
1288817918,5,29,15,47,1.9333333333333333,0.6,8794
1174729006,1,3,5,7,0.6,0.0,1736
1832319597,12,57,71,159,0.8028169014084507,0.4166666666666667,21381
1049966963,9,58,68,126,0.8529411764705882,0.4444444444444444,16097
295170811,12,101,55,157,1.8363636363636364,0.9166666666666666,22448
1591197043,4,22,11,29,2.0,0.75,6317
5180125,4,28,18,63,1.5555555555555556,0.75,7040
238401462,7,114,35,104,3.257142857142857,1.0,11954
384954351,9,77,39,91,1.9743589743589745,0.5555555555555556,16918
1128820087,5,33,44,17,0.75,0.2,8370
444231065,1,6,11,6,0.5454545454545454,0.0,1736
478861895,6,58,19,60,3.0526315789473686,0.5,11531
210047997,2,11,7,21,1.5714285714285714,0.5,4459
1102427686,10,45,42,99,1.0714285714285714,0.4,20011
335925433,1,6,8,19,0.75,1.0,2230
1153180721,3,33,12,41,2.75,1.0,6160
1381066091,9,84,97,87,0.865979381443299,0.2222222222222222,19389
1415568308,3,27,14,29,1.9285714285714286,0.3333333333333333,5625
1266959976,8,80,25,94,3.2,0.125,14681
200874500,4,42,23,54,1.826086956521739,0.5,7791
1872447203,11,52,71,139,0.7323943661971831,0.7272727272727273,18658
190395246,6,34,19,57,1.7894736842105263,0.6666666666666666,10394
1842303299,5,27,30,49,0.9,0.4,8769
74015865,3,13,12,33,1.0833333333333333,0.3333333333333333,5948
1512014406,7,62,41,86,1.5121951219512195,0.8571428571428571,12760
1573124798,17,92,147,168,0.6258503401360545,0.47058823529411764,32220
890773090,7,64,37,67,1.7297297297297298,0.5714285714285714,12395
327532620,3,17,9,19,1.8888888888888888,0.3333333333333333,4890
131205667,6,46,43,66,1.069767441860465,0.5,10358
140963657,21,65,116,240,0.5603448275862069,0.42857142857142855,37339
873018307,8,37,22,80,1.6818181818181819,0.625,16127
895588232,11,75,59,142,1.271186440677966,0.6363636363636364,20620
342100891,11,61,44,134,1.3863636363636365,0.7272727272727273,18792
1123836591,10,62,71,139,0.8732394366197183,0.6,18693
1839188810,6,46,37,84,1.2432432432432432,0.5,11817
30917829,7,46,40,89,1.15,0.7142857142857143,13958
882871240,3,16,20,23,0.8,0.3333333333333333,4873
266271076,1,4,5,19,0.8,1.0,1707
179974390,1,11,9,19,1.2222222222222223,1.0,2043
355549809,2,7,19,9,0.3684210526315789,0.0,3455
1845811046,7,59,44,55,1.3409090909090908,0.5714285714285714,11387
337525944,4,26,34,27,0.7647058823529411,0.25,7544
185143050,11,84,61,67,1.3770491803278688,0.45454545454545453,19051
874587572,2,13,12,10,1.0833333333333333,0.0,3378
87624911,17,130,108,162,1.2037037037037037,0.23529411764705882,29336
157085743,2,14,7,36,2.0,1.0,4169
91484677,11,69,72,109,0.9583333333333334,0.2727272727272727,19012
1560813098,5,29,19,50,1.5263157894736843,0.4,10051
1839845954,12,90,69,103,1.3043478260869565,0.4166666666666667,25984
180434379,4,25,20,43,1.25,0.5,7859
164065896,9,68,47,84,1.446808510638298,0.6666666666666666,17045
216836786,2,8,12,12,0.6666666666666666,0.5,3176
895417629,6,58,34,90,1.7058823529411764,0.8333333333333334,13193
1745708053,9,67,58,83,1.1551724137931034,0.5555555555555556,15704
148781188,4,22,27,31,0.8148148148148148,0.5,7142
1141067246,20,144,91,181,1.5824175824175823,0.5,36986
298155885,7,69,47,97,1.4680851063829787,0.5714285714285714,11856
337523871,10,94,20,123,4.7,0.6,17489
179221823,7,55,43,61,1.2790697674418605,0.7142857142857143,12857
1124022148,3,34,8,47,4.25,1.0,5551
220040449,6,30,48,37,0.625,0.3333333333333333,8286
1926323581,11,79,52,133,1.5192307692307692,0.45454545454545453,20475
1925726161,11,62,62,164,1.0,0.45454545454545453,20475
108815945,7,53,56,100,0.9464285714285714,0.7142857142857143,12366
889372521,8,57,40,86,1.425,0.25,15428
252832167,1,2,9,7,0.2222222222222222,0.0,2005
293806106,4,21,30,27,0.7,0.5,7859
115477035,13,100,41,162,2.4390243902439024,0.6923076923076923,23307
44307921,2,11,10,27,1.1,0.5,4069
385482964,3,36,13,35,2.769230769230769,1.0,5312
899280998,1,0,2,0,0.0,0.0,845
1243852454,5,45,32,62,1.40625,0.6,8889
1056512979,5,28,22,77,1.2727272727272727,0.8,8988
1908454981,7,55,15,113,3.6666666666666665,1.0,13300
1548410234,2,15,34,13,0.4411764705882353,0.0,3736
243119652,6,33,37,43,0.8918918918918919,0.6666666666666666,8958
1258973744,12,113,73,104,1.547945205479452,0.3333333333333333,22358
211510825,11,112,61,105,1.8360655737704918,0.45454545454545453,20703
238022169,3,24,23,35,1.0434782608695652,0.0,7354
437926883,2,29,10,24,2.9,0.5,3873
1115903684,3,9,15,20,0.6,0.3333333333333333,4379
83326473,7,25,42,40,0.5952380952380952,0.2857142857142857,11830
434052154,5,52,40,54,1.3,0.6,8462
462903757,16,96,84,111,1.1428571428571428,0.25,28969
1024026045,13,79,45,104,1.7555555555555555,0.5384615384615384,20856
1841671946,1,4,0,17,4.0,1.0,1898
1529829716,9,22,31,94,0.7096774193548387,0.3333333333333333,13602
1741319844,11,103,53,108,1.9433962264150944,0.6363636363636364,18627
1862559855,8,61,73,83,0.8356164383561644,0.5,14584
103017366,8,38,53,54,0.7169811320754716,0.25,15204
1110347672,5,46,27,40,1.7037037037037037,0.2,8823
120318446,6,25,32,70,0.78125,0.5,9861
91589411,5,53,24,52,2.2083333333333335,0.4,10407
446950855,8,72,36,90,2.0,0.625,15785
1086792238,1,3,7,4,0.42857142857142855,0.0,1982
888030249,9,69,46,76,1.5,0.5555555555555556,15744
957234943,10,44,61,131,0.7213114754098361,0.5,20099
366624233,1,10,6,14,1.6666666666666667,1.0,2101
1412200969,7,26,45,39,0.5777777777777777,0.2857142857142857,10567
1463723173,3,37,22,27,1.6818181818181819,0.3333333333333333,6519
316493111,11,95,65,127,1.4615384615384615,0.2727272727272727,24342
373608909,3,25,23,24,1.0869565217391304,0.0,4727
273428056,1,8,12,4,0.6666666666666666,0.0,2025
150454049,6,42,31,67,1.3548387096774193,0.5,10802
311672893,1,10,6,15,1.6666666666666667,1.0,1924
364685282,2,33,13,21,2.5384615384615383,0.0,4033
65552385,5,25,17,42,1.4705882352941178,0.4,8595
240942631,5,27,20,42,1.35,0.6,8671
165560339,7,26,33,75,0.7878787878787878,0.5714285714285714,12075
1922425418,14,80,90,143,0.8888888888888888,0.42857142857142855,27660
157804248,1,9,4,15,2.25,1.0,2250
1028137021,16,89,86,130,1.0348837209302326,0.375,27661
838920648,3,25,19,24,1.3157894736842106,0.3333333333333333,5510
151503194,8,30,71,52,0.4225352112676056,0.25,15183
44122052,3,21,6,33,3.5,0.3333333333333333,6286
1105473935,6,26,44,58,0.5909090909090909,0.3333333333333333,11285
87839692,14,88,101,155,0.8712871287128713,0.7142857142857143,22110
173444968,11,63,73,98,0.863013698630137,0.6363636363636364,19920
450871828,13,62,49,186,1.2653061224489797,0.6923076923076923,24858
224623791,12,93,76,143,1.2236842105263157,0.6666666666666666,22922
1009357670,4,32,11,53,2.909090909090909,0.75,7650
1864276769,14,84,59,179,1.423728813559322,0.6428571428571429,24191
108022471,4,36,11,46,3.272727272727273,0.75,8258
27406990,2,13,10,6,1.3,0.0,3226
1091074512,4,25,23,57,1.0869565217391304,0.25,7255
210177079,11,66,41,124,1.6097560975609757,0.5454545454545454,20265
117151746,9,64,38,135,1.6842105263157894,0.6666666666666666,16654
1175660171,2,8,9,7,0.8888888888888888,0.0,3541
12896754,2,11,17,31,0.6470588235294118,0.5,3763
144112705,3,19,13,34,1.4615384615384615,0.6666666666666666,6761
886287170,3,24,18,40,1.3333333333333333,0.6666666666666666,6111
1611512492,10,65,94,108,0.6914893617021277,0.4,18727
166347564,4,30,23,45,1.3043478260869565,0.75,7344
1551899522,9,34,59,77,0.576271186440678,0.3333333333333333,14308
1833901250,3,24,27,24,0.8888888888888888,0.0,5776
1925530166,4,20,27,34,0.7407407407407407,0.25,6320
1920438233,4,12,29,54,0.41379310344827586,0.25,7398
60470944,6,55,35,67,1.5714285714285714,0.3333333333333333,11994
143073372,10,106,44,128,2.409090909090909,0.7,17629
432632058,3,27,13,44,2.076923076923077,1.0,5103
96398669,5,38,17,51,2.235294117647059,0.6,7680
141706498,8,61,45,109,1.3555555555555556,0.25,15433
329035753,3,28,17,35,1.6470588235294117,0.3333333333333333,5711
97652111,8,52,52,91,1.0,0.375,15221
399027439,1,3,9,6,0.3333333333333333,0.0,1539
1805036873,7,51,19,95,2.6842105263157894,0.8571428571428571,11517
1912069048,6,72,48,59,1.5,0.3333333333333333,11284
1895769361,11,63,58,121,1.0862068965517242,0.45454545454545453,19555
1576723802,10,59,61,80,0.9672131147540983,0.2,19070
183746488,4,41,18,45,2.2777777777777777,0.5,8286
1022274455,4,22,26,47,0.8461538461538461,0.0,7166
59313281,3,12,13,35,0.9230769230769231,1.0,5010
1620386639,3,18,17,37,1.0588235294117647,0.6666666666666666,5351
1065996175,6,67,22,74,3.0454545454545454,0.6666666666666666,10405
1845062151,9,31,31,95,1.0,0.6666666666666666,15769
924812291,6,48,30,83,1.6,0.6666666666666666,10405
1826547273,2,23,7,27,3.2857142857142856,1.0,3533
488141740,18,147,80,197,1.8375,0.5555555555555556,31980
847804960,3,9,28,17,0.32142857142857145,0.0,5354
318194745,5,43,29,44,1.4827586206896552,0.2,10874
1059508576,3,30,19,27,1.5789473684210527,0.3333333333333333,4963
241312861,1,2,1,3,2.0,0.0,905
1066002321,5,18,21,21,0.8571428571428571,0.2,8546
1085734738,1,14,3,14,4.666666666666667,1.0,1912
426611054,6,34,30,74,1.1333333333333333,0.5,10839
96544316,3,21,22,18,0.9545454545454546,0.3333333333333333,6175
119358588,8,38,39,65,0.9743589743589743,0.5,13446
89583339,9,102,65,91,1.5692307692307692,0.2222222222222222,17195
55126821,1,6,5,14,1.2,1.0,1919
925626863,6,53,25,91,2.12,0.6666666666666666,13029
1920710127,10,47,57,91,0.8245614035087719,0.2,16510
342598421,2,18,12,15,1.5,0.5,3250
1865399173,13,80,78,155,1.0256410256410255,0.46153846153846156,26011
404130420,3,21,22,18,0.9545454545454546,0.0,5564
108710262,15,136,75,177,1.8133333333333332,0.4,25210
1133672306,1,5,1,18,5.0,1.0,1725
176007261,1,6,4,8,1.5,1.0,1652
83594771,5,29,18,37,1.6111111111111112,0.8,8509
25821887,8,80,46,56,1.7391304347826086,0.5,13084
140824423,12,70,91,139,0.7692307692307693,0.4166666666666667,24437
1711030490,10,77,105,112,0.7333333333333333,0.3,16223
1586879217,7,93,35,52,2.657142857142857,0.8571428571428571,12880
1891938420,10,46,97,131,0.4742268041237113,0.3,16223
1698335397,6,46,34,79,1.3529411764705883,0.6666666666666666,12015
301648888,3,8,15,41,0.5333333333333333,0.6666666666666666,4900
922171629,1,8,6,2,1.3333333333333333,0.0,1959
148361928,8,44,44,74,1.0,0.125,14736
238518802,1,2,1,10,2.0,1.0,1544
1150035333,7,53,45,73,1.1777777777777778,0.5714285714285714,11462
402272877,2,14,4,11,3.5,0.5,2723
987712322,8,26,44,74,0.5909090909090909,0.875,13283
1054418759,8,66,60,85,1.1,0.625,14064
185368295,2,8,7,8,1.1428571428571428,0.0,3882
123756868,9,35,64,99,0.546875,0.5555555555555556,16549
253738377,15,134,134,102,1.0,0.26666666666666666,28706
238783017,3,29,15,17,1.9333333333333333,0.3333333333333333,5723
159068073,5,45,14,53,3.2142857142857144,0.6,9288
117629808,2,2,12,3,0.16666666666666666,0.0,2382
859118081,7,37,48,43,0.7708333333333334,0.42857142857142855,12158
1016689973,8,33,39,54,0.8461538461538461,0.375,13043
1299785813,2,5,10,10,0.5,1.0,3944
96595473,3,33,13,38,2.5384615384615383,0.6666666666666666,5141
173445172,2,12,5,36,2.4,1.0,3288
53194758,4,24,24,34,1.0,0.0,7478
1046265586,1,9,12,16,0.75,0.0,2321
119464217,4,13,18,37,0.7222222222222222,0.25,8323
379059601,8,31,30,106,1.0333333333333334,0.5,13855
296995168,2,6,16,22,0.375,0.0,4621
107406609,2,7,9,18,0.7777777777777778,0.0,3606
885386861,3,18,12,25,1.5,0.6666666666666666,5720
1419449444,4,19,23,43,0.8260869565217391,0.5,7181
97377256,5,11,13,41,0.8461538461538461,0.2,7465
16435195,8,50,61,59,0.819672131147541,0.625,15441
390479281,16,126,112,143,1.125,0.4375,28790
1595498032,8,109,29,88,3.7586206896551726,0.75,13120
849632103,1,2,4,11,0.5,1.0,1878
67773536,1,13,4,19,3.25,1.0,2965
1384119774,3,19,18,34,1.0555555555555556,0.3333333333333333,5896
65285918,5,25,24,55,1.0416666666666667,0.0,11146
101258013,4,50,33,56,1.5151515151515151,0.5,8974
1055301178,4,31,22,37,1.4090909090909092,0.5,7101
69551100,5,27,32,61,0.84375,0.4,9376
1174405729,1,5,3,11,1.6666666666666667,1.0,1308
332303831,8,36,61,88,0.5901639344262295,0.625,16819
452555721,4,33,17,47,1.9411764705882353,0.75,6854
1862446802,1,4,10,6,0.4,0.0,1492
1176357514,3,24,23,26,1.0434782608695652,0.3333333333333333,5134
1896932924,8,49,41,65,1.1951219512195121,0.375,14312
1167486585,1,0,2,22,0.0,1.0,1738
443128000,4,27,24,29,1.125,0.5,8217
1061398268,11,73,72,121,1.0138888888888888,0.2727272727272727,19933
14231343,10,76,83,99,0.9156626506024096,0.4,20528
289984956,17,74,116,124,0.6379310344827587,0.29411764705882354,27656
884800301,6,19,31,23,0.6129032258064516,0.3333333333333333,9000
1140097740,5,36,33,79,1.0909090909090908,0.8,9461
119035214,3,17,24,31,0.7083333333333334,0.3333333333333333,5658
1762695496,1,8,2,8,4.0,1.0,1545
1588365521,1,16,9,10,1.7777777777777777,1.0,1861
1250228637,5,45,30,54,1.5,0.0,11039
1661328613,4,13,11,35,1.1818181818181819,0.25,7753
135846967,3,34,16,50,2.125,0.6666666666666666,5860
340982347,1,7,6,9,1.1666666666666667,1.0,1959
295713867,2,10,9,18,1.1111111111111112,0.5,3733
1482647580,4,30,6,76,5.0,1.0,7242
343528896,8,39,53,86,0.7358490566037735,0.375,14268
86083815,6,32,38,71,0.8421052631578947,0.5,10118
193289862,7,71,24,99,2.9583333333333335,0.7142857142857143,14417
181577898,10,46,52,100,0.8846153846153846,0.3,17203
174042857,6,71,21,49,3.380952380952381,0.6666666666666666,12373
160829871,3,17,23,30,0.7391304347826086,0.3333333333333333,5144
254940443,1,4,6,1,0.6666666666666666,0.0,1702
384653741,9,39,51,133,0.7647058823529411,0.5555555555555556,18492
1173329247,3,23,4,36,5.75,1.0,5806
837058017,4,28,22,50,1.2727272727272727,0.75,7979
1200745973,13,85,73,98,1.1643835616438356,0.46153846153846156,22017
394888463,5,18,18,52,1.0,0.6,9416
1846180210,6,65,35,90,1.8571428571428572,0.8333333333333334,11015
1120655375,1,20,3,16,6.666666666666667,1.0,1745
151659980,7,49,33,92,1.4848484848484849,0.7142857142857143,13302
108135668,8,42,52,89,0.8076923076923077,0.5,14718
150318297,3,19,20,37,0.95,0.3333333333333333,7503
119178263,1,2,9,9,0.2222222222222222,1.0,1934
60868576,8,40,55,45,0.7272727272727273,0.25,15016
904121169,3,26,15,23,1.7333333333333334,1.0,5971
907650290,2,14,11,15,1.2727272727272727,0.5,3581
114452421,7,70,28,89,2.5,0.7142857142857143,13302
328475680,5,40,38,46,1.0526315789473684,0.4,10215
81622017,11,56,82,66,0.6829268292682927,0.2727272727272727,19882
1729666815,1,6,5,16,1.2,1.0,2259
104030097,11,34,65,77,0.5230769230769231,0.2727272727272727,17595
434156679,11,66,42,74,1.5714285714285714,0.2727272727272727,17595
67223012,3,19,12,41,1.5833333333333333,1.0,5871
75707134,3,22,21,37,1.0476190476190477,0.6666666666666666,7011
48782900,8,89,32,103,2.78125,0.375,16000
169943494,3,26,17,12,1.5294117647058822,0.0,5424
1686411392,4,37,19,38,1.9473684210526316,0.75,8605
339976259,13,54,60,97,0.9,0.5384615384615384,22599
224860494,17,126,93,144,1.3548387096774193,0.35294117647058826,33496
55297093,8,73,33,80,2.212121212121212,0.375,16183
1715337879,2,22,15,23,1.4666666666666666,0.0,4195
1924675708,14,182,34,87,5.352941176470588,0.8571428571428571,20441
1926422616,7,63,40,84,1.575,0.5714285714285714,12466
1924808882,8,28,42,78,0.6666666666666666,0.125,15435
352231929,2,5,10,42,0.5,1.0,3549
136497875,14,93,60,105,1.55,0.42857142857142855,25230
347624260,6,37,30,76,1.2333333333333334,0.6666666666666666,10487
37635280,2,16,17,13,0.9411764705882353,1.0,4006
957622850,10,74,69,123,1.0724637681159421,0.5,19531
394096290,17,95,66,172,1.4393939393939394,0.47058823529411764,29165
195257679,2,11,17,32,0.6470588235294118,1.0,4063
162425986,20,114,116,167,0.9827586206896551,0.4,35112
108264063,5,14,28,43,0.5,0.4,9187
39366096,5,21,23,70,0.9130434782608695,0.8,10461
1862853193,1,8,11,18,0.7272727272727273,1.0,2253
1108205529,10,77,34,108,2.264705882352941,0.8,14938
381164128,4,9,26,64,0.34615384615384615,0.25,7505
1113450763,8,53,27,81,1.962962962962963,0.5,12887
188859483,5,51,27,101,1.8888888888888888,0.8,10621
86240532,3,17,20,43,0.85,0.6666666666666666,5554
111701409,8,33,39,78,0.8461538461538461,0.75,13473
60519323,8,59,63,76,0.9365079365079365,0.5,15230
1087671133,3,35,16,26,2.1875,0.3333333333333333,6020
357201240,5,26,33,56,0.7878787878787878,0.4,8750
25766064,9,48,60,89,0.8,0.2222222222222222,15947
7984905,13,60,95,173,0.631578947368421,0.3076923076923077,28244
839143344,5,16,51,33,0.3137254901960784,0.4,8750
1693875968,4,24,27,46,0.8888888888888888,0.75,6647
1176424269,3,13,9,35,1.4444444444444444,1.0,4725
145295169,3,32,23,43,1.391304347826087,0.6666666666666666,6453
1106494840,6,23,24,33,0.9583333333333334,0.3333333333333333,9100
230796169,10,29,51,84,0.5686274509803921,0.4,18156
69817883,3,25,23,55,1.0869565217391304,0.6666666666666666,6699
254150033,5,29,35,51,0.8285714285714286,0.4,9816
1687367231,5,46,24,46,1.9166666666666667,0.4,9509
900513247,3,42,24,48,1.75,0.6666666666666666,5865
1068913860,9,55,42,82,1.3095238095238095,0.5555555555555556,13322
1048356191,11,78,61,95,1.278688524590164,0.2727272727272727,18389
1482595800,11,49,61,112,0.8032786885245902,0.2727272727272727,18389
1237927656,4,15,26,43,0.5769230769230769,0.5,7475
206767141,10,46,62,114,0.7419354838709677,0.4,19227
473604446,3,21,13,22,1.6153846153846154,0.3333333333333333,5701
184208894,10,46,63,114,0.7301587301587301,0.7,17804
1068873718,10,70,47,98,1.4893617021276595,0.5,16746
841682877,3,14,10,31,1.4,0.3333333333333333,5701
1754546093,3,27,13,40,2.076923076923077,0.6666666666666666,5839
1733381287,12,80,53,152,1.509433962264151,0.5,22171
1014394571,17,135,61,236,2.2131147540983607,0.5294117647058824,32585
1539012367,5,43,20,42,2.15,0.6,8762
398425116,4,18,28,17,0.6428571428571429,0.25,6341
873357744,4,38,32,42,1.1875,0.75,8503
91172996,3,20,11,19,1.8181818181818181,0.3333333333333333,4655
72260420,14,142,99,148,1.4343434343434343,0.7857142857142857,25740
93310330,4,17,19,28,0.8947368421052632,0.25,6341
326034836,1,2,0,0,2.0,0.0,739
139374319,3,15,19,42,0.7894736842105263,1.0,6464
158386956,5,38,27,38,1.4074074074074074,0.6,9170
258484467,2,3,8,30,0.375,0.5,3535
237219241,6,48,44,62,1.0909090909090908,0.3333333333333333,12398
233759171,2,9,5,27,1.8,0.5,3397
1922845034,5,31,26,46,1.1923076923076923,0.6,8358
907687060,6,36,31,51,1.1612903225806452,0.3333333333333333,11930
257210775,6,36,43,82,0.8372093023255814,0.5,11259
79336724,1,0,6,5,0.0,0.0,1516
1038443568,6,29,51,45,0.5686274509803921,0.3333333333333333,11930
1108152657,7,44,29,71,1.5172413793103448,0.42857142857142855,14335
274125728,4,13,32,36,0.40625,0.25,7158
853211285,13,94,85,140,1.1058823529411765,0.46153846153846156,24660
907114330,4,35,16,50,2.1875,1.0,8301
121322997,9,61,41,86,1.4878048780487805,0.4444444444444444,16459
1034713494,11,139,58,106,2.396551724137931,0.8181818181818182,19136
201550425,8,38,76,66,0.5,0.25,16083
129314095,10,41,42,143,0.9761904761904762,0.7,20067
916591497,4,33,14,44,2.357142857142857,0.5,7539
74864964,2,12,6,36,2.0,1.0,3509
170272303,4,31,12,64,2.5833333333333335,0.75,7777
1807540716,6,31,31,42,1.0,0.3333333333333333,11431
1083069423,2,9,24,17,0.375,0.0,4110
1126687027,1,10,10,4,1.0,0.0,1457
114273352,7,57,44,72,1.2954545454545454,0.5714285714285714,14304
11725797,4,15,15,61,1.0,0.5,7186
69321575,6,49,31,70,1.5806451612903225,0.5,11948
1296449134,4,31,27,42,1.1481481481481481,0.75,7251
132988008,3,7,23,20,0.30434782608695654,0.0,5355
1238293735,10,82,43,127,1.9069767441860466,0.5,17689
448618509,3,17,11,46,1.5454545454545454,0.6666666666666666,6144
1698175758,2,14,13,18,1.0769230769230769,0.5,3980
308420422,6,31,43,42,0.7209302325581395,0.3333333333333333,10589
125505784,4,26,22,58,1.1818181818181819,1.0,8286
975107953,7,46,37,60,1.2432432432432432,0.2857142857142857,13778
457931163,4,27,35,40,0.7714285714285715,0.25,6913
102495377,11,43,56,104,0.7678571428571429,0.2727272727272727,21870
887715845,3,24,24,30,1.0,0.3333333333333333,5212
149613091,3,13,22,10,0.5909090909090909,0.0,5334
968418691,3,28,26,22,1.0769230769230769,0.6666666666666666,6666
1057438293,5,59,34,61,1.7352941176470589,1.0,9042
83880883,22,121,174,185,0.6954022988505747,0.2727272727272727,38825
231766654,4,20,32,41,0.625,0.5,7735
99013125,8,36,36,99,1.0,0.5,15494
1653167506,2,31,15,24,2.066666666666667,0.0,4584
1236135390,4,19,16,36,1.1875,0.75,7710
1276314950,14,139,43,168,3.2325581395348837,0.7142857142857143,18650
1402444726,5,30,20,60,1.5,0.6,11421
117681285,5,37,17,51,2.176470588235294,0.4,9177
115071645,2,13,21,12,0.6190476190476191,0.0,3127
1146874782,3,44,6,33,7.333333333333333,0.6666666666666666,5274
1279995071,5,65,27,48,2.4074074074074074,0.8,9694
140919080,6,62,17,47,3.6470588235294117,0.6666666666666666,9737
99576706,7,56,34,103,1.6470588235294117,1.0,12096
1869096633,1,9,6,9,1.5,0.0,1751
1855222810,3,31,13,50,2.3846153846153846,1.0,6429
1861767755,4,36,34,24,1.0588235294117647,0.5,6765
1223276739,3,23,18,31,1.2777777777777777,0.3333333333333333,5928
101218177,2,14,10,36,1.4,0.5,4443
1077869616,4,27,16,61,1.6875,0.75,5678
308802177,8,58,38,82,1.5263157894736843,0.375,15101
1049261237,3,19,32,33,0.59375,0.3333333333333333,6092
114075864,3,27,16,36,1.6875,0.6666666666666666,6415
1312401382,1,3,7,5,0.42857142857142855,1.0,1719
951370173,6,36,41,65,0.8780487804878049,0.3333333333333333,10842
9829833,5,27,35,56,0.7714285714285715,0.6,9668
452519113,9,69,54,94,1.2777777777777777,0.3333333333333333,16849
308904428,7,35,32,85,1.09375,0.7142857142857143,12129
446930613,7,62,56,78,1.1071428571428572,0.42857142857142855,12818
190682016,10,96,28,120,3.4285714285714284,0.6,17879
193743052,2,7,15,16,0.4666666666666667,0.0,3789
200057040,1,5,6,7,0.8333333333333334,0.0,2129
42771215,8,35,42,101,0.8333333333333334,0.625,14766
850258514,5,30,16,48,1.875,0.6,9206
1025424848,2,20,9,27,2.2222222222222223,1.0,3564
379745391,2,6,17,19,0.35294117647058826,0.0,3996
1009703898,8,84,53,116,1.5849056603773586,0.875,13722
118903322,5,40,23,32,1.7391304347826086,0.4,8640
890192275,7,61,51,67,1.196078431372549,0.42857142857142855,11747
889457024,1,1,5,9,0.2,1.0,1521
107632839,6,39,33,78,1.1818181818181819,0.5,10907
1833374590,3,25,12,19,2.0833333333333335,0.6666666666666666,5361
58256774,2,12,7,15,1.7142857142857142,0.5,3330
457689577,2,14,12,22,1.1666666666666667,0.5,4235
409056238,10,96,40,113,2.4,0.6,16134
1192612644,1,7,10,5,0.7,1.0,1779
1610906733,3,16,18,32,0.8888888888888888,0.3333333333333333,5790
1150831835,11,52,77,113,0.6753246753246753,0.5454545454545454,18652
201903449,4,29,11,51,2.6363636363636362,1.0,6914
1589676954,9,82,24,66,3.4166666666666665,0.6666666666666666,12302
301329872,3,21,24,20,0.875,0.3333333333333333,6174
255932485,3,15,20,30,0.75,0.3333333333333333,5544
1051702046,3,21,26,26,0.8076923076923077,0.6666666666666666,5147
884850823,8,59,68,88,0.8676470588235294,0.5,15325
158664243,4,14,32,55,0.4375,0.5,7379
1255354474,5,58,16,43,3.625,0.6,7952
400239835,5,46,40,76,1.15,0.6,9844
363000769,4,36,11,46,3.272727272727273,1.0,5681
87037994,3,10,29,32,0.3448275862068966,0.3333333333333333,6189
45745253,12,42,67,120,0.6268656716417911,0.5833333333333334,22536
43104332,7,55,25,89,2.2,0.8571428571428571,12058
1028635834,3,21,19,48,1.105263157894737,0.6666666666666666,5929
25017556,8,60,43,112,1.3953488372093024,0.625,14055
66538054,3,23,14,30,1.6428571428571428,0.3333333333333333,6196
872024777,3,15,6,36,2.5,1.0,5488
878429321,1,11,8,9,1.375,1.0,1757
105873903,9,69,52,77,1.3269230769230769,0.4444444444444444,18146
108960927,4,17,23,63,0.7391304347826086,0.5,7849
105314754,1,8,1,14,8.0,1.0,1757
84769740,2,34,10,21,3.4,1.0,3953
1755014456,3,19,19,19,1.0,0.3333333333333333,4666
97282856,3,27,17,65,1.588235294117647,0.6666666666666666,5728
1871739088,9,84,78,85,1.0769230769230769,0.3333333333333333,18139
317225634,5,36,35,46,1.0285714285714285,0.4,9329
1015901133,2,8,14,24,0.5714285714285714,0.5,3461
309775467,9,51,71,98,0.7183098591549296,0.5555555555555556,17194
1055630841,2,5,14,21,0.35714285714285715,0.5,3576
85510914,9,66,62,115,1.064516129032258,0.4444444444444444,17032
346413789,5,23,21,57,1.0952380952380953,0.4,9844
299442935,3,21,22,33,0.9545454545454546,0.3333333333333333,5884
919887968,2,11,13,29,0.8461538461538461,0.5,3246
173383867,4,28,16,52,1.75,0.75,7604
141914289,7,64,39,61,1.641025641025641,0.8571428571428571,13462
1847107945,4,37,22,30,1.6818181818181819,0.5,7821
1838056450,5,55,26,52,2.1153846153846154,1.0,10101
1910557488,6,42,34,76,1.2352941176470589,0.6666666666666666,12693
1240686140,5,39,16,49,2.4375,0.6,9232
328181450,5,26,21,60,1.2380952380952381,1.0,9203
217787394,2,11,4,17,2.75,1.0,2238
85353428,3,18,8,39,2.25,0.6666666666666666,5850
1826179440,14,95,129,81,0.7364341085271318,0.42857142857142855,24840
1036625634,3,18,14,25,1.2857142857142858,0.6666666666666666,5068
245682804,4,25,16,51,1.5625,0.75,6564
446919781,7,76,33,78,2.303030303030303,0.7142857142857143,11784
151913358,10,59,61,82,0.9672131147540983,0.4,16374
54768214,3,12,16,14,0.75,0.3333333333333333,5006
1855409428,18,121,95,147,1.2736842105263158,0.3333333333333333,33472
1877408615,10,68,60,133,1.1333333333333333,0.6,20129
1834638009,6,38,44,67,0.8636363636363636,0.6666666666666666,10337
148319868,14,108,72,152,1.5,0.7857142857142857,21968
1264618262,2,16,6,42,2.6666666666666665,0.5,3508
1272586127,7,46,49,66,0.9387755102040817,0.42857142857142855,14723
855666586,10,58,51,94,1.1372549019607843,0.4,16460
1204411513,12,70,69,107,1.0144927536231885,0.4166666666666667,22392
35187362,10,107,46,84,2.3260869565217392,0.5,17747
1180548075,9,103,54,84,1.9074074074074074,0.2222222222222222,18106
52470434,9,50,51,113,0.9803921568627451,0.4444444444444444,15229
255389825,6,42,52,67,0.8076923076923077,0.3333333333333333,11305
1691663360,10,72,46,84,1.565217391304348,0.5,15891
236546029,4,51,16,43,3.1875,0.75,6284
1741618482,4,36,27,60,1.3333333333333333,1.0,7764
1513374494,1,10,7,20,1.4285714285714286,1.0,1826
215420799,9,64,46,105,1.391304347826087,0.4444444444444444,17526
1058993200,1,1,5,10,0.2,0.0,1845
1102763637,2,18,12,10,1.5,0.5,3426
123403438,10,45,54,90,0.8333333333333334,0.5,15891
306561903,3,12,16,31,0.75,0.0,5772
1080128109,6,30,29,63,1.0344827586206897,0.5,9776
900220895,2,22,4,32,5.5,0.5,4196
1298734275,5,27,16,73,1.6875,0.6,9002
123501991,17,161,73,130,2.2054794520547945,0.5882352941176471,29997
1473185955,4,51,7,52,7.285714285714286,1.0,6829
314353057,1,7,5,12,1.4,0.0,1947
479381439,8,83,46,65,1.8043478260869565,0.5,14489
135423337,7,41,28,55,1.4642857142857142,0.5714285714285714,12056
1291344841,4,17,17,31,1.0,0.25,6384
318845348,9,73,37,96,1.972972972972973,0.7777777777777778,15582
1402025343,8,29,39,117,0.7435897435897436,0.375,14910
1120368512,7,56,25,90,2.24,0.5714285714285714,10886
1195896640,5,41,31,42,1.3225806451612903,0.2,9780
1407215207,11,68,72,137,0.9444444444444444,0.5454545454545454,19642
914930368,25,163,100,241,1.63,0.52,43096
1144439143,5,38,26,52,1.4615384615384615,0.6,8377
1006448332,1,6,4,19,1.5,1.0,1895
934148390,3,23,19,44,1.2105263157894737,1.0,5614
1277112179,9,125,39,91,3.2051282051282053,0.8888888888888888,14370
313581868,5,28,33,27,0.8484848484848485,0.2,8020
1012333396,12,91,92,140,0.9891304347826086,0.6666666666666666,20511
98791792,2,10,14,20,0.7142857142857143,0.0,3277
1710092569,12,93,82,126,1.1341463414634145,0.5,21440
1192788248,3,31,17,36,1.8235294117647058,1.0,5534
912536727,3,32,30,28,1.0666666666666667,0.3333333333333333,6506
1923264925,4,36,25,40,1.44,0.5,7301
1921533507,1,2,11,9,0.18181818181818182,1.0,1936
1524856358,2,9,17,19,0.5294117647058824,0.0,3156
932345459,6,22,35,57,0.6285714285714286,0.6666666666666666,10839
842141322,1,9,11,6,0.8181818181818182,0.0,1621
896222182,5,97,19,76,5.105263157894737,0.4,10371
57946929,6,47,46,56,1.0217391304347827,0.3333333333333333,11034
908576621,6,46,24,96,1.9166666666666667,0.3333333333333333,12119
1063706305,12,95,56,156,1.6964285714285714,0.4166666666666667,23991
1169902492,3,11,7,18,1.5714285714285714,0.3333333333333333,4708
89359132,3,20,14,40,1.4285714285714286,0.3333333333333333,6099
1188176675,4,28,15,58,1.8666666666666667,0.5,6902
1044537010,7,32,42,100,0.7619047619047619,0.5714285714285714,12624
108256478,3,12,10,33,1.2,1.0,5322
178141594,10,89,61,67,1.459016393442623,0.6,15285
355039561,8,40,39,91,1.0256410256410255,0.5,13793
133308331,5,32,28,42,1.1428571428571428,0.2,9215
1428429599,8,43,66,99,0.6515151515151515,0.625,14564
298305257,10,99,37,99,2.675675675675676,0.6,16556
1858418893,9,62,56,95,1.1071428571428572,0.3333333333333333,16281
1820941475,4,8,27,25,0.2962962962962963,0.25,7380
1761948689,1,9,1,17,9.0,1.0,1737
80212743,4,45,24,32,1.875,0.5,7298
292207500,2,13,16,20,0.8125,0.5,3845
1854526514,3,7,14,38,0.5,0.3333333333333333,5238
484578785,6,41,33,79,1.2424242424242424,0.6666666666666666,12108
108697811,6,36,36,61,1.0,0.5,10866
24965988,1,1,2,6,0.5,1.0,796
1278687134,11,55,67,95,0.8208955223880597,0.36363636363636365,22064
1834147272,2,27,10,21,2.7,1.0,3156
1482863137,12,116,56,168,2.0714285714285716,0.75,21072
1914332050,2,24,5,23,4.8,1.0,3204
836686044,3,18,26,42,0.6923076923076923,0.6666666666666666,6392
1173162575,8,71,32,68,2.21875,0.75,16717
294711600,4,38,15,64,2.533333333333333,0.75,7421
97592257,4,23,30,20,0.7666666666666667,0.25,7281
1611527174,7,43,49,81,0.8775510204081632,0.42857142857142855,12046
1241963013,6,43,36,76,1.1944444444444444,0.6666666666666666,11245
144319754,7,38,49,75,0.7755102040816326,0.2857142857142857,12823
1020460618,4,22,25,50,0.88,0.5,7427
1846894490,4,28,10,43,2.8,0.75,7491
1085042500,7,53,29,65,1.8275862068965518,0.42857142857142855,11638
1117823798,10,63,78,120,0.8076923076923077,0.5,17595
1838823177,2,20,15,12,1.3333333333333333,1.0,3668
188187206,2,7,20,12,0.35,0.5,3628
1458200231,12,60,62,99,0.967741935483871,0.16666666666666666,21139
948433997,9,47,77,109,0.6103896103896104,0.5555555555555556,17417
1849224685,5,13,15,56,0.8666666666666667,0.2,7645
169653960,9,38,49,113,0.7755102040816326,0.5555555555555556,15111
1507152404,7,63,41,92,1.5365853658536586,0.7142857142857143,11661
289870230,1,8,9,19,0.8888888888888888,1.0,1892
419218588,2,19,6,11,3.1666666666666665,0.5,3644
345082251,3,10,18,33,0.5555555555555556,0.6666666666666666,5945
312427167,17,92,110,167,0.8363636363636363,0.5294117647058824,31216
36628053,13,81,76,102,1.0657894736842106,0.46153846153846156,23864
209823309,3,25,29,20,0.8620689655172413,0.3333333333333333,5019
32639412,8,16,37,79,0.43243243243243246,0.5,13049
191767332,13,81,46,166,1.7608695652173914,0.6923076923076923,21860
147382596,12,80,52,99,1.5384615384615385,0.25,21102
1672347538,22,172,148,183,1.162162162162162,0.3181818181818182,43743
1858272152,5,27,20,64,1.35,0.6,9139
149490427,4,15,25,25,0.6,0.25,7779
1004924841,5,18,14,18,1.2857142857142858,0.0,7633
1526032320,8,68,85,99,0.8,0.5,13943
1840902834,15,118,94,162,1.2553191489361701,0.5333333333333333,25881
1053934048,14,83,54,175,1.537037037037037,0.6428571428571429,25339
919863082,8,21,54,60,0.3888888888888889,0.375,14586
70777694,3,3,13,7,0.23076923076923078,0.3333333333333333,3345
897715761,4,52,28,51,1.8571428571428572,1.0,7302
914913299,6,49,24,71,2.0416666666666665,0.6666666666666666,9882
81662458,8,63,56,101,1.125,0.5,14392
1837701814,4,25,9,53,2.7777777777777777,0.75,7329
1151251755,8,52,26,99,2.0,0.5,13686
396957591,9,86,67,59,1.2835820895522387,0.3333333333333333,14985
145961401,1,6,8,11,0.75,0.0,1387
1583787100,1,7,5,20,1.4,1.0,1920
289346656,3,36,24,40,1.5,0.6666666666666666,6706
1423690634,3,22,17,55,1.2941176470588236,0.3333333333333333,5648
210429759,21,160,89,151,1.797752808988764,0.5714285714285714,38077
419694923,8,35,44,86,0.7954545454545454,0.375,15177
301594065,11,64,63,115,1.0158730158730158,0.5454545454545454,19169
311669027,2,11,19,33,0.5789473684210527,0.5,4281
1896902807,6,39,38,88,1.0263157894736843,0.8333333333333334,11622
1912649751,4,37,26,54,1.4230769230769231,0.5,7547
886865578,2,16,12,25,1.3333333333333333,1.0,3343
186795251,1,1,1,2,1.0,0.0,1603
135607384,2,13,14,7,0.9285714285714286,0.0,3211
234876699,10,16,62,67,0.25806451612903225,0.2,18903
119322639,3,10,24,36,0.4166666666666667,0.3333333333333333,5717
106116469,7,50,27,88,1.8518518518518519,0.42857142857142855,14339
118735826,14,57,137,170,0.41605839416058393,0.35714285714285715,25360
1602219635,2,14,9,32,1.5555555555555556,1.0,3548
219340567,3,25,13,25,1.9230769230769231,0.3333333333333333,5717
49971767,4,17,24,38,0.7083333333333334,0.25,7385
294889594,3,19,18,41,1.0555555555555556,0.6666666666666666,6291
1698289940,1,0,2,0,0.0,0.0,1448
99776842,3,35,20,47,1.75,1.0,6828
1195885529,7,56,40,80,1.4,0.5714285714285714,12782
461976624,3,53,9,38,5.888888888888889,1.0,5154
893813928,2,6,15,11,0.4,0.0,3532
83829524,3,21,18,27,1.1666666666666667,0.3333333333333333,5765
410753481,1,3,5,11,0.6,1.0,1447
1039089544,5,14,39,39,0.358974358974359,0.2,9647
104453049,2,10,3,15,3.3333333333333335,0.5,3945
202835210,7,67,48,99,1.3958333333333333,0.7142857142857143,12284
492192231,2,21,1,30,21.0,1.0,2637
1445682127,2,18,13,18,1.3846153846153846,0.0,4056
99506849,5,26,40,36,0.65,0.2,10247
1008985096,2,15,8,24,1.875,1.0,3817
34979158,9,90,47,75,1.9148936170212767,0.4444444444444444,17309
192013690,4,21,14,35,1.5,0.0,7450
926209578,7,36,43,50,0.8372093023255814,0.14285714285714285,12960
104472419,2,20,8,18,2.5,1.0,3175
1034046751,2,5,10,13,0.5,0.5,4033
1302836003,5,39,36,26,1.0833333333333333,0.6,9912
1030560812,2,11,17,13,0.6470588235294118,0.0,3262
165064062,1,12,10,21,1.2,0.0,2974
111002500,1,12,2,13,6.0,1.0,1698
210436679,5,17,24,40,0.7083333333333334,0.4,8574
143759902,3,21,29,24,0.7241379310344828,0.0,5998
891950309,3,8,11,29,0.7272727272727273,0.3333333333333333,5714
270544328,6,32,34,50,0.9411764705882353,0.5,11083
136898005,7,44,30,97,1.4666666666666666,0.5714285714285714,10991
1516971343,9,78,67,61,1.164179104477612,0.3333333333333333,16369
300886209,6,27,41,60,0.6585365853658537,0.3333333333333333,11607
60983647,5,35,41,46,0.8536585365853658,0.6,9966
1009279550,1,12,10,8,1.2,0.0,1847
370318526,6,42,23,67,1.826086956521739,0.6666666666666666,10059
1036665161,8,83,28,92,2.9642857142857144,0.5,15486
1861952447,5,56,21,97,2.6666666666666665,0.8,9339
116637144,9,104,54,108,1.9259259259259258,0.5555555555555556,17515
1852114301,5,45,29,46,1.5517241379310345,0.4,8871
121118127,1,13,2,10,6.5,1.0,2327
306685585,4,17,19,60,0.8947368421052632,1.0,7861
102949472,2,13,18,15,0.7222222222222222,0.5,4343
332637631,11,45,67,80,0.6716417910447762,0.45454545454545453,21727
1049109681,6,59,30,41,1.9666666666666666,0.16666666666666666,11469
470901605,6,58,39,41,1.4871794871794872,0.16666666666666666,11469
1067891102,5,23,40,43,0.575,0.4,8754
922761793,4,21,21,18,1.0,0.25,6572
119264432,8,52,37,99,1.4054054054054055,0.375,14139
392086095,5,39,29,57,1.3448275862068966,0.6,8180
54252138,1,13,3,24,4.333333333333333,1.0,2270
890929853,2,31,6,32,5.166666666666667,1.0,3658
121770017,2,13,14,24,0.9285714285714286,1.0,4033
1177774497,5,26,34,62,0.7647058823529411,0.4,9580
202443886,3,15,13,32,1.1538461538461537,0.6666666666666666,4848
85328115,9,45,54,54,0.8333333333333334,0.5555555555555556,16071
210160802,3,22,15,44,1.4666666666666666,0.6666666666666666,5668
389156861,3,22,22,14,1.0,0.3333333333333333,4358
1522309916,6,41,39,44,1.0512820512820513,0.3333333333333333,10523
1168757409,7,38,49,78,0.7755102040816326,0.8571428571428571,13177
978120226,11,94,77,122,1.2207792207792207,0.6363636363636364,21009
1003224477,10,56,73,117,0.7671232876712328,0.5,18824
1700511880,6,46,38,53,1.2105263157894737,0.5,10827
1220661351,6,24,42,59,0.5714285714285714,0.6666666666666666,9839
1734752566,1,5,1,16,5.0,1.0,1634
86278517,2,10,15,22,0.6666666666666666,1.0,3759
328646214,7,41,45,68,0.9111111111111111,0.42857142857142855,13714
66649287,3,9,23,26,0.391304347826087,0.0,5578
117326075,2,10,9,40,1.1111111111111112,1.0,4391
234001674,14,129,65,176,1.9846153846153847,0.5,25807
1085239986,7,42,25,82,1.68,0.42857142857142855,14048
86541004,4,30,23,34,1.3043478260869565,0.5,7730
1060549879,2,38,7,16,5.428571428571429,0.5,3838
3902614,2,11,13,20,0.8461538461538461,0.5,4063
323235963,2,11,9,11,1.2222222222222223,0.5,2530
194432944,4,25,17,65,1.4705882352941178,0.75,8344
99035008,6,41,36,47,1.1388888888888888,0.3333333333333333,12161
333533274,2,8,13,30,0.6153846153846154,0.5,4357
848422383,3,14,18,35,0.7777777777777778,0.6666666666666666,6319
327443073,9,67,61,67,1.098360655737705,0.1111111111111111,15488
215570979,15,123,82,145,1.5,0.4,30094
1869028605,8,80,53,94,1.509433962264151,0.625,15280
300523689,2,20,11,17,1.8181818181818181,0.5,3442
125982544,13,108,52,132,2.076923076923077,0.6153846153846154,24123
105553938,3,19,15,44,1.2666666666666666,1.0,5322
1595054265,8,46,40,99,1.15,0.5,13249
1737585336,5,42,34,69,1.2352941176470589,0.8,9631
1865622139,2,13,5,21,2.6,1.0,2946
1906433615,2,10,11,17,0.9090909090909091,0.5,3355
222969038,2,20,7,44,2.857142857142857,0.5,4390
1069137473,3,36,15,52,2.4,1.0,6582
34634349,8,44,51,68,0.8627450980392157,0.5,14462
173954507,1,3,9,9,0.3333333333333333,0.0,1621
127308683,15,74,87,109,0.8505747126436781,0.4,25475
1148310429,5,28,45,56,0.6222222222222222,0.6,8675
1575345996,3,23,10,24,2.3,1.0,5834
1888310100,2,15,10,16,1.5,0.5,3248
1110282931,6,48,21,88,2.2857142857142856,0.8333333333333334,10081
240505766,5,80,34,67,2.3529411764705883,0.8,10592
56351925,2,20,5,25,4.0,0.5,4443
102794784,6,33,36,58,0.9166666666666666,0.5,10983
1309313639,4,9,20,37,0.45,0.75,7266
188441304,6,60,35,75,1.7142857142857142,0.8333333333333334,10129
38467944,3,11,25,34,0.44,0.0,6551
1094520258,1,10,2,12,5.0,1.0,1695
294387909,5,28,38,65,0.7368421052631579,0.6,10771
482960226,17,119,115,165,1.0347826086956522,0.5294117647058824,35168
1170006348,5,36,48,48,0.75,0.4,10730
1056765148,2,4,23,17,0.17391304347826086,0.0,4153
1065769348,12,57,98,97,0.5816326530612245,0.4166666666666667,19563
246148999,3,8,20,35,0.4,0.6666666666666666,5016
1638345031,4,18,34,47,0.5294117647058824,0.5,7313
850700636,9,87,78,113,1.1153846153846154,0.7777777777777778,17008
382597351,11,88,74,115,1.1891891891891893,0.45454545454545453,21626
1031263579,6,33,34,38,0.9705882352941176,0.16666666666666666,10768
259402581,8,37,35,77,1.0571428571428572,0.625,12384
116362312,1,13,0,10,13.0,1.0,1756
4028775,10,57,40,76,1.425,0.2,16571
837705260,3,11,16,30,0.6875,0.6666666666666666,4513
853290986,6,57,20,45,2.85,0.8333333333333334,10708
311001418,2,13,12,32,1.0833333333333333,1.0,5002
1844000053,5,18,32,29,0.5625,0.2,8289
72811684,1,6,8,16,0.75,1.0,2214
337696170,1,10,7,5,1.4285714285714286,1.0,1740
1800279019,8,81,35,107,2.3142857142857145,0.875,14037
151583902,6,60,30,79,2.0,0.8333333333333334,11360
1104111302,6,59,10,80,5.9,0.8333333333333334,11360
308875859,4,31,29,54,1.0689655172413792,0.25,6871
1430114861,8,28,28,81,1.0,0.5,11915
288550376,12,96,72,105,1.3333333333333333,0.5833333333333334,19810
158043057,11,83,49,154,1.6938775510204083,0.5454545454545454,19053
367811445,13,75,55,126,1.3636363636363635,0.5384615384615384,20967
185873781,4,37,13,48,2.8461538461538463,0.75,7368
118206985,5,29,45,50,0.6444444444444445,0.4,9421
1207703560,7,68,47,62,1.446808510638298,0.14285714285714285,13066
920224746,12,72,57,121,1.263157894736842,0.5833333333333334,22016
348770190,8,30,49,65,0.6122448979591837,0.375,11736
242299301,2,7,11,4,0.6363636363636364,0.0,2795
920952216,7,39,40,52,0.975,0.42857142857142855,11476
121991299,5,53,54,75,0.9814814814814815,0.6,9640
54058277,4,24,17,33,1.411764705882353,0.5,5671
1869443809,4,32,29,53,1.103448275862069,0.5,7726
487005657,9,38,58,101,0.6551724137931034,0.5555555555555556,15914
209953025,3,19,14,38,1.3571428571428572,0.3333333333333333,5527
150454291,10,60,40,134,1.5,0.5,18728
136928042,11,65,63,105,1.0317460317460319,0.36363636363636365,20895
1260685159,11,52,71,116,0.7323943661971831,0.5454545454545454,20120
836466907,9,61,37,94,1.6486486486486487,0.5555555555555556,17013
1110530800,11,94,58,146,1.6206896551724137,0.45454545454545453,20599
146787457,3,27,25,43,1.08,0.3333333333333333,5706
159241725,3,20,28,39,0.7142857142857143,0.3333333333333333,5681
279125228,13,125,61,143,2.0491803278688523,0.6923076923076923,20998
169588667,9,51,59,112,0.864406779661017,0.6666666666666666,17553
204845926,4,34,42,73,0.8095238095238095,0.5,7726
1857817115,4,30,30,40,1.0,0.25,7364
1862795653,4,38,18,44,2.111111111111111,0.75,7039
914048357,3,29,7,35,4.142857142857143,1.0,5563
108858071,10,65,55,106,1.1818181818181819,0.5,20762
413364876,1,6,7,6,0.8571428571428571,0.0,1973
1014456265,11,58,44,101,1.3181818181818181,0.36363636363636365,21276
462098649,3,11,16,27,0.6875,0.3333333333333333,5627
246795813,1,9,1,17,9.0,1.0,2025
1478890615,17,63,57,111,1.105263157894737,0.11764705882352941,32151
96884952,2,26,8,30,3.25,0.5,3868
396171072,8,68,53,76,1.2830188679245282,0.5,13641
157892567,4,41,23,37,1.7826086956521738,0.25,6634
1902488449,5,38,17,63,2.235294117647059,0.8,9310
295367074,5,34,36,39,0.9444444444444444,0.6,9813
316786706,11,96,48,103,2.0,0.8181818181818182,20054
167167041,7,34,51,74,0.6666666666666666,0.42857142857142855,13861
27786792,3,6,9,38,0.6666666666666666,0.3333333333333333,5445
414858274,4,6,37,57,0.16216216216216217,0.5,7566
78745094,1,6,2,9,3.0,1.0,1539
112627233,4,45,33,29,1.3636363636363635,0.75,7385
295176358,3,20,15,41,1.3333333333333333,0.6666666666666666,5769
1923334843,9,55,28,83,1.9642857142857142,0.5555555555555556,16733
1422763664,3,33,9,27,3.6666666666666665,0.6666666666666666,5701
275822408,2,5,23,16,0.21739130434782608,0.0,3320
1859007490,10,73,90,85,0.8111111111111111,0.6,17326
1209687593,2,13,6,11,2.1666666666666665,0.0,3855
403098855,4,17,7,64,2.4285714285714284,0.5,7019
1426026847,2,17,7,21,2.4285714285714284,0.0,4612
1126115713,11,87,86,97,1.0116279069767442,0.45454545454545453,23372
160460490,3,17,12,35,1.4166666666666667,1.0,5684
967700146,2,21,5,27,4.2,1.0,3614
1153005358,4,23,20,62,1.15,0.5,7019
1250845755,6,24,32,44,0.75,0.3333333333333333,9166
50654584,7,38,32,85,1.1875,0.5714285714285714,12113
118744171,13,117,59,95,1.9830508474576272,0.38461538461538464,23959
425889196,4,27,26,53,1.0384615384615385,0.5,6866
110912891,3,26,18,39,1.4444444444444444,1.0,6163
1695321556,13,40,61,103,0.6557377049180327,0.5384615384615384,20773
1125446211,7,58,48,66,1.2083333333333333,0.14285714285714285,13630
281367264,4,22,37,11,0.5945945945945946,0.0,7101
1006766222,8,56,51,51,1.0980392156862746,0.25,14566
380394699,18,182,94,198,1.9361702127659575,0.3888888888888889,32237
79192770,1,5,4,14,1.25,0.0,2292
379299226,1,13,10,15,1.3,0.0,2454
1854628972,2,3,10,13,0.3,0.5,2992
1731469220,3,24,17,22,1.411764705882353,0.6666666666666666,4968
252710341,1,9,4,7,2.25,1.0,1630
1156359431,3,21,6,9,3.5,0.3333333333333333,2559
1693648194,3,28,14,37,2.0,0.6666666666666666,5181
144610811,6,20,48,69,0.4166666666666667,0.5,11639
132114747,4,19,6,52,3.1666666666666665,0.75,6148
196244559,5,18,37,48,0.4864864864864865,0.4,9223
225789283,3,14,11,31,1.2727272727272727,0.6666666666666666,4968
1063430342,10,83,73,125,1.1369863013698631,0.4,18803
408846749,2,24,5,15,4.8,0.5,3581
81008666,5,11,31,26,0.3548387096774194,0.2,9302
179430569,2,16,8,34,2.0,1.0,3961
888327418,12,66,66,145,1.0,0.5833333333333334,19316
1007596529,8,52,36,96,1.4444444444444444,0.75,15327
294905783,11,108,77,137,1.4025974025974026,0.6363636363636364,22333
154191414,2,15,15,18,1.0,0.0,3293
48905394,5,23,30,48,0.7666666666666667,0.6,9680
1280179474,7,30,41,75,0.7317073170731707,0.2857142857142857,13543
121072866,8,39,63,99,0.6190476190476191,0.375,16078
1745931613,5,45,34,50,1.3235294117647058,0.6,9140
1526836984,1,1,7,5,0.14285714285714285,0.0,1668
259187167,5,46,22,53,2.090909090909091,0.8,9450
1030720219,11,70,18,86,3.888888888888889,0.5454545454545454,18691
1124199166,4,23,18,52,1.2777777777777777,0.75,7423
1125496491,6,33,36,60,0.9166666666666666,0.5,11052
134503692,7,39,41,53,0.9512195121951219,0.42857142857142855,13888
130284232,13,102,98,138,1.0408163265306123,0.38461538461538464,24338
94611484,3,17,12,37,1.4166666666666667,0.3333333333333333,5378
1193911309,3,21,16,47,1.3125,0.0,6055
1899347798,6,48,31,61,1.5483870967741935,0.6666666666666666,10624
1322345137,10,58,59,78,0.9830508474576272,0.5,19751
132205103,8,48,32,68,1.5,0.625,13910
1144493854,4,35,22,49,1.5909090909090908,0.75,8319
207932830,3,15,20,13,0.75,0.3333333333333333,4510
321073742,4,18,26,45,0.6923076923076923,0.75,7697
80765251,8,36,77,77,0.4675324675324675,0.25,13907
241565825,2,18,7,12,2.5714285714285716,0.0,3990
408158148,8,57,95,65,0.6,0.25,14007
892327374,12,45,57,116,0.7894736842105263,0.5833333333333334,23222
1911140385,13,65,87,117,0.7471264367816092,0.6153846153846154,18704
1879231723,5,28,21,56,1.3333333333333333,0.8,7594
1836628724,5,45,32,70,1.40625,0.4,9487
131980377,13,78,91,115,0.8571428571428571,0.6153846153846154,25172
345182041,6,46,37,83,1.2432432432432432,0.8333333333333334,11371
184292491,7,59,35,74,1.6857142857142857,0.7142857142857143,13786
375147810,4,62,22,46,2.8181818181818183,1.0,7264
100741822,3,20,25,50,0.8,0.3333333333333333,6459
1095115629,8,46,66,72,0.696969696969697,0.375,15758
838749946,3,18,17,21,1.0588235294117647,0.0,5711
1049955,10,75,44,72,1.7045454545454546,0.4,16148
34933717,5,42,22,54,1.9090909090909092,0.6,8908
1877969775,3,16,26,28,0.6153846153846154,0.6666666666666666,4806
1152224008,8,59,42,84,1.4047619047619047,0.5,15274
1359285860,12,78,63,115,1.2380952380952381,0.5833333333333334,20338
124540485,5,47,21,27,2.238095238095238,0.4,9231
88617667,7,44,32,88,1.375,0.8571428571428571,11852
438025075,9,66,37,91,1.7837837837837838,0.4444444444444444,15952
107860072,1,7,12,10,0.5833333333333334,1.0,2365
44796801,10,69,39,86,1.7692307692307692,0.5,15892
1828331475,4,35,24,31,1.4583333333333333,0.5,7778
898877481,7,42,29,68,1.4482758620689655,0.8571428571428571,11852
1863208191,2,8,8,9,1.0,1.0,2759
93281341,9,32,50,77,0.64,0.2222222222222222,15591
1211008531,10,59,47,120,1.2553191489361701,0.7,16844
354353309,10,82,64,103,1.28125,0.5,18506
1110648555,3,12,25,17,0.48,0.3333333333333333,5639
166350589,4,25,15,24,1.6666666666666667,0.75,5822
74895827,2,2,10,7,0.2,0.0,3146
1014484221,5,58,18,58,3.2222222222222223,0.6,8290
888517309,2,12,17,22,0.7058823529411765,0.5,3263
429795010,2,16,13,24,1.2307692307692308,0.5,3640
1106694475,7,47,33,89,1.4242424242424243,0.8571428571428571,12644
337704144,14,121,94,137,1.2872340425531914,0.42857142857142855,26132
1816402089,5,98,16,48,6.125,1.0,9451
52478188,3,6,21,28,0.2857142857142857,0.3333333333333333,5945
36497847,1,2,9,6,0.2222222222222222,0.0,1558
863517252,7,38,29,69,1.3103448275862069,0.14285714285714285,14528
64745910,8,51,31,63,1.6451612903225807,0.625,15331
465305219,8,36,44,120,0.8181818181818182,0.375,16291
309442065,10,91,84,89,1.0833333333333333,0.3,18998
913258485,7,47,36,89,1.3055555555555556,0.2857142857142857,14193
926311563,15,65,103,157,0.6310679611650486,0.26666666666666666,29487
246129403,9,54,37,100,1.4594594594594594,0.8888888888888888,16383
323329760,9,52,69,85,0.7536231884057971,0.5555555555555556,14654
1730032433,7,58,22,74,2.6363636363636362,0.7142857142857143,10173
1910436175,11,84,50,108,1.68,0.6363636363636364,20663
167052828,4,27,29,25,0.9310344827586207,0.5,8228
1808067262,9,53,64,83,0.828125,0.6666666666666666,15740
394672146,1,4,6,15,0.6666666666666666,1.0,2564
889715734,5,35,45,47,0.7777777777777778,0.0,8790
246650756,7,33,26,93,1.2692307692307692,0.42857142857142855,13243
381952778,6,46,36,76,1.2777777777777777,0.5,11027
135112961,4,10,22,36,0.45454545454545453,0.25,6518
1442501848,3,33,19,27,1.736842105263158,0.0,6551
135315006,2,10,13,15,0.7692307692307693,0.5,4378
71729884,4,23,10,50,2.3,0.5,8084
1857173892,2,12,11,31,1.0909090909090908,1.0,3108
212811923,13,138,58,147,2.3793103448275863,0.8461538461538461,18382
1018040093,2,7,9,19,0.7777777777777778,0.5,4485
1508932182,5,33,26,43,1.2692307692307692,0.6,8688
105124804,7,62,30,82,2.066666666666667,0.8571428571428571,13813
136457230,2,16,17,25,0.9411764705882353,0.5,5015
143669500,11,59,54,99,1.0925925925925926,0.6363636363636364,21486
40490302,7,31,26,109,1.1923076923076923,0.5714285714285714,13412
341316128,4,41,20,59,2.05,0.5,7510
461523919,3,14,15,21,0.9333333333333333,0.3333333333333333,4854
1914755214,2,13,9,24,1.4444444444444444,0.5,3544
1849003018,3,21,21,38,1.0,0.6666666666666666,5186
1111221230,2,16,13,23,1.2307692307692308,1.0,3108
311126609,1,8,7,10,1.1428571428571428,1.0,1974
59155826,4,38,12,15,3.1666666666666665,0.5,5519
192227354,2,16,7,32,2.2857142857142856,0.5,3457
1018546912,5,20,25,67,0.8,0.4,8968
119502652,3,25,14,26,1.7857142857142858,0.6666666666666666,5208
94461110,4,14,11,38,1.2727272727272727,0.5,5519
474590450,3,13,26,19,0.5,0.3333333333333333,5318
333815918,2,9,12,31,0.75,1.0,3937
1913717986,3,10,13,30,0.7692307692307693,0.3333333333333333,6047
1889544944,4,28,28,73,1.0,1.0,7512
1868359118,7,47,48,108,0.9791666666666666,0.7142857142857143,14206
113564704,6,36,34,57,1.0588235294117647,0.3333333333333333,12854
23594524,8,26,32,99,0.8125,0.625,16010
1121727776,3,19,27,19,0.7037037037037037,0.3333333333333333,5158
1007573047,3,14,22,28,0.6363636363636364,0.6666666666666666,6033
341295847,13,70,61,100,1.1475409836065573,0.46153846153846156,22273
44317510,4,10,26,43,0.38461538461538464,0.5,7141
1564756106,7,48,27,83,1.7777777777777777,0.7142857142857143,11373
117651401,5,48,24,54,2.0,0.6,8711
1886660188,5,14,38,50,0.3684210526315789,0.4,8223
405946428,1,5,6,4,0.8333333333333334,0.0,1833
53612554,4,13,23,31,0.5652173913043478,0.5,6853
90345327,8,62,29,55,2.1379310344827585,0.625,12586
40367140,3,17,21,20,0.8095238095238095,0.6666666666666666,5962
1249973496,8,36,54,68,0.6666666666666666,0.375,14076
914886065,4,19,16,19,1.1875,0.25,7503
1846632947,9,50,42,84,1.1904761904761905,0.5555555555555556,14663
369088233,4,18,32,25,0.5625,0.25,6699
277748306,8,47,45,107,1.0444444444444445,0.625,15331
134280570,3,25,13,51,1.9230769230769231,0.6666666666666666,5179
110595999,8,82,40,113,2.05,1.0,16024
395263022,9,53,41,90,1.2926829268292683,0.4444444444444444,15490
105081288,5,69,34,51,2.0294117647058822,0.6,10168
119994982,11,64,74,66,0.8648648648648649,0.5454545454545454,19284
350210766,4,20,22,60,0.9090909090909091,0.25,8334
1210856913,12,87,65,129,1.3384615384615384,0.5833333333333334,24977
1030495599,8,59,44,57,1.3409090909090908,0.375,15382
84014505,3,6,17,38,0.35294117647058826,0.6666666666666666,5556
302685578,8,50,69,94,0.7246376811594203,0.625,14891
71816173,4,49,14,23,3.5,0.75,6755
936546405,17,64,90,189,0.7111111111111111,0.47058823529411764,30087
1901445393,3,22,23,48,0.9565217391304348,0.3333333333333333,5380
79056169,2,15,8,20,1.875,0.5,3788
347347759,3,17,21,26,0.8095238095238095,0.3333333333333333,5933
324350063,9,64,21,88,3.0476190476190474,0.4444444444444444,14566
393467885,3,18,19,57,0.9473684210526315,0.3333333333333333,5996
221805706,2,9,12,11,0.75,0.0,3602
1616662815,15,110,74,151,1.4864864864864864,0.5333333333333333,28025
991853786,8,69,47,95,1.4680851063829787,0.5,15199
277749800,2,11,14,20,0.7857142857142857,0.0,3775
1838304876,8,61,37,85,1.6486486486486487,0.625,14595
7831771,6,25,36,67,0.6944444444444444,0.5,10881
1880226575,2,9,15,6,0.6,0.0,3833
314946739,7,74,45,53,1.6444444444444444,0.7142857142857143,14032
323967030,9,46,62,61,0.7419354838709677,0.4444444444444444,17246
394078822,6,62,30,73,2.066666666666667,0.6666666666666666,11579
314716101,8,66,35,78,1.8857142857142857,0.75,14471
1608417118,3,42,11,26,3.8181818181818183,0.3333333333333333,5585
212973745,4,37,21,47,1.7619047619047619,0.5,7001
1003407534,3,14,20,21,0.7,0.3333333333333333,5826
1216147250,7,36,49,55,0.7346938775510204,0.5714285714285714,11424
893908921,8,47,53,81,0.8867924528301887,0.5,14803
156927272,6,51,60,49,0.85,0.5,11848
78196529,5,22,17,76,1.2941176470588236,0.4,9773
1387354733,1,0,7,1,0.0,0.0,1108
80682034,3,22,10,39,2.2,0.6666666666666666,5413
153140586,13,102,62,106,1.6451612903225807,0.46153846153846156,25768
1124046778,2,11,19,33,0.5789473684210527,0.5,3474
130473624,4,26,17,42,1.5294117647058822,0.5,8836
1294549649,3,13,21,34,0.6190476190476191,1.0,5760
20834579,3,17,23,36,0.7391304347826086,0.6666666666666666,5413
347376095,12,97,92,81,1.0543478260869565,0.6666666666666666,22126
483770846,19,168,86,201,1.9534883720930232,0.3684210526315789,33255
1882504859,7,67,50,50,1.34,0.8571428571428571,11881
1102778467,12,112,54,103,2.074074074074074,0.4166666666666667,20366
1847563141,7,47,49,72,0.9591836734693877,0.7142857142857143,13659
98698975,17,82,63,153,1.3015873015873016,0.5294117647058824,31108
1013812536,6,42,38,88,1.105263157894737,0.5,12195
1253533815,14,92,79,123,1.1645569620253164,0.6428571428571429,24941
145428276,6,37,17,55,2.176470588235294,0.8333333333333334,11072
1405631276,4,19,22,36,0.8636363636363636,0.5,7650
141680443,1,23,5,18,4.6,1.0,2592
108141210,4,29,28,33,1.0357142857142858,0.5,7650
166126796,2,12,15,17,0.8,0.0,4445
3852308,1,4,11,27,0.36363636363636365,1.0,2592
979946,1,10,9,24,1.1111111111111112,1.0,2592
1279001982,2,12,10,16,1.2,0.5,3184
1736457336,1,7,6,21,1.1666666666666667,1.0,2524
1850282852,9,62,44,150,1.4090909090909092,0.4444444444444444,18734
418542773,3,16,19,19,0.8421052631578947,0.6666666666666666,4978
54743632,1,2,5,11,0.4,0.0,2027
59139518,7,20,25,88,0.8,0.7142857142857143,12795
1865512696,6,26,38,46,0.6842105263157895,0.3333333333333333,10468
99801728,7,45,37,59,1.2162162162162162,0.7142857142857143,12795
1009851453,12,59,54,118,1.0925925925925926,0.5,21930
1093170054,16,143,90,147,1.5888888888888888,0.375,30720
1798841885,7,47,39,77,1.205128205128205,0.8571428571428571,12435
1321625317,6,68,31,88,2.193548387096774,0.6666666666666666,11125
123239303,8,33,44,85,0.75,0.375,13853
1521580544,5,80,27,61,2.962962962962963,0.4,8635
42138648,7,48,28,84,1.7142857142857142,0.8571428571428571,11847
348707916,10,49,41,92,1.1951219512195121,0.7,19415
342845654,5,24,37,46,0.6486486486486487,0.4,11333
1041023693,2,7,12,10,0.5833333333333334,0.0,3344
29932599,5,29,14,33,2.0714285714285716,0.8,8655
102611109,6,50,24,52,2.0833333333333335,0.6666666666666666,9826
129727188,12,80,84,121,0.9523809523809523,0.6666666666666666,22474
1675013638,4,14,14,35,1.0,0.75,5542
256994853,10,66,53,112,1.2452830188679245,0.7,17464
1689843231,4,20,14,42,1.4285714285714286,0.5,7055
1886876070,3,15,41,23,0.36585365853658536,0.0,6729
1708677064,2,9,8,24,1.125,0.5,3558
418573500,7,53,9,92,5.888888888888889,0.8571428571428571,11847
359348612,3,19,15,28,1.2666666666666666,0.3333333333333333,5485
253290708,11,85,59,151,1.4406779661016949,0.8181818181818182,20902
343134415,1,7,6,9,1.1666666666666667,0.0,1633
1419757590,1,8,5,11,1.6,1.0,1897
69080868,6,15,15,76,1.0,0.6666666666666666,11997
1034966623,9,45,72,98,0.625,0.3333333333333333,16590
110878035,6,39,11,66,3.5454545454545454,0.6666666666666666,11997
230307735,12,75,57,127,1.3157894736842106,0.5,22711
1889890468,5,40,24,52,1.6666666666666667,0.4,9659
405693003,2,11,22,18,0.5,0.5,4352
172638273,9,67,29,95,2.310344827586207,0.5555555555555556,17849
1192380425,6,42,31,45,1.3548387096774193,0.3333333333333333,9707
1064337231,4,12,22,42,0.5454545454545454,0.5,6720
419817000,1,8,5,10,1.6,1.0,2027
110088215,4,60,26,40,2.3076923076923075,0.75,8387
68590916,5,35,41,55,0.8536585365853658,0.4,10343
82752301,6,30,31,37,0.967741935483871,0.0,11304
1084965741,3,30,9,38,3.3333333333333335,0.3333333333333333,6135
885940865,6,28,29,44,0.9655172413793104,0.3333333333333333,9681
364049054,1,6,7,24,0.8571428571428571,1.0,1587
881863136,7,44,43,64,1.0232558139534884,0.2857142857142857,12748
318298306,2,4,17,20,0.23529411764705882,0.5,3651
1361339717,6,36,31,82,1.1612903225806452,0.5,10640
34566154,1,5,6,16,0.8333333333333334,1.0,1397
1001769813,14,61,96,138,0.6354166666666666,0.35714285714285715,25893
303927922,6,30,33,44,0.9090909090909091,0.5,10086
1874819221,4,20,15,30,1.3333333333333333,0.5,4696
1865470570,5,26,44,43,0.5909090909090909,0.4,9060
1052500537,2,6,19,13,0.3157894736842105,0.5,3428
992070193,2,20,8,36,2.5,1.0,4118
1068132537,1,7,15,7,0.4666666666666667,0.0,1898
1289413132,1,5,7,2,0.7142857142857143,0.0,1750
858842486,6,39,47,70,0.8297872340425532,0.5,11422
1706404687,11,64,74,92,0.8648648648648649,0.5454545454545454,18513
23531872,2,3,14,26,0.21428571428571427,0.5,3468
349320910,7,56,26,71,2.1538461538461537,0.42857142857142855,12902
991564322,5,25,19,53,1.3157894736842106,0.4,10148
1179370769,3,31,14,29,2.2142857142857144,0.6666666666666666,5554
310729553,11,56,80,84,0.7,0.36363636363636365,21088
1095975766,6,23,49,25,0.46938775510204084,0.16666666666666666,9339
1049560850,5,30,28,80,1.0714285714285714,0.4,11192
1125426791,1,5,4,17,1.25,1.0,1438
914874171,6,45,48,50,0.9375,0.6666666666666666,12001
183944642,1,11,5,13,2.2,0.0,2036
111256922,6,83,30,80,2.7666666666666666,0.5,11567
138559159,4,21,24,30,0.875,0.5,6483
1269968966,2,20,10,16,2.0,1.0,3722
907647212,9,33,63,89,0.5238095238095238,0.3333333333333333,16754
1090070329,8,57,77,97,0.7402597402597403,0.625,14059
1071108035,10,67,67,98,1.0,0.6,16324
1122643739,5,48,29,46,1.6551724137931034,0.2,9576
192600611,3,15,9,19,1.6666666666666667,0.3333333333333333,5676
