match_id,start_time,game_mode,match_mode,duration_s,winning_team
38874564,2025-08-17 02:58:31,Normal,Unranked,1958,Team1
38874689,2025-08-17 03:04:38,Normal,Unranked,1606,Team0
38874731,2025-08-17 03:06:15,Normal,Unranked,1637,Team1
38874864,2025-08-17 03:12:32,Normal,Unranked,2124,Team0
38874945,2025-08-17 03:16:32,Normal,Unranked,1169,Team0
38875017,2025-08-17 03:20:14,Normal,Unranked,1848,Team0
38875305,2025-08-17 03:34:01,Normal,Unranked,1536,Team1
38875336,2025-08-17 03:35:41,Normal,Unranked,1935,Team0
38875444,2025-08-17 03:41:00,Normal,Unranked,1871,Team0
38875573,2025-08-17 03:47:52,Normal,Unranked,1689,Team0
38875732,2025-08-17 03:56:29,Normal,Unranked,354,Team0
38875829,2025-08-17 04:01:32,Normal,Unranked,1953,Team0
38875888,2025-08-17 04:04:18,Normal,Unranked,1331,Team0
38875959,2025-08-17 04:07:23,Normal,Unranked,2238,Team0
38876035,2025-08-17 04:11:03,Normal,Unranked,2012,Team0
38876176,2025-08-17 04:17:59,Normal,Unranked,1277,Team0
38876282,2025-08-17 04:24:10,Normal,Unranked,1520,Team0
38876379,2025-08-17 04:29:12,Normal,Unranked,1867,Team1
38876662,2025-08-17 04:45:22,Normal,Unranked,1665,Team0
38876764,2025-08-17 04:50:46,Normal,Unranked,1931,Team1
38876788,2025-08-17 04:52:14,Normal,Unranked,1256,Team1
38877091,2025-08-17 05:08:59,Normal,Unranked,1927,Team1
38877270,2025-08-17 05:17:58,Normal,Unranked,2528,Team0
38877288,2025-08-17 05:18:52,Normal,Unranked,1861,Team1
38877630,2025-08-17 05:39:13,Normal,Unranked,2059,Team1
38877887,2025-08-17 05:54:38,Normal,Unranked,2123,Team0
38878018,2025-08-17 06:02:13,Normal,Unranked,2307,Team1
38878071,2025-08-17 06:05:06,Normal,Unranked,1494,Team1
38878143,2025-08-17 06:09:50,Normal,Unranked,1987,Team1
38878553,2025-08-17 06:36:21,Normal,Unranked,1540,Team0
38879000,2025-08-17 07:05:03,Normal,Unranked,1882,Team1
38879528,2025-08-17 07:42:33,Normal,Unranked,1572,Team1
38880004,2025-08-17 08:17:00,Normal,Unranked,2396,Team1
38880981,2025-08-17 09:25:35,Normal,Unranked,1788,Team0
38881165,2025-08-17 09:38:08,Normal,Unranked,2093,Team0
38881597,2025-08-17 10:07:32,Normal,Unranked,1949,Team1
38881936,2025-08-17 10:29:46,Normal,Unranked,2281,Team0
38882249,2025-08-17 10:49:20,Normal,Unranked,2092,Team0
38882444,2025-08-17 11:01:45,Normal,Unranked,1870,Team0
38882488,2025-08-17 11:04:35,Normal,Unranked,1849,Team0
38882591,2025-08-17 11:11:16,Normal,Unranked,2218,Team0
38882738,2025-08-17 11:20:12,Normal,Unranked,1898,Team0
38882741,2025-08-17 11:20:16,Normal,Unranked,828,Team0
38882885,2025-08-17 11:28:36,Normal,Unranked,1879,Team0
38882953,2025-08-17 11:32:28,Normal,Unranked,1800,Team1
38883148,2025-08-17 11:43:03,Normal,Unranked,1415,Team0
38883182,2025-08-17 11:45:05,Normal,Unranked,1807,Team1
38883402,2025-08-17 11:56:54,Normal,Unranked,1796,Team1
38883464,2025-08-17 12:00:30,Normal,Unranked,1734,Team0
38883648,2025-08-17 12:11:10,Normal,Unranked,2059,Team0
38883671,2025-08-17 12:12:16,Normal,Unranked,2073,Team0
38883763,2025-08-17 12:16:45,Normal,Unranked,1309,Team1
38883872,2025-08-17 12:21:56,Normal,Unranked,1764,Team1
38883933,2025-08-17 12:25:13,Normal,Unranked,2434,Team0
38884009,2025-08-17 12:29:38,Normal,Unranked,1374,Team1
38884104,2025-08-17 12:34:12,Normal,Unranked,1504,Team0
38884548,2025-08-17 12:56:47,Normal,Unranked,1475,Team1
38884658,2025-08-17 13:02:16,Normal,Unranked,1312,Team1
38884911,2025-08-17 13:14:44,Normal,Unranked,1659,Team1
38884961,2025-08-17 13:17:11,Normal,Unranked,1583,Team1
38885076,2025-08-17 13:22:43,Normal,Unranked,1802,Team1
38885147,2025-08-17 13:26:07,Normal,Unranked,1637,Team0
38885197,2025-08-17 13:28:34,Normal,Unranked,1446,Team0
38885401,2025-08-17 13:38:21,Normal,Unranked,1728,Team1
38885424,2025-08-17 13:39:38,Normal,Unranked,1504,Team1
38885684,2025-08-17 13:52:26,Normal,Unranked,1493,Team1
38885786,2025-08-17 13:56:36,Normal,Unranked,1530,Team0
38885868,2025-08-17 14:00:09,Normal,Unranked,1546,Team1
38885965,2025-08-17 14:04:24,Normal,Unranked,1828,Team0
38886125,2025-08-17 14:11:50,Normal,Unranked,1957,Team1
38886271,2025-08-17 14:19:28,Normal,Unranked,2169,Team1
38886453,2025-08-17 14:27:48,Normal,Unranked,2087,Team0
38886588,2025-08-17 14:33:19,Normal,Unranked,1950,Team1
38886692,2025-08-17 14:37:35,Normal,Unranked,1640,Team0
38886791,2025-08-17 14:42:06,Normal,Unranked,1615,Team0
38886884,2025-08-17 14:46:14,Normal,Unranked,1963,Team0
38887122,2025-08-17 14:56:30,Normal,Unranked,2242,Team1
38887134,2025-08-17 14:56:48,Normal,Unranked,1837,Team0
38887317,2025-08-17 15:04:35,Normal,Unranked,1713,Team0
38887466,2025-08-17 15:10:46,Normal,Unranked,1495,Team0
38887720,2025-08-17 15:21:23,Normal,Unranked,2081,Team1
38887745,2025-08-17 15:22:34,Normal,Unranked,1716,Team0
38887770,2025-08-17 15:23:34,Normal,Unranked,2008,Team1
38887930,2025-08-17 15:30:17,Normal,Unranked,2103,Team0
38888077,2025-08-17 15:35:54,Normal,Unranked,1591,Team1
38888145,2025-08-17 15:38:24,Normal,Unranked,1898,Team0
38888166,2025-08-17 15:39:02,Normal,Unranked,1775,Team0
38888327,2025-08-17 15:45:19,Normal,Unranked,1894,Team0
38888686,2025-08-17 16:00:07,Normal,Unranked,1974,Team0
38888704,2025-08-17 16:00:49,Normal,Unranked,1992,Team1
38888889,2025-08-17 16:08:10,Normal,Unranked,2487,Team0
38889022,2025-08-17 16:12:58,Normal,Unranked,1507,Team1
38889095,2025-08-17 16:15:33,Normal,Unranked,1164,Team1
38889292,2025-08-17 16:23:20,Normal,Unranked,1437,Team1
38889410,2025-08-17 16:27:54,Normal,Unranked,1505,Team0
38889542,2025-08-17 16:32:52,Normal,Unranked,1697,Team1
38889656,2025-08-17 16:37:03,Normal,Unranked,1791,Team1
38889774,2025-08-17 16:41:32,Normal,Unranked,1925,Team0
38889856,2025-08-17 16:44:36,Normal,Unranked,1077,Team0
38890016,2025-08-17 16:49:59,Normal,Unranked,1340,Team1
38890133,2025-08-17 16:54:36,Normal,Unranked,1287,Team0
38890203,2025-08-17 16:57:12,Normal,Unranked,974,Team1
38890359,2025-08-17 17:02:24,Normal,Unranked,1833,Team1
38890479,2025-08-17 17:06:58,Normal,Unranked,1633,Team0
38890511,2025-08-17 17:07:57,Normal,Unranked,2013,Team1
38890589,2025-08-17 17:10:50,Normal,Unranked,1599,Team0
38890737,2025-08-17 17:16:41,Normal,Unranked,1619,Team1
38890860,2025-08-17 17:21:23,Normal,Unranked,689,Team0
38890987,2025-08-17 17:25:43,Normal,Unranked,1286,Team1
38891262,2025-08-17 17:35:06,Normal,Unranked,1343,Team0
38891314,2025-08-17 17:36:50,Normal,Unranked,1652,Team1
38891355,2025-08-17 17:38:11,Normal,Unranked,1890,Team0
38891561,2025-08-17 17:44:32,Normal,Unranked,1873,Team0
38891637,2025-08-17 17:47:07,Normal,Unranked,1928,Team0
38891692,2025-08-17 17:49:14,Normal,Unranked,1380,Team1
38891800,2025-08-17 17:52:53,Normal,Unranked,1937,Team0
38892005,2025-08-17 18:00:09,Normal,Unranked,1728,Team0
38892059,2025-08-17 18:01:49,Normal,Unranked,1658,Team0
38892225,2025-08-17 18:07:09,Normal,Unranked,2223,Team0
38892447,2025-08-17 18:13:44,Normal,Unranked,2024,Team1
38892573,2025-08-17 18:17:24,Normal,Unranked,1318,Team1
38892696,2025-08-17 18:21:34,Normal,Unranked,2146,Team1
38892793,2025-08-17 18:24:54,Normal,Unranked,1312,Team1
38892940,2025-08-17 18:29:44,Normal,Unranked,1266,Team0
38893086,2025-08-17 18:34:17,Normal,Unranked,1583,Team1
38893182,2025-08-17 18:37:15,Normal,Unranked,1421,Team0
38893530,2025-08-17 18:47:46,Normal,Unranked,1577,Team0
38893587,2025-08-17 18:49:22,Normal,Unranked,1982,Team0
38893590,2025-08-17 18:49:26,Normal,Unranked,1293,Team0
38893800,2025-08-17 18:55:49,Normal,Unranked,1496,Team0
38893928,2025-08-17 18:59:13,Normal,Unranked,1326,Team1
38894059,2025-08-17 19:03:14,Normal,Unranked,1524,Team1
38894245,2025-08-17 19:08:45,Normal,Unranked,2037,Team0
38894267,2025-08-17 19:09:26,Normal,Unranked,1861,Team0
38894751,2025-08-17 19:23:33,Normal,Unranked,1578,Team0
38894997,2025-08-17 19:31:05,Normal,Unranked,1255,Team1
38895015,2025-08-17 19:31:40,Normal,Unranked,1784,Team0
38895208,2025-08-17 19:37:28,Normal,Unranked,2066,Team1
38895376,2025-08-17 19:42:50,Normal,Unranked,1665,Team1
38895621,2025-08-17 19:49:47,Normal,Unranked,2267,Team0
38895674,2025-08-17 19:51:36,Normal,Unranked,1328,Team1
38895677,2025-08-17 19:51:45,Normal,Unranked,1782,Team1
38895711,2025-08-17 19:52:35,Normal,Unranked,1581,Team0
38895819,2025-08-17 19:55:54,Normal,Unranked,1952,Team0
38895996,2025-08-17 20:01:31,Normal,Unranked,1436,Team0
38896088,2025-08-17 20:04:10,Normal,Unranked,1600,Team1
38896224,2025-08-17 20:08:31,Normal,Unranked,1449,Team1
38896422,2025-08-17 20:14:38,Normal,Unranked,1590,Team1
38896634,2025-08-17 20:21:26,Normal,Unranked,592,Team0
38896673,2025-08-17 20:22:34,Normal,Unranked,1709,Team0
38896827,2025-08-17 20:27:35,Normal,Unranked,1600,Team0
38896883,2025-08-17 20:29:33,Normal,Unranked,2325,Team1
38896904,2025-08-17 20:30:10,Normal,Unranked,1786,Team1
38896999,2025-08-17 20:33:23,Normal,Unranked,2011,Team1
38897018,2025-08-17 20:33:46,Normal,Unranked,1362,Team1
38897338,2025-08-17 20:44:11,Normal,Unranked,1833,Team1
38897651,2025-08-17 20:54:19,Normal,Unranked,2341,Team1
38897755,2025-08-17 20:57:40,Normal,Unranked,1920,Team0
38897844,2025-08-17 21:01:01,Normal,Unranked,1743,Team1
38897945,2025-08-17 21:04:29,Normal,Unranked,2193,Team1
38898225,2025-08-17 21:14:25,Normal,Unranked,1637,Team1
38898337,2025-08-17 21:18:58,Normal,Unranked,1796,Team0
38898452,2025-08-17 21:22:37,Normal,Unranked,1642,Team0
38898578,2025-08-17 21:26:57,Normal,Unranked,2514,Team1
38898801,2025-08-17 21:34:44,Normal,Unranked,1488,Team1
38898866,2025-08-17 21:37:32,Normal,Unranked,1404,Team1
38898955,2025-08-17 21:40:28,Normal,Unranked,1704,Team0
38899136,2025-08-17 21:47:24,Normal,Unranked,1530,Team0
38899275,2025-08-17 21:52:43,Normal,Unranked,1659,Team1
38899439,2025-08-17 21:59:12,Normal,Unranked,1804,Team1
38899503,2025-08-17 22:01:56,Normal,Unranked,1619,Team1
38899538,2025-08-17 22:03:15,Normal,Unranked,2133,Team0
38899691,2025-08-17 22:09:08,Normal,Unranked,2167,Team0
38899745,2025-08-17 22:11:13,Normal,Unranked,1942,Team0
38899873,2025-08-17 22:16:49,Normal,Unranked,414,Team1
38899998,2025-08-17 22:21:47,Normal,Unranked,2048,Team0
38900080,2025-08-17 22:24:53,Normal,Unranked,1696,Team0
38900162,2025-08-17 22:28:13,Normal,Unranked,1382,Team1
38900433,2025-08-17 22:39:16,Normal,Unranked,1792,Team1
38900468,2025-08-17 22:40:39,Normal,Unranked,1248,Team1
38900539,2025-08-17 22:42:51,Normal,Unranked,1429,Team1
38900716,2025-08-17 22:50:29,Normal,Unranked,1453,Team1
38900740,2025-08-17 22:51:26,Normal,Unranked,1887,Team0
38900786,2025-08-17 22:53:30,Normal,Unranked,1373,Team0
38900936,2025-08-17 22:58:58,Normal,Unranked,1558,Team1
38901191,2025-08-17 23:09:53,Normal,Unranked,1701,Team1
38901219,2025-08-17 23:11:07,Normal,Unranked,1575,Team1
38901352,2025-08-17 23:16:25,Normal,Unranked,1684,Team0
38901441,2025-08-17 23:20:12,Normal,Unranked,1789,Team1
38901488,2025-08-17 23:22:19,Normal,Unranked,1471,Team1
38901595,2025-08-17 23:26:03,Normal,Unranked,1966,Team1
38901656,2025-08-17 23:28:37,Normal,Unranked,1451,Team0
38901727,2025-08-17 23:32:15,Normal,Unranked,1413,Team1
38901952,2025-08-17 23:42:19,Normal,Unranked,438,Team1
38902043,2025-08-17 23:46:16,Normal,Unranked,2253,Team0
38902147,2025-08-17 23:50:59,Normal,Unranked,1303,Team1
38902222,2025-08-17 23:53:46,Normal,Unranked,1673,Team1
38902359,2025-08-17 23:58:53,Normal,Unranked,1999,Team0
38902576,2025-08-18 00:08:38,Normal,Unranked,1879,Team1
38902729,2025-08-18 00:15:39,Normal,Unranked,2072,Team1
38902927,2025-08-18 00:24:32,Normal,Unranked,1695,Team1
38902991,2025-08-18 00:26:46,Normal,Unranked,1110,Team1
38903073,2025-08-18 00:30:41,Normal,Unranked,1649,Team1
38903098,2025-08-18 00:31:57,Normal,Unranked,2033,Team1
38903413,2025-08-18 00:45:15,Normal,Unranked,1616,Team1
38903573,2025-08-18 00:52:33,Normal,Unranked,1853,Team1
38903724,2025-08-18 00:59:23,Normal,Unranked,1998,Team1
38903822,2025-08-18 01:03:48,Normal,Unranked,1485,Team0
38903949,2025-08-18 01:09:42,Normal,Unranked,1539,Team0
38904174,2025-08-18 01:18:45,Normal,Unranked,1311,Team0
38904203,2025-08-18 01:19:41,Normal,Unranked,1926,Team1
38904326,2025-08-18 01:24:57,Normal,Unranked,1597,Team0
38904416,2025-08-18 01:29:11,Normal,Unranked,1550,Team1
38904598,2025-08-18 01:36:48,Normal,Unranked,2041,Team0
38904691,2025-08-18 01:41:25,Normal,Unranked,1753,Team0
38904725,2025-08-18 01:42:40,Normal,Unranked,1616,Team0
38904855,2025-08-18 01:48:22,Normal,Unranked,1546,Team1
38904939,2025-08-18 01:52:10,Normal,Unranked,1711,Team0
38905067,2025-08-18 01:57:06,Normal,Unranked,1809,Team1
38905251,2025-08-18 02:04:50,Normal,Unranked,1795,Team1
38905316,2025-08-18 02:07:47,Normal,Unranked,2127,Team0
38905454,2025-08-18 02:13:43,Normal,Unranked,1788,Team1
38905668,2025-08-18 02:23:55,Normal,Unranked,2174,Team0
38905907,2025-08-18 02:35:17,Normal,Unranked,1820,Team0
38906082,2025-08-18 02:43:09,Normal,Unranked,1681,Team0
38906150,2025-08-18 02:46:22,Normal,Unranked,1675,Team0
38906238,2025-08-18 02:50:22,Normal,Unranked,1772,Team1
38845561,2025-08-16 02:58:40,Normal,Unranked,1631,Team1
38845826,2025-08-16 03:12:00,Normal,Unranked,2160,Team1
38845975,2025-08-16 03:19:00,Normal,Unranked,2118,Team1
38846004,2025-08-16 03:20:39,Normal,Unranked,1315,Team0
38846096,2025-08-16 03:25:01,Normal,Unranked,1699,Team0
38846108,2025-08-16 03:25:55,Normal,Unranked,1666,Team1
38846181,2025-08-16 03:30:02,Normal,Unranked,2479,Team1
38846384,2025-08-16 03:40:22,Normal,Unranked,1626,Team0
38846598,2025-08-16 03:50:06,Normal,Unranked,1718,Team1
38846868,2025-08-16 04:03:56,Normal,Unranked,1598,Team0
38846885,2025-08-16 04:04:46,Normal,Unranked,2034,Team0
38846972,2025-08-16 04:09:07,Normal,Unranked,1659,Team1
38847044,2025-08-16 04:13:01,Normal,Unranked,1868,Team0
38847188,2025-08-16 04:20:21,Normal,Unranked,1501,Team1
38847221,2025-08-16 04:21:40,Normal,Unranked,1716,Team1
38847353,2025-08-16 04:27:48,Normal,Unranked,2065,Team1
38847409,2025-08-16 04:30:57,Normal,Unranked,1470,Team1
38847603,2025-08-16 04:42:06,Normal,Unranked,1720,Team0
38847691,2025-08-16 04:47:09,Normal,Unranked,1525,Team0
38847765,2025-08-16 04:50:48,Normal,Unranked,1718,Team0
38848003,2025-08-16 05:04:52,Normal,Unranked,1841,Team1
38848038,2025-08-16 05:06:26,Normal,Unranked,1539,Team0
38848267,2025-08-16 05:20:52,Normal,Unranked,1788,Team1
38848670,2025-08-16 05:43:42,Normal,Unranked,1533,Team1
38848833,2025-08-16 05:54:09,Normal,Unranked,1749,Team1
38848916,2025-08-16 05:59:13,Normal,Unranked,1491,Team1
38849021,2025-08-16 06:06:26,Normal,Unranked,2238,Team1
38849123,2025-08-16 06:13:14,Normal,Unranked,1355,Team1
38849584,2025-08-16 06:43:25,Normal,Unranked,1820,Team1
38849950,2025-08-16 07:11:10,Normal,Unranked,1645,Team1
38850023,2025-08-16 07:17:11,Normal,Unranked,2187,Team1
38850034,2025-08-16 07:17:50,Normal,Unranked,785,Team1
38850320,2025-08-16 07:39:09,Normal,Unranked,1980,Team1
38850568,2025-08-16 08:00:26,Normal,Unranked,1628,Team0
38850993,2025-08-16 08:35:15,Normal,Unranked,1617,Team0
38851365,2025-08-16 09:04:00,Normal,Unranked,2242,Team1
38851886,2025-08-16 09:45:41,Normal,Unranked,2076,Team1
38851978,2025-08-16 09:52:15,Normal,Unranked,1956,Team0
38852032,2025-08-16 09:56:48,Normal,Unranked,1987,Team1
38852161,2025-08-16 10:06:06,Normal,Unranked,1531,Team1
38852497,2025-08-16 10:31:43,Normal,Unranked,1818,Team1
38852534,2025-08-16 10:34:10,Normal,Unranked,1698,Team1
38852774,2025-08-16 10:50:47,Normal,Unranked,2075,Team0
38852868,2025-08-16 10:57:01,Normal,Unranked,1852,Team0
38852993,2025-08-16 11:05:40,Normal,Unranked,1927,Team1
38853057,2025-08-16 11:09:28,Normal,Unranked,1477,Team0
38853219,2025-08-16 11:20:41,Normal,Unranked,1057,Team0
38853364,2025-08-16 11:30:36,Normal,Unranked,1975,Team0
38853442,2025-08-16 11:35:41,Normal,Unranked,1793,Team1
38853535,2025-08-16 11:41:33,Normal,Unranked,1955,Team0
38854116,2025-08-16 12:16:51,Normal,Unranked,961,Team0
38854191,2025-08-16 12:21:16,Normal,Unranked,2543,Team0
38854222,2025-08-16 12:22:44,Normal,Unranked,1889,Team0
38854231,2025-08-16 12:23:21,Normal,Unranked,1413,Team0
38854553,2025-08-16 12:41:47,Normal,Unranked,1765,Team1
38854690,2025-08-16 12:49:21,Normal,Unranked,1623,Team1
38854746,2025-08-16 12:52:29,Normal,Unranked,1635,Team0
38854883,2025-08-16 12:59:47,Normal,Unranked,1640,Team1
38855033,2025-08-16 13:08:00,Normal,Unranked,1469,Team1
38855116,2025-08-16 13:12:32,Normal,Unranked,1922,Team0
38855451,2025-08-16 13:30:11,Normal,Unranked,1389,Team0
38855519,2025-08-16 13:33:40,Normal,Unranked,1788,Team0
38855795,2025-08-16 13:47:33,Normal,Unranked,1693,Team0
38855893,2025-08-16 13:52:00,Normal,Unranked,1410,Team0
38856023,2025-08-16 13:58:52,Normal,Unranked,1526,Team1
38856213,2025-08-16 14:08:26,Normal,Unranked,1451,Team1
38856254,2025-08-16 14:10:08,Normal,Unranked,1802,Team0
38856503,2025-08-16 14:21:07,Normal,Unranked,1635,Team0
38856512,2025-08-16 14:21:35,Normal,Unranked,1819,Team0
38856631,2025-08-16 14:27:36,Normal,Unranked,580,Team0
38856785,2025-08-16 14:34:40,Normal,Unranked,1674,Team1
38856843,2025-08-16 14:37:25,Normal,Unranked,1369,Team1
38856943,2025-08-16 14:42:26,Normal,Unranked,1888,Team1
38856953,2025-08-16 14:43:02,Normal,Unranked,2101,Team1
38857017,2025-08-16 14:46:41,Normal,Unranked,1744,Team1
38857155,2025-08-16 14:53:06,Normal,Unranked,1685,Team1
38857369,2025-08-16 15:02:46,Normal,Unranked,1797,Team0
38857466,2025-08-16 15:06:43,Normal,Unranked,1625,Team0
38857630,2025-08-16 15:13:40,Normal,Unranked,1664,Team0
38857665,2025-08-16 15:15:14,Normal,Unranked,1747,Team0
38857843,2025-08-16 15:23:51,Normal,Unranked,502,Team1
38858005,2025-08-16 15:31:16,Normal,Unranked,1505,Team0
38858050,2025-08-16 15:33:02,Normal,Unranked,1406,Team1
38858065,2025-08-16 15:33:39,Normal,Unranked,1695,Team0
38858282,2025-08-16 15:42:50,Normal,Unranked,1203,Team0
38858483,2025-08-16 15:51:55,Normal,Unranked,1764,Team0
38858621,2025-08-16 15:58:39,Normal,Unranked,1458,Team1
38858706,2025-08-16 16:01:54,Normal,Unranked,859,Team1
38858746,2025-08-16 16:03:53,Normal,Unranked,1555,Team0
38858808,2025-08-16 16:06:28,Normal,Unranked,1295,Team1
38858874,2025-08-16 16:09:13,Normal,Unranked,1729,Team0
38858937,2025-08-16 16:11:47,Normal,Unranked,1779,Team0
38859027,2025-08-16 16:15:20,Normal,Unranked,1692,Team1
38859081,2025-08-16 16:17:29,Normal,Unranked,1651,Team0
38859165,2025-08-16 16:21:14,Normal,Unranked,1682,Team1
38859288,2025-08-16 16:26:48,Normal,Unranked,1748,Team1
38859398,2025-08-16 16:31:21,Normal,Unranked,1777,Team1
38859434,2025-08-16 16:32:51,Normal,Unranked,1946,Team1
38859672,2025-08-16 16:43:34,Normal,Unranked,1493,Team0
38859772,2025-08-16 16:47:30,Normal,Unranked,1625,Team0
38859845,2025-08-16 16:50:12,Normal,Unranked,1370,Team0
38859975,2025-08-16 16:55:52,Normal,Unranked,1422,Team0
38860127,2025-08-16 17:02:43,Normal,Unranked,1631,Team1
38860270,2025-08-16 17:08:22,Normal,Unranked,1609,Team1
38860286,2025-08-16 17:09:14,Normal,Unranked,2210,Team0
38860367,2025-08-16 17:12:31,Normal,Unranked,1656,Team0
38860392,2025-08-16 17:13:40,Normal,Unranked,1800,Team0
38860640,2025-08-16 17:23:41,Normal,Unranked,2115,Team1
38860842,2025-08-16 17:31:25,Normal,Unranked,1752,Team0
38860909,2025-08-16 17:34:16,Normal,Unranked,1308,Team0
38861015,2025-08-16 17:38:13,Normal,Unranked,1846,Team1
38861060,2025-08-16 17:39:36,Normal,Unranked,1612,Team1
38861185,2025-08-16 17:44:47,Normal,Unranked,804,Team1
38861259,2025-08-16 17:47:38,Normal,Unranked,1548,Team0
38861401,2025-08-16 17:52:54,Normal,Unranked,1814,Team0
38861742,2025-08-16 18:05:44,Normal,Unranked,1998,Team1
38861813,2025-08-16 18:08:37,Normal,Unranked,1602,Team0
38861898,2025-08-16 18:12:20,Normal,Unranked,2270,Team1
38861920,2025-08-16 18:12:46,Normal,Unranked,1684,Team1
38862087,2025-08-16 18:18:52,Normal,Unranked,1851,Team1
38862251,2025-08-16 18:25:03,Normal,Unranked,1530,Team0
38862667,2025-08-16 18:40:25,Normal,Unranked,1407,Team0
38862927,2025-08-16 18:48:37,Normal,Unranked,2010,Team1
38862981,2025-08-16 18:50:36,Normal,Unranked,1536,Team0
38863055,2025-08-16 18:53:01,Normal,Unranked,2064,Team0
38863172,2025-08-16 18:57:46,Normal,Unranked,1478,Team1
38863320,2025-08-16 19:03:10,Normal,Unranked,1677,Team1
38863338,2025-08-16 19:03:39,Normal,Unranked,1722,Team1
38863580,2025-08-16 19:11:52,Normal,Unranked,1338,Team1
38863610,2025-08-16 19:12:46,Normal,Unranked,1748,Team1
38863694,2025-08-16 19:16:06,Normal,Unranked,1811,Team0
38863791,2025-08-16 19:19:25,Normal,Unranked,1757,Team1
38864207,2025-08-16 19:33:58,Normal,Unranked,1558,Team0
38864223,2025-08-16 19:34:18,Normal,Unranked,1550,Team1
38864378,2025-08-16 19:39:54,Normal,Unranked,1594,Team0
38864424,2025-08-16 19:41:38,Normal,Unranked,2237,Team1
38864600,2025-08-16 19:47:43,Normal,Unranked,1764,Team1
38864728,2025-08-16 19:52:05,Normal,Unranked,1326,Team0
38864731,2025-08-16 19:52:11,Normal,Unranked,1708,Team1
38864774,2025-08-16 19:53:30,Normal,Unranked,1413,Team0
38865177,2025-08-16 20:07:39,Normal,Unranked,1599,Team1
38865457,2025-08-16 20:16:45,Normal,Unranked,1492,Team1
38865560,2025-08-16 20:20:05,Normal,Unranked,359,Team0
38865566,2025-08-16 20:20:19,Normal,Unranked,1558,Team1
38865581,2025-08-16 20:21:07,Normal,Unranked,2055,Team0
38865725,2025-08-16 20:25:32,Normal,Unranked,1919,Team0
38865820,2025-08-16 20:28:31,Normal,Unranked,1677,Team1
38866003,2025-08-16 20:35:09,Normal,Unranked,1953,Team0
38866194,2025-08-16 20:42:26,Normal,Unranked,2346,Team1
38866218,2025-08-16 20:42:56,Normal,Unranked,2091,Team0
38866298,2025-08-16 20:45:32,Normal,Unranked,1487,Team0
38866654,2025-08-16 20:58:24,Normal,Unranked,1101,Team1
38866670,2025-08-16 20:58:52,Normal,Unranked,1719,Team0
38866794,2025-08-16 21:03:16,Normal,Unranked,2112,Team1
38866809,2025-08-16 21:03:39,Normal,Unranked,1436,Team1
38866955,2025-08-16 21:09:14,Normal,Unranked,1320,Team0
38867323,2025-08-16 21:23:05,Normal,Unranked,2226,Team0
38867383,2025-08-16 21:25:34,Normal,Unranked,1755,Team0
38867440,2025-08-16 21:27:40,Normal,Unranked,1757,Team0
38867522,2025-08-16 21:30:20,Normal,Unranked,1509,Team0
38867936,2025-08-16 21:46:12,Normal,Unranked,1790,Team1
38868273,2025-08-16 21:58:49,Normal,Unranked,1473,Team0
38868400,2025-08-16 22:03:33,Normal,Unranked,2113,Team1
38868627,2025-08-16 22:12:23,Normal,Unranked,1619,Team1
38868756,2025-08-16 22:17:37,Normal,Unranked,1459,Team0
38868836,2025-08-16 22:21:14,Normal,Unranked,2158,Team0
38869061,2025-08-16 22:31:04,Normal,Unranked,1483,Team1
38869198,2025-08-16 22:36:53,Normal,Unranked,1705,Team1
38869206,2025-08-16 22:37:23,Normal,Unranked,1421,Team1
38869398,2025-08-16 22:45:21,Normal,Unranked,2221,Team0
38869433,2025-08-16 22:46:46,Normal,Unranked,1838,Team1
38869454,2025-08-16 22:47:46,Normal,Unranked,1543,Team0
38869497,2025-08-16 22:49:49,Normal,Unranked,1299,Team0
38869892,2025-08-16 23:06:55,Normal,Unranked,1200,Team0
38870104,2025-08-16 23:17:11,Normal,Unranked,1678,Team1
38870209,2025-08-16 23:21:54,Normal,Unranked,2037,Team1
38870240,2025-08-16 23:23:12,Normal,Unranked,1742,Team0
38870331,2025-08-16 23:27:18,Normal,Unranked,1586,Team1
38870392,2025-08-16 23:29:29,Normal,Unranked,1614,Team1
38870803,2025-08-16 23:49:22,Normal,Unranked,1538,Team1
38870952,2025-08-16 23:56:15,Normal,Unranked,1712,Team1
38870973,2025-08-16 23:56:43,Normal,Unranked,1395,Team1
38871022,2025-08-16 23:59:17,Normal,Unranked,1682,Team1
38871137,2025-08-17 00:04:59,Normal,Unranked,1561,Team1
38871211,2025-08-17 00:09:31,Normal,Unranked,1622,Team1
38871383,2025-08-17 00:18:20,Normal,Unranked,2430,Team1
38871441,2025-08-17 00:21:36,Normal,Unranked,1868,Team0
38871507,2025-08-17 00:25:15,Normal,Unranked,2116,Team0
38871586,2025-08-17 00:29:24,Normal,Unranked,1390,Team0
38871712,2025-08-17 00:35:41,Normal,Unranked,1597,Team1
38871820,2025-08-17 00:41:26,Normal,Unranked,1843,Team0
38872017,2025-08-17 00:51:31,Normal,Unranked,1666,Team0
38872224,2025-08-17 01:02:46,Normal,Unranked,1799,Team1
38872370,2025-08-17 01:09:27,Normal,Unranked,1716,Team1
38872600,2025-08-17 01:21:23,Normal,Unranked,1037,Team1
38872769,2025-08-17 01:29:40,Normal,Unranked,1824,Team1
38873049,2025-08-17 01:44:10,Normal,Unranked,2197,Team0
38873169,2025-08-17 01:49:32,Normal,Unranked,1801,Team0
38873421,2025-08-17 02:01:38,Normal,Unranked,1797,Team0
38873624,2025-08-17 02:11:36,Normal,Unranked,1271,Team0
38873665,2025-08-17 02:13:44,Normal,Unranked,1729,Team0
38874002,2025-08-17 02:30:38,Normal,Unranked,1628,Team0
38874172,2025-08-17 02:38:55,Normal,Unranked,1824,Team1
38874404,2025-08-17 02:51:24,Normal,Unranked,1444,Team1
38818255,2025-08-15 02:53:42,Normal,Unranked,1502,Team1
38818537,2025-08-15 03:07:31,Normal,Unranked,1572,Team0
38818806,2025-08-15 03:21:16,Normal,Unranked,1680,Team0
38818843,2025-08-15 03:23:18,Normal,Unranked,1793,Team1
38819013,2025-08-15 03:32:45,Normal,Unranked,2084,Team0
38819186,2025-08-15 03:41:49,Normal,Unranked,1758,Team1
38819287,2025-08-15 03:46:48,Normal,Unranked,1414,Team1
38819410,2025-08-15 03:53:37,Normal,Unranked,1718,Team0
38819440,2025-08-15 03:55:06,Normal,Unranked,1890,Team0
38819477,2025-08-15 03:57:25,Normal,Unranked,1785,Team0
38819663,2025-08-15 04:07:49,Normal,Unranked,1749,Team1
38819769,2025-08-15 04:14:03,Normal,Unranked,1476,Team1
38819948,2025-08-15 04:25:12,Normal,Unranked,1754,Team1
38819996,2025-08-15 04:28:34,Normal,Unranked,2187,Team1
38820180,2025-08-15 04:40:00,Normal,Unranked,1444,Team1
38820202,2025-08-15 04:41:44,Normal,Unranked,1970,Team1
38820345,2025-08-15 04:49:47,Normal,Unranked,1819,Team0
38820589,2025-08-15 05:05:50,Normal,Unranked,1888,Team0
38820618,2025-08-15 05:07:52,Normal,Unranked,1985,Team1
38820786,2025-08-15 05:20:18,Normal,Unranked,1693,Team1
38820900,2025-08-15 05:28:22,Normal,Unranked,1486,Team0
38821082,2025-08-15 05:41:16,Normal,Unranked,1755,Team1
38821303,2025-08-15 05:57:35,Normal,Unranked,1346,Team0
38821554,2025-08-15 06:17:35,Normal,Unranked,707,Team1
38821760,2025-08-15 06:35:37,Normal,Unranked,1338,Team0
38822225,2025-08-15 07:17:21,Normal,Unranked,1885,Team0
38822614,2025-08-15 07:50:38,Normal,Unranked,1218,Team1
38822908,2025-08-15 08:18:44,Normal,Unranked,1929,Team0
38823040,2025-08-15 08:31:21,Normal,Unranked,1739,Team0
38823073,2025-08-15 08:34:15,Normal,Unranked,2003,Team0
38823224,2025-08-15 08:49:04,Normal,Unranked,265,Team0
38823452,2025-08-15 09:09:38,Normal,Unranked,1802,Team0
38823871,2025-08-15 09:49:15,Normal,Unranked,1423,Team1
38824230,2025-08-15 10:20:50,Normal,Unranked,1733,Team1
38824595,2025-08-15 10:48:21,Normal,Unranked,2324,Team0
38824648,2025-08-15 10:51:48,Normal,Unranked,1648,Team1
38824853,2025-08-15 11:07:45,Normal,Unranked,2017,Team0
38824887,2025-08-15 11:09:48,Normal,Unranked,1785,Team0
38825137,2025-08-15 11:28:22,Normal,Unranked,1148,Team1
38825260,2025-08-15 11:37:33,Normal,Unranked,1620,Team0
38825308,2025-08-15 11:41:13,Normal,Unranked,1531,Team1
38825410,2025-08-15 11:48:17,Normal,Unranked,1963,Team1
38825448,2025-08-15 11:51:09,Normal,Unranked,1316,Team0
38825517,2025-08-15 11:56:00,Normal,Unranked,1680,Team1
38825825,2025-08-15 12:17:24,Normal,Unranked,1661,Team1
38825964,2025-08-15 12:27:00,Normal,Unranked,1646,Team1
38826037,2025-08-15 12:31:09,Normal,Unranked,1774,Team0
38826077,2025-08-15 12:34:21,Normal,Unranked,1655,Team1
38826103,2025-08-15 12:36:06,Normal,Unranked,1600,Team0
38826148,2025-08-15 12:39:01,Normal,Unranked,2183,Team1
38826337,2025-08-15 12:50:06,Normal,Unranked,1011,Team0
38826546,2025-08-15 13:04:35,Normal,Unranked,2108,Team0
38826621,2025-08-15 13:08:37,Normal,Unranked,1833,Team1
38826710,2025-08-15 13:14:29,Normal,Unranked,2132,Team0
38826769,2025-08-15 13:18:17,Normal,Unranked,1462,Team0
38826889,2025-08-15 13:24:25,Normal,Unranked,2551,Team0
38827101,2025-08-15 13:37:52,Normal,Unranked,1333,Team1
38827194,2025-08-15 13:43:47,Normal,Unranked,1344,Team0
38827356,2025-08-15 13:52:50,Normal,Unranked,1639,Team1
38827515,2025-08-15 14:01:46,Normal,Unranked,1792,Team0
38827713,2025-08-15 14:12:40,Normal,Unranked,1476,Team1
38827724,2025-08-15 14:13:12,Normal,Unranked,1592,Team0
38828083,2025-08-15 14:32:28,Normal,Unranked,1852,Team0
38828158,2025-08-15 14:36:31,Normal,Unranked,1873,Team0
38828284,2025-08-15 14:42:46,Normal,Unranked,1454,Team0
38828291,2025-08-15 14:43:24,Normal,Unranked,1532,Team1
38828441,2025-08-15 14:50:42,Normal,Unranked,992,Team1
38828524,2025-08-15 14:54:57,Normal,Unranked,1672,Team1
38828815,2025-08-15 15:08:47,Normal,Unranked,1787,Team0
38828881,2025-08-15 15:11:54,Normal,Unranked,1643,Team0
38828948,2025-08-15 15:15:47,Normal,Unranked,1702,Team1
38829033,2025-08-15 15:20:12,Normal,Unranked,1993,Team0
38829404,2025-08-15 15:38:12,Normal,Unranked,1624,Team1
38829566,2025-08-15 15:46:22,Normal,Unranked,1322,Team1
38829809,2025-08-15 15:57:42,Normal,Unranked,490,Team1
38829883,2025-08-15 16:00:59,Normal,Unranked,1443,Team1
38829896,2025-08-15 16:01:41,Normal,Unranked,2032,Team0
38830060,2025-08-15 16:09:17,Normal,Unranked,1968,Team1
38830197,2025-08-15 16:15:56,Normal,Unranked,1544,Team1
38830232,2025-08-15 16:17:50,Normal,Unranked,1534,Team1
38830244,2025-08-15 16:18:23,Normal,Unranked,1156,Team1
38830499,2025-08-15 16:29:51,Normal,Unranked,1576,Team0
38830579,2025-08-15 16:33:33,Normal,Unranked,1902,Team0
38830805,2025-08-15 16:43:35,Normal,Unranked,2412,Team0
38830807,2025-08-15 16:43:44,Normal,Unranked,1470,Team1
38831007,2025-08-15 16:52:38,Normal,Unranked,1756,Team1
38831032,2025-08-15 16:53:48,Normal,Unranked,1350,Team1
38831231,2025-08-15 17:02:29,Normal,Unranked,2067,Team1
38831268,2025-08-15 17:03:42,Normal,Unranked,1725,Team0
38831465,2025-08-15 17:11:46,Normal,Unranked,1431,Team0
38831809,2025-08-15 17:25:44,Normal,Unranked,1214,Team0
38831821,2025-08-15 17:26:15,Normal,Unranked,1922,Team0
38831909,2025-08-15 17:29:41,Normal,Unranked,1361,Team0
38831946,2025-08-15 17:31:19,Normal,Unranked,1999,Team1
38832005,2025-08-15 17:33:52,Normal,Unranked,1859,Team1
38832188,2025-08-15 17:41:04,Normal,Unranked,1421,Team1
38832299,2025-08-15 17:46:26,Normal,Unranked,1245,Team0
38832332,2025-08-15 17:47:36,Normal,Unranked,1373,Team1
38832456,2025-08-15 17:53:12,Normal,Unranked,1726,Team1
38832686,2025-08-15 18:01:11,Normal,Unranked,1511,Team1
38832706,2025-08-15 18:01:59,Normal,Unranked,1283,Team0
38832948,2025-08-15 18:10:50,Normal,Unranked,2382,Team1
38833079,2025-08-15 18:16:14,Normal,Unranked,1540,Team0
38833338,2025-08-15 18:26:16,Normal,Unranked,1266,Team0
38833466,2025-08-15 18:30:50,Normal,Unranked,1852,Team0
38833511,2025-08-15 18:32:24,Normal,Unranked,1751,Team1
38833675,2025-08-15 18:37:49,Normal,Unranked,1437,Team1
38833684,2025-08-15 18:38:11,Normal,Unranked,1463,Team0
38833828,2025-08-15 18:43:54,Normal,Unranked,2043,Team1
38834067,2025-08-15 18:53:46,Normal,Unranked,1899,Team1
38834375,2025-08-15 19:06:03,Normal,Unranked,1318,Team1
38834492,2025-08-15 19:09:58,Normal,Unranked,2022,Team1
38834632,2025-08-15 19:15:17,Normal,Unranked,1647,Team1
38834828,2025-08-15 19:22:10,Normal,Unranked,1583,Team0
38834848,2025-08-15 19:23:04,Normal,Unranked,1239,Team0
38834915,2025-08-15 19:25:35,Normal,Unranked,1743,Team0
38834929,2025-08-15 19:25:54,Normal,Unranked,1522,Team0
38835031,2025-08-15 19:29:49,Normal,Unranked,1601,Team0
38835251,2025-08-15 19:37:37,Normal,Unranked,2267,Team1
38835255,2025-08-15 19:37:43,Normal,Unranked,1814,Team1
38835425,2025-08-15 19:44:03,Normal,Unranked,1789,Team1
38835676,2025-08-15 19:53:27,Normal,Unranked,1802,Team0
38835701,2025-08-15 19:54:21,Normal,Unranked,1029,Team0
38835729,2025-08-15 19:55:15,Normal,Unranked,1963,Team0
38835847,2025-08-15 19:59:47,Normal,Unranked,1402,Team1
38836069,2025-08-15 20:08:31,Normal,Unranked,1785,Team1
38836183,2025-08-15 20:12:47,Normal,Unranked,1622,Team0
38836323,2025-08-15 20:17:58,Normal,Unranked,1707,Team1
38836383,2025-08-15 20:20:02,Normal,Unranked,1487,Team1
38836497,2025-08-15 20:24:21,Normal,Unranked,1453,Team0
38836839,2025-08-15 20:36:44,Normal,Unranked,1515,Team0
38836994,2025-08-15 20:42:00,Normal,Unranked,2360,Team0
38837115,2025-08-15 20:46:20,Normal,Unranked,1754,Team1
38837179,2025-08-15 20:48:55,Normal,Unranked,1669,Team0
38837202,2025-08-15 20:49:53,Normal,Unranked,1686,Team1
38837414,2025-08-15 20:57:29,Normal,Unranked,1713,Team0
38837489,2025-08-15 20:59:47,Normal,Unranked,2163,Team0
38837615,2025-08-15 21:04:40,Normal,Unranked,1480,Team0
38837734,2025-08-15 21:09:22,Normal,Unranked,1804,Team0
38837856,2025-08-15 21:13:50,Normal,Unranked,1905,Team0
38838058,2025-08-15 21:21:11,Normal,Unranked,1589,Team1
38838064,2025-08-15 21:21:22,Normal,Unranked,417,Team1
38838130,2025-08-15 21:24:22,Normal,Unranked,1991,Team0
38838232,2025-08-15 21:27:41,Normal,Unranked,2102,Team0
38838284,2025-08-15 21:29:28,Normal,Unranked,2383,Team1
38838398,2025-08-15 21:33:40,Normal,Unranked,1912,Team0
38838461,2025-08-15 21:36:09,Normal,Unranked,2036,Team0
38838761,2025-08-15 21:47:47,Normal,Unranked,2008,Team0
38838822,2025-08-15 21:49:45,Normal,Unranked,1158,Team1
38838887,2025-08-15 21:52:03,Normal,Unranked,1709,Team0
38839098,2025-08-15 22:00:31,Normal,Unranked,1590,Team0
38839181,2025-08-15 22:04:02,Normal,Unranked,1290,Team0
38839286,2025-08-15 22:07:55,Normal,Unranked,1704,Team1
38839473,2025-08-15 22:15:00,Normal,Unranked,2015,Team0
38839481,2025-08-15 22:15:22,Normal,Unranked,1512,Team0
38839522,2025-08-15 22:16:52,Normal,Unranked,1394,Team0
38839594,2025-08-15 22:19:40,Normal,Unranked,2450,Team0
38839841,2025-08-15 22:29:23,Normal,Unranked,1650,Team0
38840111,2025-08-15 22:40:55,Normal,Unranked,1348,Team1
38840299,2025-08-15 22:48:18,Normal,Unranked,1747,Team1
38840310,2025-08-15 22:48:36,Normal,Unranked,1767,Team1
38840461,2025-08-15 22:54:46,Normal,Unranked,1849,Team0
38840487,2025-08-15 22:55:58,Normal,Unranked,1327,Team1
38840625,2025-08-15 23:02:16,Normal,Unranked,1532,Team0
38840701,2025-08-15 23:06:22,Normal,Unranked,1674,Team0
38840702,2025-08-15 23:06:28,Normal,Unranked,1574,Team0
38840788,2025-08-15 23:10:19,Normal,Unranked,1748,Team0
38840988,2025-08-15 23:19:39,Normal,Unranked,1920,Team0
38841214,2025-08-15 23:29:08,Normal,Unranked,1888,Team0
38841289,2025-08-15 23:32:38,Normal,Unranked,1648,Team0
38841352,2025-08-15 23:35:27,Normal,Unranked,1881,Team1
38841621,2025-08-15 23:46:54,Normal,Unranked,1715,Team1
38841790,2025-08-15 23:55:18,Normal,Unranked,1701,Team0
38841839,2025-08-15 23:57:19,Normal,Unranked,1665,Team1
38841944,2025-08-16 00:02:35,Normal,Unranked,1474,Team1
38841998,2025-08-16 00:05:36,Normal,Unranked,2148,Team1
38842133,2025-08-16 00:12:27,Normal,Unranked,1682,Team1
38842260,2025-08-16 00:18:26,Normal,Unranked,1350,Team0
38842360,2025-08-16 00:23:44,Normal,Unranked,1630,Team0
38842413,2025-08-16 00:26:03,Normal,Unranked,1363,Team0
38842464,2025-08-16 00:28:45,Normal,Unranked,1340,Team1
38842829,2025-08-16 00:46:18,Normal,Unranked,1842,Team1
38842979,2025-08-16 00:54:17,Normal,Unranked,1237,Team1
38842982,2025-08-16 00:54:23,Normal,Unranked,2096,Team1
38843130,2025-08-16 01:01:58,Normal,Unranked,487,Team0
38843234,2025-08-16 01:07:07,Normal,Unranked,2001,Team1
38843539,2025-08-16 01:22:19,Normal,Unranked,1699,Team1
38843691,2025-08-16 01:29:38,Normal,Unranked,1607,Team0
38843876,2025-08-16 01:38:25,Normal,Unranked,1636,Team0
38844076,2025-08-16 01:48:11,Normal,Unranked,1624,Team1
38844319,2025-08-16 01:59:59,Normal,Unranked,1935,Team0
38844342,2025-08-16 02:00:58,Normal,Unranked,1630,Team0
38844909,2025-08-16 02:28:39,Normal,Unranked,1693,Team1
38845004,2025-08-16 02:33:03,Normal,Unranked,1923,Team0
38845069,2025-08-16 02:36:11,Normal,Unranked,2601,Team0
38845133,2025-08-16 02:38:57,Normal,Unranked,1701,Team1
38845197,2025-08-16 02:42:12,Normal,Unranked,1963,Team0
38791282,2025-08-14 02:53:47,Normal,Unranked,1402,Team0
38791517,2025-08-14 03:04:31,Normal,Unranked,1822,Team0
38791717,2025-08-14 03:12:49,Normal,Unranked,1329,Team0
38791906,2025-08-14 03:22:13,Normal,Unranked,1425,Team0
38791971,2025-08-14 03:25:14,Normal,Unranked,1490,Team1
38792147,2025-08-14 03:34:22,Normal,Unranked,1640,Team1
38792274,2025-08-14 03:40:58,Normal,Unranked,1895,Team1
38792350,2025-08-14 03:44:59,Normal,Unranked,1505,Team0
38792444,2025-08-14 03:50:18,Normal,Unranked,1788,Team0
38792524,2025-08-14 03:53:59,Normal,Unranked,1652,Team0
38792610,2025-08-14 03:57:54,Normal,Unranked,1581,Team1
38792642,2025-08-14 03:59:58,Normal,Unranked,1654,Team1
38792657,2025-08-14 04:00:57,Normal,Unranked,1836,Team0
38792810,2025-08-14 04:08:54,Normal,Unranked,1665,Team1
38792902,2025-08-14 04:14:05,Normal,Unranked,1908,Team1
38793059,2025-08-14 04:22:44,Normal,Unranked,1909,Team1
38793110,2025-08-14 04:25:43,Normal,Unranked,1395,Team0
38793219,2025-08-14 04:32:49,Normal,Unranked,1481,Team0
38793465,2025-08-14 04:47:00,Normal,Unranked,1762,Team0
38793653,2025-08-14 04:57:09,Normal,Unranked,1598,Team0
38793686,2025-08-14 04:59:39,Normal,Unranked,1803,Team1
38793691,2025-08-14 04:59:54,Normal,Unranked,448,Team1
38793725,2025-08-14 05:01:45,Normal,Unranked,1729,Team1
38793740,2025-08-14 05:02:52,Normal,Unranked,1626,Team0
38793792,2025-08-14 05:06:26,Normal,Unranked,1515,Team1
38793883,2025-08-14 05:12:29,Normal,Unranked,1432,Team1
38794082,2025-08-14 05:24:14,Normal,Unranked,1979,Team1
38794190,2025-08-14 05:31:48,Normal,Unranked,1829,Team0
38794230,2025-08-14 05:34:08,Normal,Unranked,1553,Team1
38794509,2025-08-14 05:54:05,Normal,Unranked,1522,Team0
38794682,2025-08-14 06:05:29,Normal,Unranked,1636,Team0
38794700,2025-08-14 06:06:58,Normal,Unranked,1838,Team1
38794927,2025-08-14 06:24:33,Normal,Unranked,1938,Team1
38795042,2025-08-14 06:34:12,Normal,Unranked,1898,Team0
38795501,2025-08-14 07:13:41,Normal,Unranked,1675,Team0
38795968,2025-08-14 07:56:46,Normal,Unranked,2157,Team0
38796309,2025-08-14 08:27:05,Normal,Unranked,2053,Team0
38796406,2025-08-14 08:36:19,Normal,Unranked,1642,Team0
38796460,2025-08-14 08:41:15,Normal,Unranked,2266,Team0
38796710,2025-08-14 09:05:11,Normal,Unranked,1725,Team0
38796872,2025-08-14 09:20:04,Normal,Unranked,2099,Team1
38797079,2025-08-14 09:37:57,Normal,Unranked,1786,Team1
38797080,2025-08-14 09:38:00,Normal,Unranked,1815,Team0
38797182,2025-08-14 09:47:23,Normal,Unranked,335,Team1
38797412,2025-08-14 10:08:07,Normal,Unranked,1564,Team0
38797498,2025-08-14 10:15:54,Normal,Unranked,1457,Team1
38797570,2025-08-14 10:22:09,Normal,Unranked,1442,Team1
38797815,2025-08-14 10:42:36,Normal,Unranked,1862,Team0
38797889,2025-08-14 10:48:20,Normal,Unranked,1324,Team0
38797995,2025-08-14 10:56:50,Normal,Unranked,1921,Team0
38798184,2025-08-14 11:11:51,Normal,Unranked,2002,Team0
38798213,2025-08-14 11:14:15,Normal,Unranked,1721,Team1
38798292,2025-08-14 11:19:56,Normal,Unranked,2128,Team0
38798340,2025-08-14 11:23:36,Normal,Unranked,515,Team0
38798433,2025-08-14 11:30:05,Normal,Unranked,1759,Team0
38798536,2025-08-14 11:36:49,Normal,Unranked,2173,Team1
38798610,2025-08-14 11:41:24,Normal,Unranked,1428,Team0
38798699,2025-08-14 11:48:27,Normal,Unranked,1547,Team0
38798752,2025-08-14 11:52:49,Normal,Unranked,1316,Team0
38798814,2025-08-14 11:57:26,Normal,Unranked,1531,Team1
38798869,2025-08-14 12:00:46,Normal,Unranked,1499,Team0
38799025,2025-08-14 12:11:09,Normal,Unranked,1502,Team0
38799253,2025-08-14 12:25:42,Normal,Unranked,1840,Team0
38799316,2025-08-14 12:29:50,Normal,Unranked,1378,Team1
38799361,2025-08-14 12:33:00,Normal,Unranked,983,Team0
38799462,2025-08-14 12:40:02,Normal,Unranked,1910,Team0
38799558,2025-08-14 12:46:50,Normal,Unranked,1408,Team0
38799808,2025-08-14 13:02:05,Normal,Unranked,1768,Team0
38799888,2025-08-14 13:07:28,Normal,Unranked,1957,Team0
38799910,2025-08-14 13:08:38,Normal,Unranked,1710,Team1
38800055,2025-08-14 13:17:49,Normal,Unranked,1330,Team0
38800461,2025-08-14 13:42:41,Normal,Unranked,2093,Team0
38800519,2025-08-14 13:46:09,Normal,Unranked,1802,Team0
38800562,2025-08-14 13:48:34,Normal,Unranked,1744,Team0
38800811,2025-08-14 14:02:24,Normal,Unranked,2030,Team0
38800815,2025-08-14 14:02:37,Normal,Unranked,1926,Team0
38801205,2025-08-14 14:23:53,Normal,Unranked,1976,Team1
38801218,2025-08-14 14:24:16,Normal,Unranked,1421,Team1
38801258,2025-08-14 14:25:53,Normal,Unranked,1695,Team0
38801334,2025-08-14 14:30:30,Normal,Unranked,2162,Team1
38801614,2025-08-14 14:47:06,Normal,Unranked,1903,Team0
38801758,2025-08-14 14:54:58,Normal,Unranked,1775,Team0
38802065,2025-08-14 15:10:22,Normal,Unranked,1617,Team1
38802144,2025-08-14 15:14:27,Normal,Unranked,1677,Team1
38802422,2025-08-14 15:28:23,Normal,Unranked,1804,Team1
38802485,2025-08-14 15:31:18,Normal,Unranked,1628,Team1
38802626,2025-08-14 15:38:13,Normal,Unranked,1739,Team1
38802859,2025-08-14 15:49:10,Normal,Unranked,1551,Team1
38802988,2025-08-14 15:55:56,Normal,Unranked,1766,Team0
38803074,2025-08-14 15:59:45,Normal,Unranked,2071,Team0
38803144,2025-08-14 16:02:52,Normal,Unranked,2480,Team0
38803267,2025-08-14 16:08:18,Normal,Unranked,1542,Team1
38803410,2025-08-14 16:14:15,Normal,Unranked,1531,Team1
38803467,2025-08-14 16:17:03,Normal,Unranked,1249,Team0
38803541,2025-08-14 16:20:58,Normal,Unranked,1702,Team1
38803669,2025-08-14 16:26:43,Normal,Unranked,2248,Team1
38803710,2025-08-14 16:28:48,Normal,Unranked,1435,Team0
38803784,2025-08-14 16:31:46,Normal,Unranked,1744,Team0
38803787,2025-08-14 16:31:56,Normal,Unranked,1971,Team0
38804067,2025-08-14 16:44:43,Normal,Unranked,2001,Team1
38804172,2025-08-14 16:49:10,Normal,Unranked,1566,Team0
38804280,2025-08-14 16:54:05,Normal,Unranked,1660,Team0
38804436,2025-08-14 17:00:46,Normal,Unranked,1332,Team1
38804497,2025-08-14 17:03:00,Normal,Unranked,2068,Team0
38804711,2025-08-14 17:13:13,Normal,Unranked,1573,Team0
38804835,2025-08-14 17:17:49,Normal,Unranked,1844,Team0
38804932,2025-08-14 17:21:09,Normal,Unranked,1640,Team0
38804976,2025-08-14 17:22:39,Normal,Unranked,1658,Team0
38805062,2025-08-14 17:26:23,Normal,Unranked,1487,Team1
38805081,2025-08-14 17:27:12,Normal,Unranked,1640,Team0
38805127,2025-08-14 17:29:11,Normal,Unranked,1581,Team1
38805236,2025-08-14 17:33:58,Normal,Unranked,1763,Team0
38805375,2025-08-14 17:39:48,Normal,Unranked,1431,Team0
38805477,2025-08-14 17:43:29,Normal,Unranked,2098,Team1
38805632,2025-08-14 17:49:21,Normal,Unranked,2042,Team0
38805659,2025-08-14 17:50:39,Normal,Unranked,1665,Team0
38805716,2025-08-14 17:53:01,Normal,Unranked,1283,Team0
38805820,2025-08-14 17:57:09,Normal,Unranked,1803,Team1
38806102,2025-08-14 18:08:10,Normal,Unranked,1815,Team1
38806176,2025-08-14 18:10:40,Normal,Unranked,2163,Team1
38806210,2025-08-14 18:12:10,Normal,Unranked,2232,Team0
38806308,2025-08-14 18:16:10,Normal,Unranked,1623,Team0
38806433,2025-08-14 18:21:04,Normal,Unranked,1897,Team1
38806482,2025-08-14 18:22:51,Normal,Unranked,378,Team0
38806516,2025-08-14 18:24:03,Normal,Unranked,1507,Team1
38806526,2025-08-14 18:24:22,Normal,Unranked,1422,Team0
38806546,2025-08-14 18:25:13,Normal,Unranked,1263,Team0
38806662,2025-08-14 18:29:08,Normal,Unranked,2007,Team0
38806688,2025-08-14 18:30:17,Normal,Unranked,1458,Team0
38806705,2025-08-14 18:30:49,Normal,Unranked,2012,Team0
38806821,2025-08-14 18:35:12,Normal,Unranked,1491,Team0
38807050,2025-08-14 18:43:57,Normal,Unranked,1675,Team0
38807201,2025-08-14 18:49:39,Normal,Unranked,1472,Team0
38807215,2025-08-14 18:50:29,Normal,Unranked,1666,Team0
38807369,2025-08-14 18:56:31,Normal,Unranked,1771,Team0
38807554,2025-08-14 19:03:24,Normal,Unranked,1588,Team1
38807603,2025-08-14 19:05:21,Normal,Unranked,1778,Team0
38807613,2025-08-14 19:05:43,Normal,Unranked,1977,Team1
38807647,2025-08-14 19:06:53,Normal,Unranked,1881,Team0
38807701,2025-08-14 19:08:50,Normal,Unranked,1659,Team1
38807798,2025-08-14 19:12:13,Normal,Unranked,1364,Team1
38807956,2025-08-14 19:17:56,Normal,Unranked,1758,Team1
38808015,2025-08-14 19:20:07,Normal,Unranked,1448,Team0
38808068,2025-08-14 19:22:03,Normal,Unranked,1707,Team1
38808161,2025-08-14 19:25:47,Normal,Unranked,1973,Team1
38808192,2025-08-14 19:27:14,Normal,Unranked,2000,Team0
38808265,2025-08-14 19:30:07,Normal,Unranked,1890,Team0
38808305,2025-08-14 19:31:42,Normal,Unranked,1789,Team1
38808348,2025-08-14 19:33:54,Normal,Unranked,1426,Team1
38808469,2025-08-14 19:38:19,Normal,Unranked,1991,Team1
38808538,2025-08-14 19:40:54,Normal,Unranked,1571,Team1
38808598,2025-08-14 19:43:11,Normal,Unranked,1784,Team1
38808630,2025-08-14 19:44:18,Normal,Unranked,444,Team0
38808758,2025-08-14 19:48:54,Normal,Unranked,1781,Team0
38808830,2025-08-14 19:52:07,Normal,Unranked,1603,Team0
38808954,2025-08-14 19:56:28,Normal,Unranked,1741,Team1
38809001,2025-08-14 19:58:19,Normal,Unranked,1386,Team0
38809116,2025-08-14 20:02:51,Normal,Unranked,1783,Team0
38809150,2025-08-14 20:04:05,Normal,Unranked,1635,Team0
38809201,2025-08-14 20:06:34,Normal,Unranked,1285,Team0
38809292,2025-08-14 20:10:21,Normal,Unranked,1971,Team0
38809298,2025-08-14 20:10:31,Normal,Unranked,1609,Team0
38809367,2025-08-14 20:13:01,Normal,Unranked,1409,Team1
38809455,2025-08-14 20:16:02,Normal,Unranked,1361,Team0
38809481,2025-08-14 20:16:59,Normal,Unranked,2518,Team1
38809553,2025-08-14 20:20:14,Normal,Unranked,1625,Team0
38809609,2025-08-14 20:22:24,Normal,Unranked,1895,Team1
38809647,2025-08-14 20:23:59,Normal,Unranked,1636,Team1
38809697,2025-08-14 20:25:40,Normal,Unranked,1515,Team1
38809738,2025-08-14 20:26:55,Normal,Unranked,1513,Team1
38809750,2025-08-14 20:27:18,Normal,Unranked,827,Team1
38809878,2025-08-14 20:32:11,Normal,Unranked,1754,Team1
38809981,2025-08-14 20:35:49,Normal,Unranked,1578,Team1
38810086,2025-08-14 20:39:22,Normal,Unranked,1996,Team0
38810159,2025-08-14 20:42:28,Normal,Unranked,2072,Team0
38810192,2025-08-14 20:43:28,Normal,Unranked,1337,Team0
38810412,2025-08-14 20:52:08,Normal,Unranked,1554,Team1
38810474,2025-08-14 20:54:41,Normal,Unranked,1890,Team0
38810516,2025-08-14 20:56:07,Normal,Unranked,1839,Team0
38810652,2025-08-14 21:01:21,Normal,Unranked,1892,Team0
38810668,2025-08-14 21:02:00,Normal,Unranked,714,Team0
38810744,2025-08-14 21:05:10,Normal,Unranked,1392,Team0
38810841,2025-08-14 21:08:46,Normal,Unranked,1968,Team0
38810871,2025-08-14 21:09:52,Normal,Unranked,569,Team0
38810916,2025-08-14 21:12:00,Normal,Unranked,1541,Team1
38810954,2025-08-14 21:13:50,Normal,Unranked,1199,Team1
38811066,2025-08-14 21:18:29,Normal,Unranked,1689,Team0
38811386,2025-08-14 21:30:30,Normal,Unranked,1718,Team1
38811444,2025-08-14 21:32:53,Normal,Unranked,703,Team1
38811522,2025-08-14 21:35:49,Normal,Unranked,1394,Team0
38811556,2025-08-14 21:37:17,Normal,Unranked,1658,Team1
38811614,2025-08-14 21:39:32,Normal,Unranked,1733,Team1
38811693,2025-08-14 21:42:46,Normal,Unranked,1771,Team1
38811789,2025-08-14 21:47:21,Normal,Unranked,1495,Team0
38811837,2025-08-14 21:49:28,Normal,Unranked,1401,Team1
38811890,2025-08-14 21:51:36,Normal,Unranked,1626,Team0
38811891,2025-08-14 21:51:36,Normal,Unranked,1329,Team1
38812030,2025-08-14 21:57:32,Normal,Unranked,1653,Team1
38812090,2025-08-14 21:59:52,Normal,Unranked,1986,Team0
38812202,2025-08-14 22:05:06,Normal,Unranked,1609,Team1
38812322,2025-08-14 22:10:02,Normal,Unranked,1589,Team1
38812358,2025-08-14 22:12:10,Normal,Unranked,2051,Team1
38812407,2025-08-14 22:13:54,Normal,Unranked,1916,Team0
38812414,2025-08-14 22:14:17,Normal,Unranked,1865,Team1
38812416,2025-08-14 22:14:20,Normal,Unranked,1439,Team0
38812547,2025-08-14 22:20:06,Normal,Unranked,1446,Team1
38812571,2025-08-14 22:21:07,Normal,Unranked,1895,Team0
38812659,2025-08-14 22:25:20,Normal,Unranked,1588,Team1
38812847,2025-08-14 22:34:46,Normal,Unranked,2174,Team1
38812870,2025-08-14 22:35:34,Normal,Unranked,1886,Team0
38813034,2025-08-14 22:43:33,Normal,Unranked,1631,Team0
38813161,2025-08-14 22:49:51,Normal,Unranked,2321,Team1
38813198,2025-08-14 22:51:15,Normal,Unranked,1944,Team0
38813282,2025-08-14 22:55:13,Normal,Unranked,2542,Team0
38813339,2025-08-14 22:57:51,Normal,Unranked,1823,Team1
38813376,2025-08-14 22:59:44,Normal,Unranked,2018,Team0
38813520,2025-08-14 23:06:28,Normal,Unranked,1638,Team0
38813652,2025-08-14 23:12:30,Normal,Unranked,1557,Team0
38813779,2025-08-14 23:17:49,Normal,Unranked,1786,Team1
38813864,2025-08-14 23:21:38,Normal,Unranked,1849,Team1
38814032,2025-08-14 23:29:01,Normal,Unranked,1480,Team0
38814054,2025-08-14 23:29:49,Normal,Unranked,1910,Team0
38814105,2025-08-14 23:32:02,Normal,Unranked,1799,Team1
38814216,2025-08-14 23:37:22,Normal,Unranked,1750,Team1
38814448,2025-08-14 23:46:57,Normal,Unranked,1726,Team0
38814477,2025-08-14 23:47:56,Normal,Unranked,1499,Team0
38814577,2025-08-14 23:52:51,Normal,Unranked,1740,Team1
38814696,2025-08-14 23:59:08,Normal,Unranked,1672,Team0
38814739,2025-08-15 00:01:10,Normal,Unranked,1842,Team0
38815009,2025-08-15 00:13:36,Normal,Unranked,1656,Team1
38815011,2025-08-15 00:13:44,Normal,Unranked,1681,Team0
38815068,2025-08-15 00:16:15,Normal,Unranked,1346,Team0
38815257,2025-08-15 00:26:15,Normal,Unranked,1580,Team1
38815467,2025-08-15 00:36:32,Normal,Unranked,1728,Team0
38815558,2025-08-15 00:40:56,Normal,Unranked,1684,Team0
38815570,2025-08-15 00:41:16,Normal,Unranked,1430,Team0
38815680,2025-08-15 00:46:31,Normal,Unranked,1966,Team1
38815746,2025-08-15 00:49:46,Normal,Unranked,1418,Team1
38815911,2025-08-15 00:58:20,Normal,Unranked,2183,Team0
38816072,2025-08-15 01:06:13,Normal,Unranked,1364,Team1
38816080,2025-08-15 01:06:36,Normal,Unranked,1792,Team1
38816375,2025-08-15 01:20:21,Normal,Unranked,1367,Team1
38816452,2025-08-15 01:23:47,Normal,Unranked,1826,Team1
38816579,2025-08-15 01:30:00,Normal,Unranked,1920,Team1
38816623,2025-08-15 01:31:59,Normal,Unranked,1730,Team1
38816756,2025-08-15 01:38:20,Normal,Unranked,1827,Team0
38816773,2025-08-15 01:39:21,Normal,Unranked,442,Team1
38817003,2025-08-15 01:50:34,Normal,Unranked,1391,Team0
38817292,2025-08-15 02:05:19,Normal,Unranked,1681,Team1
38817388,2025-08-15 02:10:09,Normal,Unranked,1256,Team1
38817480,2025-08-15 02:14:13,Normal,Unranked,1630,Team1
38817518,2025-08-15 02:16:25,Normal,Unranked,1629,Team1
38817670,2025-08-15 02:23:44,Normal,Unranked,1706,Team0
38817749,2025-08-15 02:28:06,Normal,Unranked,1864,Team1
38817802,2025-08-15 02:30:06,Normal,Unranked,1614,Team0
38817860,2025-08-15 02:33:21,Normal,Unranked,2043,Team1
38817907,2025-08-15 02:36:10,Normal,Unranked,1615,Team1
38817987,2025-08-15 02:40:18,Normal,Unranked,1342,Team1
38818132,2025-08-15 02:47:15,Normal,Unranked,1798,Team1
