match_id,team_0_win,p_total_time_played_min_diff,p_total_time_played_max_diff,p_total_time_played_mean_diff,p_total_time_played_std_diff,ph_wins_min_diff,ph_wins_max_diff,ph_wins_mean_diff,ph_wins_std_diff,ph_kills_min_diff,ph_kills_max_diff,ph_kills_mean_diff,ph_kills_std_diff,ph_deaths_min_diff,ph_deaths_max_diff,ph_deaths_mean_diff,ph_deaths_std_diff,ph_assists_min_diff,ph_assists_max_diff,ph_assists_mean_diff,ph_assists_std_diff,ph_damage_per_min_min_diff,ph_damage_per_min_max_diff,ph_damage_per_min_mean_diff,ph_damage_per_min_std_diff,ph_time_played_min_diff,ph_time_played_max_diff,ph_time_played_mean_diff,ph_time_played_std_diff,ph_total_kd_min_diff,ph_total_kd_max_diff,ph_total_kd_mean_diff,ph_total_kd_std_diff,ph_kd_ratio_min_diff,ph_kd_ratio_max_diff,ph_kd_ratio_mean_diff,ph_kd_ratio_std_diff,ph_time_played_ratio_min_diff,ph_time_played_ratio_max_diff,ph_time_played_ratio_mean_diff,ph_time_played_ratio_std_diff,ph_damage_per_min_ratio_min_diff,ph_damage_per_min_ratio_max_diff,ph_damage_per_min_ratio_mean_diff,ph_damage_per_min_ratio_std_diff,ph_assists_ratio_min_diff,ph_assists_ratio_max_diff,ph_assists_ratio_mean_diff,ph_assists_ratio_std_diff,ph_win_rate_ratio_min_diff,ph_win_rate_ratio_max_diff,ph_win_rate_ratio_mean_diff,ph_win_rate_ratio_std_diff
38791717,Y,-7758.0,-12780.0,-8333.917,-3417.49,,,,,,,,,,,,,,,,,,,,,,,,,,,,,,,,,,,,,,,,,,,,,,,,
38791906,Y,-4103.0,19738.0,6007.85,9239.668,,,,,,,,,,,,,,,,,,,,,,,,,,,,,,,,,,,,,,,,,,,,,,,,
38792147,N,-3443.0,-40064.0,-14222.0,-18222.002,-1.0,-4.0,-2.0,,-2.0,-37.0,-15.333,,23.0,-28.0,5.0,,-1.0,-65.0,-25.0,,134.386,-33.233,64.764,,1588.0,-11373.0,-3309.333,,-0.427,-1.816,-1.029,,2.154,1.176,1.741,,0.589,-2.725,-0.634,,0.049,-0.072,-0.008,,0.169,-3.343,-1.201,,-0.377,-1.221,-0.736,
38792274,N,-789.0,-8006.0,-1387.0,-3171.606,1.0,0.0,0.5,,50.0,40.0,45.0,,23.0,23.0,23.0,,89.0,79.0,84.0,,398.976,178.973,288.975,,10176.0,9961.0,10068.5,,0.952,0.237,0.595,,-0.041,-1.098,-0.57,,2.476,2.439,2.458,,0.406,0.163,0.285,,2.909,2.564,2.737,,-0.487,-1.758,-1.122,
38792444,Y,-6430.0,-11486.0,-9567.667,-5303.913,-11.0,-9.0,-10.0,,-97.0,-81.0,-90.75,,-128.0,-101.0,-119.5,,-252.0,-233.0,-241.25,,-68.928,126.043,67.628,,-31532.0,-26454.0,-29587.0,,-0.362,9.709,3.87,,-1.226,1.477,-0.02,,-7.731,-6.194,-7.197,,-0.253,0.106,-0.033,,-10.085,-9.176,-9.635,,-1.25,0.644,-0.255,
38792524,Y,-3163.0,-31080.0,-11943.0,-9759.693,2.0,-6.0,-1.0,,8.0,-149.0,-30.333,,3.0,-67.0,-19.0,,7.0,-101.0,-24.5,,414.719,181.185,271.943,,1808.0,-23731.0,-6029.0,,1.559,-0.167,0.603,,0.23,-1.467,-0.154,,0.508,-5.381,-1.388,,0.416,0.011,0.272,,0.297,-5.374,-1.249,,2.189,0.092,1.095,
38792642,N,2114.0,-2583.0,3712.25,-1841.111,,,,,,,,,,,,,,,,,,,,,,,,,,,,,,,,,,,,,,,,,,,,,,,,
38792810,N,4249.0,-10276.0,156.333,-7354.625,-2.0,-2.0,-2.0,,-33.0,-33.0,-33.0,,-15.0,-15.0,-15.0,,19.0,19.0,19.0,,-268.094,-268.094,-268.094,,103.0,103.0,103.0,,-0.223,-0.223,-0.223,,0.107,0.107,0.107,,-0.215,-0.215,-0.215,,-0.221,-0.221,-0.221,,0.078,0.078,0.078,,-0.265,-0.265,-0.265,
38792902,N,-1685.0,-145.0,-1905.95,11.034,1.0,-1.0,0.0,,13.0,-33.0,-4.333,,4.0,-34.0,-17.0,,-3.0,-51.0,-20.333,,35.209,-222.115,-127.487,,-1496.0,-11060.0,-5667.333,,2.222,-0.644,0.944,,0.159,-3.801,-1.387,,-0.575,-2.95,-1.547,,0.047,-0.179,-0.087,,-0.031,-2.648,-0.943,,1.759,0.973,1.387,
38793110,Y,-9850.0,-16656.0,-8252.75,-4122.911,3.0,-7.0,-2.0,,109.0,23.0,66.0,,27.0,-85.0,-29.0,,57.0,-180.0,-61.5,,453.318,229.774,341.546,,8582.0,-18692.0,-5055.0,,2.05,1.9,1.975,,-0.783,-1.735,-1.259,,1.767,-4.817,-1.525,,0.478,0.444,0.461,,3.033,-6.385,-1.676,,0.602,-0.149,0.226,
38793219,Y,1827.0,-15550.0,-8127.967,-5755.699,0.0,0.0,0.0,,-1.0,-1.0,-1.0,,-4.0,-4.0,-4.0,,-16.0,-16.0,-16.0,,428.612,428.612,428.612,,-906.0,-906.0,-906.0,,1.381,1.381,1.381,,-0.619,-0.619,-0.619,,-0.288,-0.288,-0.288,,0.347,0.347,0.347,,-0.669,-0.669,-0.669,,0.796,0.796,0.796,
38793653,Y,-6227.0,-7485.0,-7732.45,219.369,2.0,0.0,1.0,,7.0,-25.0,-9.0,,29.0,9.0,19.0,,61.0,44.0,52.5,,-245.343,-447.621,-346.482,,7673.0,2025.0,4849.0,,-0.818,-1.138,-0.978,,2.732,2.426,2.579,,1.824,0.541,1.182,,-0.216,-0.492,-0.354,,2.267,1.205,1.736,,-0.392,-0.579,-0.486,
38793686,N,-3781.0,22.0,-2122.0,1628.662,-1.0,0.0,-0.5,,-14.0,-1.0,-7.5,,-12.0,-1.0,-6.5,,-37.0,-20.0,-28.5,,29.158,169.72,99.439,,-3989.0,1084.0,-1452.5,,-0.444,-0.003,-0.224,,0.134,1.508,0.821,,-1.065,0.368,-0.348,,-0.052,0.083,0.015,,-1.436,-0.567,-1.002,,-0.631,-0.171,-0.401,
38793691,N,4974.0,9347.0,11038.067,4238.014,6.0,0.0,3.333,,64.0,-20.0,27.0,,86.0,20.0,56.333,,65.0,-36.0,17.333,,320.626,-82.375,83.479,,22789.0,5904.0,13938.0,,0.062,-0.397,-0.179,,0.597,0.012,0.38,,5.942,1.835,3.69,,0.286,-0.133,0.021,,3.961,0.961,2.416,,0.331,-0.028,0.185,
38793740,Y,179.0,-1286.0,-1875.5,-1169.652,,,,,,,,,,,,,,,,,,,,,,,,,,,,,,,,,,,,,,,,,,,,,,,,
38794682,Y,-6421.0,-14197.0,-9679.333,-4539.921,,,,,,,,,,,,,,,,,,,,,,,,,,,,,,,,,,,,,,,,,,,,,,,,
38794700,N,-5223.0,3932.0,-1010.6,3272.604,,,,,,,,,,,,,,,,,,,,,,,,,,,,,,,,,,,,,,,,,,,,,,,,
38795501,Y,4802.0,4230.0,3079.667,-598.533,0.0,-2.0,-1.0,,-4.0,-16.0,-9.0,,4.0,-4.0,0.0,,-3.0,-26.0,-11.0,,-308.013,-618.893,-512.675,,810.0,-1970.0,-530.667,,-0.2,-9.0,-3.456,,3.539,1.546,2.636,,0.176,-0.512,-0.16,,-0.332,-0.816,-0.615,,-0.13,-1.009,-0.431,,0.0,-2.189,-1.037,
38796406,Y,4634.0,11014.0,6481.65,2649.915,1.0,1.0,1.0,,1.0,8.0,4.5,,-3.0,-2.0,-2.5,,8.0,12.0,10.0,,-274.996,197.082,-38.957,,-247.0,555.0,154.0,,0.571,1.771,1.171,,-3.165,-2.611,-2.888,,0.001,0.104,0.053,,0.029,0.327,0.178,,0.374,0.47,0.422,,1.96,2.099,2.029,
38796460,Y,7815.0,-4455.0,2666.2,,4.0,0.0,2.0,,8.0,-50.0,-16.667,,8.0,-38.0,-7.333,,59.0,-10.0,26.667,,137.652,-395.93,-133.214,,7077.0,-4508.0,2674.0,,0.267,-1.333,-0.502,,0.695,-1.136,-0.065,,1.638,-1.119,0.585,,0.501,0.021,0.21,,1.775,-0.726,0.603,,1.632,-0.33,0.628,
38797412,Y,-702.0,-17799.0,-5857.833,-7119.037,3.0,1.0,2.25,,20.0,4.0,13.5,,17.0,7.0,11.75,,19.0,1.0,10.75,,209.774,-583.295,-182.666,,3580.0,1207.0,2646.75,,0.732,-2.056,-0.917,,0.559,-0.833,0.09,,0.86,0.261,0.645,,0.37,-0.553,-0.225,,0.772,-0.187,0.434,,1.892,-0.168,0.887,
38797995,Y,1865.0,2059.0,1500.4,-1637.048,,,,,,,,,,,,,,,,,,,,,,,,,,,,,,,,,,,,,,,,,,,,,,,,
38798184,Y,3058.0,-462.0,299.05,-923.475,0.0,6.0,3.0,,4.0,50.0,24.0,,-8.0,24.0,6.667,,-2.0,120.0,56.333,,79.463,394.51,204.36,,182.0,11087.0,5210.333,,0.654,1.082,0.849,,-5.674,-5.299,-5.457,,0.115,2.616,1.21,,0.062,0.659,0.406,,-0.083,3.868,1.704,,0.0,1.53,0.97,
38799025,Y,18811.0,9971.0,14716.95,-3775.446,0.0,5.0,3.25,,8.0,83.0,36.25,,3.0,26.0,15.5,,7.0,120.0,64.75,,-149.497,171.3,-49.142,,921.0,14762.0,9850.75,,0.011,2.033,0.718,,-0.935,0.197,-0.407,,0.19,3.618,2.43,,0.039,0.351,0.133,,-0.135,4.482,2.543,,-0.946,-0.427,-0.732,
38799558,Y,-6258.0,-2001.0,-3354.667,1219.811,-2.0,0.0,-1.0,,-18.0,2.0,-8.6,,-23.0,-8.0,-16.4,,-48.0,-13.0,-33.2,,-688.447,189.174,-212.927,,-6386.0,-2386.0,-4728.6,,-0.356,0.358,0.137,,-0.864,3.082,0.264,,-1.54,-0.278,-1.055,,-0.852,0.04,-0.37,,-1.887,-0.071,-1.117,,-1.109,0.822,-0.342,
38800562,Y,133.0,-18347.0,-2393.5,-4269.935,6.0,-4.0,3.0,,48.0,-80.0,13.333,,34.0,-132.0,-2.333,,120.0,-77.0,72.0,,499.352,-477.164,27.472,,12072.0,-18745.0,4279.833,,0.831,-1.083,0.118,,0.364,-1.375,-0.296,,2.922,-4.146,1.003,,0.534,-0.213,0.156,,3.861,-4.348,1.832,,1.379,-0.682,0.211,
38800815,Y,4072.0,28773.0,9529.667,7791.927,1.0,5.0,2.4,,5.0,64.0,25.0,,7.0,87.0,29.2,,15.0,126.0,57.6,,-460.894,18.5,-173.032,,1164.0,23852.0,8109.8,,-1.0,0.4,-0.518,,-0.149,1.679,0.624,,0.24,7.0,2.282,,-0.469,0.003,-0.168,,0.686,5.571,2.663,,0.699,1.25,0.893,
38801334,N,-213.0,-3362.0,-2414.417,-1810.543,-1.0,-1.0,-1.0,,-5.0,-5.0,-5.0,,-2.0,-2.0,-2.0,,-1.0,-1.0,-1.0,,-211.379,-211.379,-211.379,,-941.0,-941.0,-941.0,,-0.077,-0.077,-0.077,,0.116,0.116,0.116,,-0.386,-0.386,-0.386,,-0.208,-0.208,-0.208,,-0.375,-0.375,-0.375,,-0.614,-0.614,-0.614,
38802065,N,-4736.0,-30373.0,-9590.25,-12047.06,,,,,,,,,,,,,,,,,,,,,,,,,,,,,,,,,,,,,,,,,,,,,,,,
38802144,N,-251.0,13599.0,6791.167,7610.198,1.0,8.0,4.667,,-3.0,77.0,42.667,,-4.0,71.0,37.333,,-15.0,82.0,46.0,,-79.047,277.601,77.581,,-2052.0,16857.0,8578.667,,-0.319,0.556,0.011,,-0.377,0.067,-0.082,,-0.436,4.178,2.206,,-0.029,0.24,0.07,,-0.275,4.184,2.52,,1.145,1.843,1.384,
38802626,N,-6346.0,2270.0,364.25,4590.41,0.0,-4.0,-1.667,,-2.0,-38.0,-15.833,,1.0,-15.0,-4.833,,0.0,-59.0,-28.0,,-379.51,-637.865,-530.089,,-452.0,-7346.0,-2914.833,,-0.25,-4.25,-1.766,,-0.395,-6.566,-1.775,,-0.105,-1.727,-0.691,,-0.243,-0.803,-0.603,,-0.011,-2.159,-1.084,,0.0,-2.218,-1.159,
38802859,N,-3553.0,6918.0,3202.417,7092.993,5.0,1.0,3.0,,9.0,-24.0,-7.667,,-21.0,-40.0,-29.0,,28.0,5.0,18.667,,29.045,-448.943,-189.775,,4457.0,-916.0,1645.333,,2.221,1.614,1.889,,-0.266,-1.576,-0.864,,0.994,-0.504,0.241,,0.211,-0.552,-0.109,,0.804,-1.321,0.079,,1.294,0.278,0.667,
38803267,N,1.0,-173.0,597.533,2410.933,-2.0,-2.0,-2.0,,15.0,-6.0,4.5,,-7.0,-25.0,-16.0,,-45.0,-48.0,-46.5,,580.78,537.566,559.173,,-4034.0,-7236.0,-5635.0,,1.595,1.54,1.568,,-0.285,-0.696,-0.491,,-0.842,-2.177,-1.51,,0.459,0.127,0.293,,-1.173,-1.839,-1.506,,-0.11,-0.593,-0.351,
38803541,N,4557.0,-1138.0,287.733,-2017.719,0.0,2.0,0.5,,-4.0,40.0,17.833,,6.0,38.0,20.667,,4.0,70.0,37.167,,-851.665,52.95,-479.352,,855.0,10850.0,5665.0,,-4.917,-2.5,-4.094,,0.206,2.141,0.998,,0.212,2.65,1.385,,-0.801,-0.038,-0.497,,0.061,2.422,1.252,,-1.651,-0.635,-1.139,
38803710,Y,-2047.0,19391.0,6833.55,9761.858,3.0,3.0,3.0,,48.0,48.0,48.0,,63.0,63.0,63.0,,58.0,58.0,58.0,,194.046,194.046,194.046,,22423.0,22423.0,22423.0,,-1.036,-1.036,-1.036,,0.604,0.604,0.604,,5.599,5.599,5.599,,0.058,0.058,0.058,,2.358,2.358,2.358,,-0.413,-0.413,-0.413,
38804067,N,-5475.0,3210.0,-3051.0,3387.212,0.0,-3.0,-1.5,,-9.0,-22.0,-15.5,,-6.0,-15.0,-10.5,,-13.0,-60.0,-36.5,,-35.39,-442.599,-238.994,,-568.0,-5814.0,-3191.0,,-0.75,-1.048,-0.899,,-0.997,-1.884,-1.44,,-0.084,-1.32,-0.702,,-0.419,-0.525,-0.472,,-0.556,-1.838,-1.197,,0.0,-1.53,-0.765,
38804932,Y,-785.0,-4256.0,-2265.833,-1025.742,-1.0,-5.0,-2.4,,1.0,-64.0,-19.0,,10.0,-5.0,0.4,,8.0,-39.0,-18.6,,-2.009,-465.754,-185.955,,2250.0,-5250.0,-1855.2,,0.248,-3.602,-1.614,,1.705,-0.651,1.035,,0.592,-1.247,-0.449,,0.111,-0.54,-0.159,,0.314,-2.101,-1.014,,-0.653,-2.202,-1.61,
38804976,Y,1129.0,3433.0,5787.35,1373.886,0.0,8.0,3.0,,-14.0,76.0,20.8,,-12.0,66.0,15.0,,-19.0,87.0,25.8,,-172.576,193.437,8.66,,-2710.0,16808.0,3978.4,,-1.0,3.0,0.873,,-1.661,-0.432,-0.987,,-0.821,4.004,0.876,,-0.242,0.288,0.004,,-0.89,4.081,1.169,,0.0,1.962,1.233,
38805081,Y,9591.0,1429.0,5923.3,-2460.331,,,,,,,,,,,,,,,,,,,,,,,,,,,,,,,,,,,,,,,,,,,,,,,,
38805236,Y,781.0,4003.0,-375.4,3612.044,6.0,3.0,4.667,,55.0,34.0,42.333,,44.0,22.0,34.0,,85.0,46.0,64.0,,-88.29,-248.692,-181.732,,12966.0,6582.0,9733.667,,0.375,-0.057,0.188,,0.23,-0.971,-0.48,,3.131,1.538,2.34,,-0.215,-0.262,-0.235,,3.545,1.965,2.745,,1.013,-0.031,0.452,
38806176,N,-6409.0,-4466.0,-6704.833,-1759.721,-1.0,-1.0,-1.0,,3.0,3.0,3.0,,-25.0,-25.0,-25.0,,-22.0,-22.0,-22.0,,546.094,546.094,546.094,,-5485.0,-5485.0,-5485.0,,1.222,1.222,1.222,,-0.977,-0.977,-0.977,,-1.361,-1.361,-1.361,,0.535,0.535,0.535,,-1.135,-1.135,-1.135,,0.759,0.759,0.759,
38806821,Y,-2328.0,-4343.0,-1217.1,748.78,5.0,3.0,3.75,,58.0,39.0,48.75,,44.0,25.0,35.25,,96.0,51.0,70.75,,189.017,-99.129,53.381,,13383.0,6878.0,10018.25,,0.604,-0.759,0.167,,0.396,-1.515,-0.592,,3.44,1.458,2.552,,0.21,-0.09,0.058,,4.971,2.583,3.75,,1.145,-0.323,0.418,
38807798,N,4279.0,4902.0,3875.833,-491.043,-4.0,-2.0,-3.0,,-42.0,-12.0,-26.0,,-25.0,7.0,-9.667,,-54.0,-23.0,-34.667,,-62.845,52.47,-9.928,,-7541.0,-467.0,-3879.0,,-0.581,-0.231,-0.367,,0.084,0.356,0.199,,-1.915,-0.354,-0.987,,0.096,0.228,0.181,,-2.38,-1.203,-1.676,,-1.144,-0.223,-0.71,
38808161,N,-1554.0,6642.0,1288.5,3600.149,5.0,2.0,3.333,,56.0,42.0,49.0,,38.0,29.0,34.667,,85.0,49.0,66.0,,-65.71,-113.526,-81.741,,17678.0,12243.0,15242.333,,-0.169,-1.621,-0.659,,0.664,0.584,0.624,,4.669,3.423,4.099,,-0.065,-0.314,-0.187,,4.995,3.298,4.18,,0.878,-1.084,-0.237,
38808192,Y,-2972.0,-6444.0,-4392.767,-2137.434,4.0,2.0,3.0,,17.0,12.0,14.333,,15.0,8.0,12.333,,52.0,24.0,42.333,,-119.923,-900.328,-402.5,,5904.0,3313.0,4827.333,,0.432,-0.346,-0.072,,0.181,-1.2,-0.342,,1.372,0.78,1.155,,0.048,-0.516,-0.14,,1.655,0.819,1.341,,1.325,0.351,0.694,
38808305,N,-3615.0,-15133.0,-10693.467,-6512.476,,,,,,,,,,,,,,,,,,,,,,,,,,,,,,,,,,,,,,,,,,,,,,,,
38808469,N,8150.0,-3814.0,4448.767,-3620.038,0.0,3.0,1.0,,-3.0,32.0,13.4,,-8.0,8.0,-1.2,,-6.0,40.0,17.0,,-166.267,900.463,445.481,,-903.0,5542.0,2004.0,,-0.273,3.727,1.565,,-6.951,-5.767,-6.274,,-0.351,1.184,0.396,,-0.126,1.049,0.606,,-0.379,1.318,0.558,,0.0,1.931,0.857,
38809150,Y,-1856.0,-27666.0,-13212.3,-12992.23,0.0,-8.0,-3.0,,6.0,-162.0,-55.333,,2.0,-70.0,-22.667,,1.0,-115.0,-40.333,,379.245,-149.639,65.392,,245.0,-25533.0,-8469.667,,1.067,-2.0,-0.596,,0.588,-2.613,-0.572,,-0.034,-5.901,-2.021,,0.64,-0.07,0.202,,-0.012,-5.967,-2.104,,0.0,-2.094,-1.089,
38809292,Y,919.0,5098.0,388.267,-768.899,0.0,5.0,2.25,,-6.0,72.0,29.0,,-5.0,29.0,5.75,,-30.0,8.0,-7.25,,-50.966,332.656,101.654,,-3450.0,9679.0,3094.5,,-0.269,1.778,0.955,,-1.953,4.985,-0.147,,-1.122,2.29,0.472,,-0.003,0.463,0.221,,-1.724,0.461,-0.553,,0.098,1.323,0.704,
38809298,Y,1866.0,-3754.0,-3262.4,-2650.401,1.0,-5.0,-2.0,,8.0,-55.0,-19.667,,7.0,-31.0,-15.0,,12.0,-89.0,-41.333,,229.874,-75.304,89.492,,1395.0,-12625.0,-5959.667,,0.374,-0.771,-0.135,,0.843,-5.876,-1.487,,0.33,-3.487,-1.598,,0.343,0.07,0.169,,0.462,-4.204,-1.87,,0.946,-0.252,0.187,
38809697,N,118.0,6330.0,987.4,2451.463,0.0,-1.0,-0.5,,2.0,-12.0,-5.0,,-5.0,-10.0,-7.5,,-11.0,-28.0,-19.5,,75.267,-258.661,-91.697,,-1374.0,-2408.0,-1891.0,,2.028,1.464,1.746,,-0.45,-0.505,-0.477,,-0.362,-0.608,-0.485,,-0.13,-0.39,-0.26,,-0.416,-0.853,-0.635,,0.869,0.11,0.489,
38809750,N,-1334.0,-2279.0,-1229.367,1091.387,1.0,-1.0,0.0,,-8.0,-12.0,-10.0,,-5.0,-10.0,-7.5,,8.0,-7.0,0.5,,-336.941,-451.249,-394.095,,-507.0,-1673.0,-1090.0,,0.571,0.222,0.397,,-0.064,-0.333,-0.199,,-0.098,-0.476,-0.287,,-0.209,-0.268,-0.238,,0.098,-0.414,-0.158,,2.099,0.151,1.125,
38809878,N,5549.0,-825.0,3218.917,-2903.22,-1.0,-4.0,-2.5,,-4.0,-38.0,-21.0,,-19.0,-24.0,-21.5,,1.0,-35.0,-17.0,,346.765,219.466,283.115,,-3628.0,-8664.0,-6146.0,,4.333,3.154,3.744,,-0.593,-1.855,-1.224,,-0.928,-2.31,-1.619,,0.39,0.265,0.328,,-0.172,-2.003,-1.088,,0.815,0.627,0.721,
38810744,Y,-8202.0,-6249.0,-4513.7,1197.748,2.0,1.0,1.75,,18.0,-15.0,6.25,,4.0,-32.0,-11.25,,26.0,-53.0,0.25,,654.614,-81.172,314.729,,1714.0,-9665.0,-1631.75,,2.125,1.525,1.829,,-1.429,-7.052,-3.652,,0.401,-2.388,-0.426,,0.928,0.184,0.56,,0.998,-1.883,0.035,,2.16,1.879,2.09,
38810871,Y,1065.0,9973.0,3343.667,2935.249,-1.0,1.0,0.0,,-1.0,12.0,6.0,,-4.0,5.0,0.333,,-8.0,18.0,0.667,,-237.952,609.12,221.793,,-1334.0,756.0,-360.667,,-1.0,1.75,0.509,,-1.882,-1.087,-1.358,,-0.374,0.101,-0.137,,-0.135,0.618,0.275,,-0.444,0.674,-0.067,,-1.874,0.113,-0.562,
38811614,N,-4021.0,-11966.0,-6677.3,-3416.122,,,,,,,,,,,,,,,,,,,,,,,,,,,,,,,,,,,,,,,,,,,,,,,,
38811890,Y,-2246.0,-8811.0,-4285.05,-2089.786,0.0,3.0,1.5,,-9.0,26.0,8.5,,0.0,19.0,9.5,,-4.0,42.0,19.0,,-65.572,106.67,20.549,,-57.0,5297.0,2620.0,,-1.286,-0.253,-0.769,,0.505,3.199,1.852,,0.001,1.2,0.6,,-0.444,0.033,-0.206,,-0.119,2.28,1.08,,0.0,1.321,0.661,
38812030,N,-8646.0,-21577.0,-10191.75,-6461.751,1.0,1.0,1.0,,18.0,1.0,9.5,,7.0,4.0,5.5,,14.0,5.0,9.5,,595.961,-35.344,280.309,,3586.0,2121.0,2853.5,,0.8,-0.875,-0.038,,0.1,-0.692,-0.296,,0.803,0.436,0.619,,0.566,-0.107,0.229,,0.682,0.314,0.498,,0.318,-0.539,-0.111,
38812090,Y,4772.0,16715.0,10996.917,4862.987,-1.0,2.0,0.5,,2.0,14.0,8.0,,-5.0,32.0,13.5,,-7.0,41.0,17.0,,-776.953,169.553,-303.7,,-345.0,7305.0,3480.0,,-0.579,3.857,1.639,,-1.23,0.39,-0.42,,-0.093,1.799,0.853,,-0.739,0.329,-0.205,,-0.231,1.719,0.744,,-1.962,-0.882,-1.422,
38812414,N,-6502.0,2479.0,-6291.833,2218.5,1.0,1.0,1.0,,4.0,4.0,4.0,,-6.0,-6.0,-6.0,,5.0,5.0,5.0,,366.867,366.867,366.867,,315.0,315.0,315.0,,1.9,1.9,1.9,,-3.011,-3.011,-3.011,,0.095,0.095,0.095,,0.448,0.448,0.448,,0.305,0.305,0.305,,1.843,1.843,1.843,
38812571,Y,691.0,10365.0,5760.233,4101.259,-2.0,1.0,-0.5,,-17.0,32.0,7.5,,-9.0,3.0,-3.0,,-28.0,9.0,-9.5,,103.805,248.427,176.116,,-5156.0,1621.0,-1767.5,,-0.705,1.304,0.299,,-0.653,2.46,0.903,,-1.227,0.305,-0.461,,0.056,0.304,0.18,,-1.085,0.816,-0.134,,-1.109,0.213,-0.448,
38812847,N,-1489.0,-21768.0,-4509.667,-8081.249,-1.0,-3.0,-1.667,,-4.0,-35.0,-15.0,,2.0,-19.0,-5.667,,-8.0,-46.0,-22.333,,240.427,-172.242,67.918,,-893.0,-5354.0,-2517.667,,-0.857,-1.033,-0.954,,2.709,2.622,2.675,,-0.322,-1.199,-0.639,,-0.006,-0.477,-0.164,,-0.445,-2.399,-1.131,,-0.922,-1.321,-1.097,
38813376,Y,2049.0,2747.0,3821.2,-1942.421,-1.0,4.0,1.5,,-1.0,57.0,28.0,,1.0,43.0,22.0,,-15.0,67.0,26.0,,103.62,339.719,221.67,,-1669.0,11342.0,4836.5,,-0.159,0.332,0.086,,-0.295,0.363,0.034,,-0.445,2.967,1.261,,0.016,0.21,0.113,,-0.618,3.796,1.589,,-0.946,0.199,-0.374,
38813520,Y,-510.0,3841.0,1108.75,1450.3,,,,,,,,,,,,,,,,,,,,,,,,,,,,,,,,,,,,,,,,,,,,,,,,
38813779,N,-1489.0,-5072.0,-1250.133,-2611.603,1.0,-3.0,0.0,,15.0,-94.0,-14.5,,14.0,-69.0,-9.0,,21.0,-76.0,-7.5,,129.264,-197.557,-2.692,,1618.0,-17705.0,-3244.0,,1.357,-0.143,0.308,,1.093,0.055,0.346,,0.358,-4.054,-0.778,,0.221,-0.073,0.076,,0.727,-3.306,-0.429,,1.332,0.029,0.436,
38814216,N,-5767.0,5252.0,2081.25,2676.997,,,,,,,,,,,,,,,,,,,,,,,,,,,,,,,,,,,,,,,,,,,,,,,,
38814696,Y,2808.0,-1499.0,-1845.0,-2839.318,0.0,1.0,0.5,,-7.0,3.0,-2.0,,2.0,6.0,4.0,,-3.0,3.0,0.0,,-214.417,254.684,20.133,,648.0,1181.0,914.5,,-0.733,0.012,-0.361,,-0.324,0.722,0.199,,0.063,0.253,0.158,,-0.162,0.357,0.098,,-0.1,-0.032,-0.066,,-0.017,0.376,0.179,
38815068,Y,-808.0,8579.0,2207.0,3470.067,0.0,0.0,0.0,,-5.0,2.0,-1.5,,-4.0,7.0,1.5,,5.0,9.0,7.0,,315.72,350.625,333.172,,-725.0,1076.0,175.5,,-1.103,2.167,0.532,,-0.149,1.066,0.458,,-0.203,0.332,0.064,,0.186,0.258,0.222,,0.24,0.614,0.427,,-0.143,0.869,0.363,
38815467,Y,-1657.0,11418.0,5185.933,3444.844,0.0,5.0,1.8,,-4.0,107.0,26.0,,-3.0,75.0,18.2,,1.0,98.0,34.4,,-211.159,225.239,-47.618,,-681.0,18918.0,5061.2,,-0.417,0.85,0.337,,-0.806,4.707,0.387,,-0.137,4.339,1.185,,-0.339,0.081,-0.139,,0.047,4.152,1.417,,0.0,2.218,0.793,
38815558,Y,4556.0,11656.0,10272.933,3257.243,,,,,,,,,,,,,,,,,,,,,,,,,,,,,,,,,,,,,,,,,,,,,,,,
38816375,N,532.0,-1512.0,-1217.6,-314.489,3.0,3.0,3.0,,7.0,38.0,22.5,,9.0,38.0,23.5,,16.0,39.0,27.5,,-141.989,-40.606,-91.298,,2413.0,8880.0,5646.5,,-0.603,-0.527,-0.565,,0.396,0.641,0.518,,0.809,2.023,1.416,,-0.405,-0.297,-0.351,,0.986,1.674,1.33,,0.974,1.96,1.467,
38816452,N,-305.0,50.0,2657.0,-1746.317,,,,,,,,,,,,,,,,,,,,,,,,,,,,,,,,,,,,,,,,,,,,,,,,
38817388,N,-50.0,2834.0,3993.833,2863.947,5.0,4.0,4.5,,73.0,62.0,67.5,,33.0,16.0,24.5,,76.0,60.0,68.0,,298.018,275.75,286.884,,9970.0,7806.0,8888.0,,0.953,0.944,0.949,,-0.561,-0.991,-0.776,,2.46,1.931,2.195,,0.202,0.169,0.185,,2.692,1.955,2.324,,0.677,0.228,0.453,
38817802,Y,405.0,2034.0,-16.0,1792.595,1.0,-2.0,-0.6,,12.0,-15.0,-2.8,,-1.0,-15.0,-10.0,,9.0,-56.0,-21.0,,1007.521,317.917,569.826,,591.0,-8042.0,-3231.2,,2.19,0.722,1.298,,-0.506,-11.029,-2.807,,0.167,-1.94,-0.805,,1.24,0.502,0.753,,0.357,-2.166,-0.854,,1.892,0.431,0.979,
38817860,N,-6752.0,980.0,-3649.1,2540.943,-3.0,-1.0,-1.667,,-28.0,-10.0,-20.0,,-27.0,-24.0,-25.333,,-44.0,-12.0,-29.667,,-223.799,355.165,1.341,,-8697.0,-6941.0,-7595.667,,-0.675,1.643,0.303,,-1.359,5.83,1.204,,-2.813,-2.369,-2.53,,-0.045,0.458,0.157,,-2.447,-1.297,-1.911,,-0.934,1.255,0.495,
38817987,N,-5117.0,600.0,-2671.0,3345.667,-1.0,-4.0,-2.5,,-24.0,-62.0,-43.0,,-14.0,-26.0,-20.0,,-26.0,-52.0,-39.0,,-404.358,-518.982,-461.67,,-7242.0,-12770.0,-10006.0,,-0.556,-1.2,-0.878,,0.44,0.371,0.406,,-1.6,-3.445,-2.522,,-0.351,-0.4,-0.375,,-1.003,-2.815,-1.909,,-0.37,-0.937,-0.654,
38818132,N,-1617.0,7172.0,-666.0,2530.003,0.0,0.0,0.0,,0.0,22.0,8.667,,1.0,17.0,7.0,,1.0,30.0,12.0,,-30.344,527.266,331.972,,-90.0,4127.0,1470.667,,-2.25,0.5,-1.12,,0.121,2.18,1.175,,0.083,1.173,0.461,,-0.352,0.217,-0.015,,0.136,1.482,0.673,,-1.374,0.112,-0.478,
38818537,Y,6798.0,-5763.0,3114.2,-3442.381,1.0,-1.0,0.0,,45.0,26.0,36.75,,31.0,20.0,27.25,,98.0,27.0,67.75,,584.287,-3.249,208.592,,11284.0,2895.0,8160.0,,0.065,-3.12,-1.022,,0.682,0.205,0.42,,2.787,0.738,1.959,,0.515,0.044,0.23,,3.187,0.927,2.129,,-0.52,-2.012,-1.142,
38819410,Y,1521.0,18464.0,7531.8,7206.848,0.0,2.0,1.0,,-3.0,23.0,9.333,,7.0,22.0,13.333,,14.0,48.0,27.0,,-375.971,156.857,-68.794,,2021.0,6057.0,3941.333,,-1.117,-0.068,-0.453,,-0.232,6.506,2.189,,0.503,1.52,0.968,,-0.244,0.208,0.021,,0.161,1.588,0.719,,-1.522,-0.215,-0.823,
38819948,N,3917.0,-1232.0,1116.0,-652.988,3.0,0.0,1.6,,29.0,7.0,18.4,,27.0,-13.0,14.0,,74.0,38.0,56.2,,426.393,-278.641,46.91,,10643.0,3606.0,8087.4,,0.599,-1.273,-0.153,,1.345,-2.067,-0.13,,2.745,0.834,2.071,,0.485,-0.304,0.058,,3.02,1.106,2.125,,0.938,-1.024,0.009,
38820180,N,-4735.0,4342.0,-1517.533,2903.647,,,,,,,,,,,,,,,,,,,,,,,,,,,,,,,,,,,,,,,,,,,,,,,,
38821082,N,-240.0,-2646.0,-1376.55,-652.489,2.0,1.0,1.667,,15.0,2.0,9.333,,12.0,1.0,8.333,,26.0,9.0,18.667,,364.4,119.823,248.203,,3294.0,-1779.0,1571.0,,0.5,-0.167,0.131,,0.251,-1.746,-0.622,,0.764,-0.67,0.253,,0.779,0.493,0.633,,0.783,-0.085,0.403,,1.325,0.864,1.171,
38823871,N,2190.0,6763.0,3048.333,34.244,-3.0,3.0,-0.5,,-12.0,32.0,14.25,,-34.0,-7.0,-23.5,,-54.0,67.0,-13.75,,162.192,413.679,285.052,,-4890.0,4974.0,-845.5,,0.018,1.951,1.092,,-1.59,0.684,-0.813,,-1.172,1.305,-0.131,,-0.148,0.112,-0.025,,-1.421,2.479,0.096,,-1.224,0.155,-0.428,
38824595,Y,-1138.0,-1998.0,-3074.417,-426.186,,,,,,,,,,,,,,,,,,,,,,,,,,,,,,,,,,,,,,,,,,,,,,,,
38824853,Y,729.0,-11276.0,-5055.667,-4654.599,,,,,,,,,,,,,,,,,,,,,,,,,,,,,,,,,,,,,,,,,,,,,,,,
38825517,N,1045.0,3152.0,1887.4,618.444,-1.0,-1.0,-1.0,,-6.0,-6.0,-6.0,,-4.0,-4.0,-4.0,,-18.0,-18.0,-18.0,,332.243,332.243,332.243,,-2030.0,-2030.0,-2030.0,,1.375,1.375,1.375,,0.018,0.018,0.018,,-0.667,-0.667,-0.667,,0.468,0.468,0.468,,-0.927,-0.927,-0.927,,-0.029,-0.029,-0.029,
38826037,Y,153.0,2298.0,721.5,542.901,3.0,3.0,3.0,,17.0,17.0,17.0,,9.0,9.0,9.0,,14.0,14.0,14.0,,-701.458,-701.458,-701.458,,4693.0,4693.0,4693.0,,-0.062,-0.062,-0.062,,-0.156,-0.156,-0.156,,1.193,1.193,1.193,,-0.748,-0.748,-0.748,,0.729,0.729,0.729,,1.546,1.546,1.546,
38826148,N,-389.0,2315.0,-955.0,3863.919,,,,,,,,,,,,,,,,,,,,,,,,,,,,,,,,,,,,,,,,,,,,,,,,
38826337,Y,5755.0,-6571.0,-419.0,-3909.953,-3.0,-3.0,-3.0,,-77.0,-77.0,-77.0,,-33.0,-33.0,-33.0,,-99.0,-99.0,-99.0,,-687.804,-687.804,-687.804,,-14137.0,-14137.0,-14137.0,,-1.073,-1.073,-1.073,,1.035,1.035,1.035,,-3.454,-3.454,-3.454,,-0.758,-0.758,-0.758,,-3.431,-3.431,-3.431,,0.841,0.841,0.841,
38826621,N,-1195.0,6240.0,2065.167,2025.44,,,,,,,,,,,,,,,,,,,,,,,,,,,,,,,,,,,,,,,,,,,,,,,,
38826769,Y,3098.0,-13148.0,-5828.25,-7372.082,0.0,4.0,1.667,,8.0,13.0,10.667,,-3.0,18.0,7.0,,-6.0,48.0,19.333,,109.589,414.439,269.211,,-142.0,8369.0,3930.667,,0.366,0.747,0.547,,-15.84,-15.404,-15.682,,0.044,1.929,0.976,,-0.062,0.394,0.111,,-0.086,2.333,1.048,,0.0,1.228,0.589,
38827194,Y,-6579.0,-2922.0,-5530.0,3062.115,-4.0,-2.0,-3.25,,-71.0,-55.0,-62.25,,-55.0,-39.0,-49.5,,-131.0,-113.0,-120.75,,-270.618,102.023,-107.062,,-13087.0,-9969.0,-11970.5,,-0.817,0.783,-0.152,,-0.05,3.215,1.301,,-3.181,-2.455,-2.937,,-0.61,-0.096,-0.33,,-5.247,-4.623,-4.877,,-1.08,0.763,-0.159,
38827356,N,7152.0,-1901.0,4173.8,-4080.824,,,,,,,,,,,,,,,,,,,,,,,,,,,,,,,,,,,,,,,,,,,,,,,,
38827713,N,-1057.0,8222.0,2284.0,2250.445,-1.0,4.0,1.2,,-7.0,40.0,13.8,,-1.0,52.0,26.2,,-19.0,102.0,32.6,,-113.26,180.543,42.217,,-1826.0,10269.0,5112.0,,-4.633,-0.5,-3.632,,0.059,1.313,0.803,,-0.414,2.498,1.198,,-0.026,0.365,0.178,,-0.525,3.395,1.12,,-0.528,0.567,0.015,
38827724,Y,-4293.0,-735.0,-3191.5,1671.284,,,,,,,,,,,,,,,,,,,,,,,,,,,,,,,,,,,,,,,,,,,,,,,,
38828158,Y,-3631.0,6067.0,2148.6,3854.853,-1.0,3.0,0.75,,-2.0,25.0,14.0,,-12.0,22.0,3.25,,-27.0,71.0,8.75,,38.418,680.572,320.798,,-1790.0,11979.0,3984.25,,-0.033,1.556,0.679,,-7.319,2.088,-4.53,,-0.341,2.782,1.003,,-0.052,0.414,0.218,,-0.791,2.136,0.469,,-0.994,0.037,-0.266,
38828291,N,-2911.0,1638.0,40.833,3573.47,5.0,3.0,3.667,,44.0,22.0,33.333,,19.0,-4.0,10.0,,45.0,23.0,34.0,,293.629,-75.947,62.975,,8326.0,2405.0,6006.333,,1.483,-0.154,0.769,,0.376,-3.595,-1.277,,2.258,0.915,1.676,,0.283,0.003,0.101,,2.491,1.47,1.904,,1.562,-0.356,0.663,
38828441,N,1221.0,-1704.0,2399.75,-2070.61,,,,,,,,,,,,,,,,,,,,,,,,,,,,,,,,,,,,,,,,,,,,,,,,
38828815,Y,-6576.0,12496.0,5157.0,7088.2,-2.0,5.0,2.0,,-29.0,30.0,-2.75,,-6.0,59.0,27.25,,-20.0,172.0,82.25,,-682.156,-91.099,-316.119,,-5545.0,16497.0,4975.0,,-2.014,-0.167,-1.218,,-0.003,1.396,0.697,,-1.442,4.373,1.148,,-0.46,0.019,-0.255,,-1.231,6.255,2.258,,-0.772,0.536,0.089,
38828948,N,1221.0,5918.0,5688.5,2256.771,,,,,,,,,,,,,,,,,,,,,,,,,,,,,,,,,,,,,,,,,,,,,,,,
38829883,N,1059.0,3119.0,2036.0,1974.666,0.0,0.0,0.0,,-2.0,-10.0,-5.0,,3.0,-19.0,-11.0,,12.0,-22.0,-3.333,,293.462,70.083,193.265,,361.0,-5143.0,-2089.333,,0.681,-0.943,0.06,,0.921,-1.327,-0.205,,0.116,-1.686,-0.624,,0.41,0.176,0.258,,0.241,-1.669,-0.549,,1.055,-0.004,0.53,
38830807,N,11848.0,21383.0,14983.733,6175.247,10.0,9.0,9.5,,166.0,157.0,161.5,,97.0,95.0,96.0,,177.0,144.0,160.5,,63.144,-199.78,-68.318,,28187.0,26771.0,27479.0,,0.77,0.366,0.568,,-0.185,-1.265,-0.725,,7.525,7.207,7.366,,0.043,-0.025,0.009,,8.937,7.647,8.292,,0.502,0.069,0.286,
38831809,Y,-99.0,-5208.0,-926.583,-1128.147,2.0,1.0,1.5,,22.0,19.0,20.5,,17.0,14.0,15.5,,21.0,6.0,13.5,,148.316,105.071,126.694,,6713.0,4799.0,5756.0,,0.618,-0.159,0.229,,0.815,-1.39,-0.287,,1.814,1.361,1.587,,0.058,-0.224,-0.083,,1.211,0.819,1.015,,0.772,-0.248,0.262,
38831909,Y,5518.0,-1455.0,414.433,-2242.096,0.0,2.0,0.75,,7.0,20.0,11.25,,2.0,20.0,8.25,,-2.0,35.0,15.0,,-308.413,-222.39,-259.256,,1120.0,5058.0,3119.75,,-3.182,-0.25,-1.833,,0.081,0.864,0.35,,0.264,1.566,0.911,,-0.407,-0.271,-0.367,,-0.272,1.367,0.418,,-1.818,-0.901,-1.366,
38832005,N,3096.0,9063.0,5883.167,2790.154,,,,,,,,,,,,,,,,,,,,,,,,,,,,,,,,,,,,,,,,,,,,,,,,
38832299,Y,-195.0,-14590.0,-6253.167,-3772.997,0.0,-4.0,-2.5,,4.0,-45.0,-20.667,,-2.0,-45.0,-22.333,,-3.0,-66.0,-35.167,,49.516,-596.137,-282.662,,-195.0,-11502.0,-6382.333,,7.559,5.333,6.535,,-0.427,-4.636,-1.38,,-0.09,-2.799,-1.668,,0.07,-0.537,-0.335,,-0.169,-2.704,-1.565,,0.897,-0.359,0.113,
38832706,Y,-7531.0,-2654.0,-2462.8,2032.829,5.0,3.0,4.0,,51.0,22.0,35.5,,31.0,9.0,23.5,,80.0,23.0,59.5,,63.019,-333.442,-126.048,,11733.0,2679.0,7501.5,,0.549,-0.721,0.114,,0.727,-0.406,0.112,,3.084,1.032,2.112,,0.005,-0.412,-0.184,,3.457,1.822,2.782,,0.918,-0.762,0.093,
38833675,N,-413.0,17231.0,5139.733,6909.508,0.0,1.0,0.5,,11.0,11.0,11.0,,3.0,6.0,4.5,,-5.0,16.0,5.5,,-662.166,-505.505,-583.835,,2087.0,2152.0,2119.5,,0.319,0.757,0.538,,-0.885,-0.378,-0.631,,0.504,0.745,0.625,,-0.7,-0.612,-0.656,,0.081,0.482,0.281,,-1.309,-0.736,-1.022,
38834375,N,-3433.0,10229.0,3893.917,8295.242,3.0,3.0,3.0,,65.0,65.0,65.0,,56.0,56.0,56.0,,63.0,63.0,63.0,,675.328,675.328,675.328,,15446.0,15446.0,15446.0,,-2.741,-2.741,-2.741,,0.793,0.793,0.793,,4.026,4.026,4.026,,0.698,0.698,0.698,,3.263,3.263,3.263,,0.773,0.773,0.773,
38834828,Y,-633.0,-1138.0,2867.45,-1949.98,0.0,1.0,0.5,,9.0,23.0,16.0,,31.0,38.0,34.5,,46.0,70.0,58.0,,-712.196,-441.126,-576.661,,7252.0,10850.0,9051.0,,-4.894,-4.65,-4.772,,1.711,2.787,2.249,,2.323,2.65,2.486,,-0.801,-0.57,-0.686,,2.371,2.424,2.398,,-1.651,-1.183,-1.417,
38834848,Y,173.0,-4761.0,-1750.9,1767.19,4.0,2.0,3.0,,64.0,39.0,51.5,,36.0,30.0,33.0,,65.0,32.0,48.5,,115.725,15.426,65.576,,10355.0,5775.0,8065.0,,1.235,-0.253,0.491,,0.453,-5.753,-2.65,,2.835,1.551,2.193,,0.054,-0.0,0.027,,3.47,2.157,2.813,,-0.082,-0.61,-0.346,
38834915,Y,4156.0,10097.0,6023.533,3878.869,,,,,,,,,,,,,,,,,,,,,,,,,,,,,,,,,,,,,,,,,,,,,,,,
38835251,N,-2194.0,6815.0,667.333,3501.12,2.0,1.0,1.5,,22.0,20.0,21.0,,14.0,3.0,8.5,,48.0,48.0,48.0,,402.762,125.904,264.333,,8503.0,7044.0,7773.5,,1.244,-0.471,0.387,,0.015,-2.7,-1.342,,1.99,1.699,1.844,,0.415,0.306,0.361,,1.81,1.632,1.721,,0.7,-1.175,-0.238,
38835847,N,225.0,10641.0,7755.6,4988.776,-2.0,3.0,0.5,,15.0,77.0,46.0,,33.0,33.0,33.0,,20.0,99.0,59.5,,654.091,687.804,670.947,,3699.0,14137.0,8918.0,,-0.439,1.073,0.317,,-1.035,1.503,0.234,,1.249,3.454,2.352,,0.651,0.758,0.704,,1.03,3.431,2.23,,-1.931,-0.841,-1.386,
38836069,N,2982.0,-919.0,3733.667,-1687.238,0.0,0.0,0.0,,-2.0,-2.0,-2.0,,-5.0,-5.0,-5.0,,-8.0,-8.0,-8.0,,45.42,45.42,45.42,,-783.0,-783.0,-783.0,,1.625,1.625,1.625,,-0.746,-0.746,-0.746,,-0.224,-0.224,-0.224,,0.246,0.246,0.246,,-0.575,-0.575,-0.575,,1.129,1.129,1.129,
38836383,N,9704.0,12855.0,12273.933,2010.953,,,,,,,,,,,,,,,,,,,,,,,,,,,,,,,,,,,,,,,,,,,,,,,,
38836994,Y,1444.0,6546.0,277.5,784.769,0.0,2.0,0.75,,-7.0,6.0,-1.0,,-2.0,13.0,4.5,,3.0,24.0,11.5,,130.232,192.294,146.196,,-818.0,3088.0,531.75,,-2.559,1.0,-1.292,,-0.189,1.845,0.64,,-0.294,0.805,0.092,,0.021,0.207,0.111,,0.099,0.895,0.485,,0.0,2.218,0.679,
38837179,Y,-3326.0,-1404.0,-2286.4,1236.29,-2.0,-1.0,-1.667,,-16.0,-6.0,-11.333,,-8.0,-3.0,-5.667,,-12.0,-1.0,-6.333,,100.744,569.514,280.878,,-3393.0,-3071.0,-3246.0,,-1.108,-0.208,-0.636,,0.316,3.844,1.688,,-0.755,-0.681,-0.708,,0.148,0.573,0.315,,-0.693,-0.174,-0.467,,-1.468,0.374,-0.854,
38837489,Y,9004.0,-4101.0,6475.467,-4609.274,3.0,1.0,1.75,,31.0,27.0,28.5,,36.0,34.0,35.0,,99.0,93.0,96.0,,412.423,-32.817,214.68,,9534.0,8453.0,9119.5,,-0.119,-0.786,-0.348,,1.04,0.028,0.569,,2.324,1.924,2.179,,0.488,-0.159,0.218,,3.321,3.021,3.144,,0.788,-1.372,-0.758,
38837856,Y,-5242.0,9772.0,6480.2,7386.615,1.0,2.0,1.333,,3.0,81.0,33.333,,-7.0,57.0,19.667,,2.0,64.0,23.667,,187.993,464.952,342.547,,-183.0,14424.0,6507.667,,0.388,1.214,0.704,,-1.47,-0.514,-0.882,,0.143,3.947,1.858,,0.158,0.438,0.279,,0.088,3.273,1.25,,-0.476,0.817,0.004,
38838232,Y,-2124.0,3632.0,-1477.6,4438.487,,,,,,,,,,,,,,,,,,,,,,,,,,,,,,,,,,,,,,,,,,,,,,,,
38838461,Y,4959.0,-234.0,931.633,-1913.427,-3.0,0.0,-1.5,,-53.0,-21.0,-35.75,,-25.0,-5.0,-16.5,,-51.0,-2.0,-30.75,,-1100.993,-105.429,-634.807,,-6675.0,-1846.0,-4528.0,,-1.444,5.889,1.135,,-0.392,1.704,0.47,,-2.053,-0.593,-1.46,,-1.125,-0.298,-0.624,,-2.704,-0.595,-1.86,,-1.47,0.748,-0.344,
38839181,Y,-1425.0,-10720.0,-8234.333,-3727.492,,,,,,,,,,,,,,,,,,,,,,,,,,,,,,,,,,,,,,,,,,,,,,,,
38839286,N,5502.0,-2341.0,1951.3,-4094.226,-3.0,0.0,-1.25,,-62.0,-26.0,-46.5,,-44.0,-17.0,-32.0,,-45.0,28.0,-17.0,,-210.123,226.359,-59.31,,-11726.0,-867.0,-7876.25,,-0.173,-0.008,-0.074,,-0.133,0.295,0.073,,-2.63,-0.009,-1.683,,-0.231,0.237,-0.032,,-1.852,0.785,-0.785,,-0.835,1.383,0.249,
38839522,Y,3457.0,-6482.0,1041.333,-3264.642,-4.0,-4.0,-4.0,,-32.0,-32.0,-32.0,,-23.0,-23.0,-23.0,,-67.0,-59.0,-63.0,,-285.264,-67.018,-176.141,,-7595.0,-7595.0,-7595.0,,-0.575,-0.575,-0.575,,0.929,1.846,1.388,,-1.83,-1.82,-1.825,,-0.351,-0.106,-0.228,,-2.223,-1.936,-2.079,,-1.051,-1.051,-1.051,
38839841,Y,-1827.0,-8178.0,-6473.4,-1979.251,-1.0,0.0,-0.25,,-7.0,9.0,1.75,,-4.0,13.0,5.0,,-20.0,-6.0,-13.75,,-245.469,245.349,68.868,,-2028.0,3102.0,408.25,,-1.411,0.375,-0.38,,-0.091,0.923,0.376,,-0.52,0.677,0.058,,-0.374,0.891,0.089,,-0.875,-0.089,-0.564,,-1.239,-0.12,-0.442,
38840111,N,4940.0,-11830.0,-4579.333,-7643.528,,,,,,,,,,,,,,,,,,,,,,,,,,,,,,,,,,,,,,,,,,,,,,,,
38840487,N,790.0,-5325.0,-5878.95,-2568.11,0.0,-5.0,-2.0,,16.0,-44.0,-11.333,,6.0,-24.0,-11.0,,36.0,-46.0,-0.667,,-20.523,-194.095,-82.577,,4452.0,-9627.0,-2263.333,,0.929,-0.778,0.298,,0.248,-2.101,-1.028,,1.025,-2.404,-0.712,,0.063,-0.147,-0.053,,1.302,-1.622,-0.058,,-0.308,-1.104,-0.715,
38840788,Y,-1532.0,2021.0,1508.0,199.201,-3.0,0.0,-2.0,,-51.0,-19.0,-40.8,,-23.0,-7.0,-14.4,,-47.0,-1.0,-31.2,,-1058.51,-429.218,-717.235,,-6820.0,-1481.0,-4391.0,,-1.511,-0.211,-0.824,,0.28,1.727,0.788,,-2.029,-0.734,-1.422,,-0.968,-0.548,-0.738,,-2.534,-0.41,-1.791,,-1.47,0.448,-0.639,
38841289,Y,318.0,-69.0,916.767,-119.787,0.0,3.0,1.333,,-1.0,19.0,12.333,,1.0,12.0,8.0,,-6.0,42.0,17.333,,-318.017,369.039,22.945,,118.0,4875.0,2656.667,,-0.333,0.5,0.193,,-0.434,0.729,-0.007,,-0.024,1.113,0.584,,-0.468,0.292,-0.078,,-0.23,1.343,0.548,,0.0,1.379,0.787,
38841944,N,674.0,-720.0,-1627.0,-1432.925,-1.0,3.0,0.667,,-77.0,-44.0,-62.667,,-50.0,-27.0,-40.0,,-65.0,1.0,-35.0,,-290.894,-171.245,-239.637,,-12900.0,-4524.0,-9265.667,,-0.087,-0.036,-0.066,,-0.067,0.391,0.13,,-2.944,-0.728,-2.007,,-0.39,-0.286,-0.354,,-3.334,-0.769,-2.287,,0.675,1.639,1.275,
38842260,Y,-3355.0,2394.0,-157.25,2972.821,-2.0,-1.0,-1.5,,-5.0,1.0,-2.0,,6.0,18.0,12.0,,-17.0,14.0,-1.5,,-388.375,-210.612,-299.494,,3429.0,4226.0,3827.5,,-1.583,-0.743,-1.163,,0.39,2.155,1.273,,0.684,0.711,0.698,,-0.142,-0.094,-0.118,,-0.708,-0.088,-0.398,,-1.532,-1.218,-1.375,
38842413,Y,6234.0,15006.0,10305.333,4312.616,10.0,8.0,9.333,,94.0,64.0,78.0,,129.0,103.0,117.333,,249.0,205.0,229.667,,-58.36,-1140.431,-537.708,,31291.0,25755.0,28421.667,,0.791,-2.098,-0.659,,1.367,0.231,0.772,,7.684,6.453,7.006,,0.07,-1.14,-0.501,,10.023,7.67,8.928,,0.285,-0.939,-0.242,
38842829,N,1805.0,10050.0,7595.55,4108.598,0.0,2.0,1.5,,2.0,56.0,33.75,,-2.0,28.0,19.0,,0.0,101.0,56.75,,60.83,531.617,262.96,,-571.0,11249.0,6700.25,,0.381,1.261,0.854,,-3.097,-1.95,-2.764,,-0.102,2.742,1.654,,-0.046,0.495,0.249,,0.057,3.411,2.079,,0.0,0.864,0.494,
38844909,N,-8951.0,-3161.0,-4143.667,549.749,-1.0,2.0,0.2,,-36.0,1.0,-18.0,,-30.0,-8.0,-19.2,,-49.0,7.0,-20.8,,-520.322,327.298,-31.499,,-10056.0,-1286.0,-5012.0,,-0.857,0.529,-0.035,,-0.457,9.232,2.055,,-2.288,-0.19,-1.048,,-0.53,0.52,0.063,,-2.065,0.606,-0.757,,-0.278,1.043,0.203,
38845004,Y,3633.0,-5577.0,3350.467,-3150.874,,,,,,,,,,,,,,,,,,,,,,,,,,,,,,,,,,,,,,,,,,,,,,,,
38845561,N,-15754.0,-11240.0,-11060.0,2270.787,-1.0,-1.0,-1.0,,-21.0,-4.0,-12.5,,-18.0,0.0,-9.0,,-26.0,-17.0,-21.5,,331.049,376.964,354.007,,-5838.0,-1975.0,-3906.5,,-0.555,-0.138,-0.346,,1.051,3.048,2.049,,-1.185,-0.346,-0.766,,0.207,0.366,0.287,,-0.702,-0.4,-0.551,,-0.155,0.099,-0.028,
38845826,N,-1089.0,1868.0,2039.65,1489.92,0.0,-2.0,-1.0,,8.0,-7.0,0.5,,3.0,2.0,2.5,,6.0,-13.0,-3.5,,-146.219,-285.276,-215.747,,1456.0,-240.0,608.0,,0.583,-1.139,-0.278,,0.702,-1.347,-0.323,,0.314,-0.142,0.086,,-0.234,-0.268,-0.251,,0.148,-0.92,-0.386,,0.0,-1.874,-0.937,
38846096,Y,455.0,13647.0,5203.45,5242.417,0.0,4.0,1.4,,-2.0,63.0,22.0,,2.0,41.0,19.2,,-3.0,80.0,35.0,,-690.583,-44.486,-369.894,,1391.0,17650.0,7121.2,,-1.333,0.133,-0.517,,-0.46,3.249,0.702,,0.373,4.546,1.714,,-0.582,-0.036,-0.278,,-0.379,4.582,1.412,,-1.169,-0.889,-1.003,
38846108,N,1837.0,-12741.0,-3943.567,-6166.093,0.0,-4.0,-1.75,,0.0,-47.0,-21.75,,11.0,-28.0,-9.5,,20.0,-53.0,-18.5,,-94.339,-426.694,-241.306,,2148.0,-6647.0,-2734.5,,0.545,-1.061,-0.357,,2.788,1.348,1.821,,0.547,-2.052,-0.768,,-0.11,-0.444,-0.311,,1.021,-2.328,-0.623,,-0.016,-0.957,-0.659,
38846885,Y,-2253.0,-13239.0,-7213.733,-5318.267,-1.0,-5.0,-2.667,,-8.0,-39.0,-28.333,,-5.0,-35.0,-21.0,,-7.0,-75.0,-44.0,,169.675,-154.253,-23.247,,-669.0,-13959.0,-7849.0,,-0.103,-0.556,-0.33,,0.21,-0.192,-0.057,,-0.131,-3.821,-2.176,,0.159,-0.247,-0.095,,-0.338,-3.825,-2.079,,0.913,0.085,0.576,
38846972,N,1459.0,-12567.0,-3617.8,-5651.584,4.0,-1.0,2.2,,74.0,36.0,61.4,,40.0,-9.0,27.0,,37.0,-30.0,17.2,,280.746,-40.545,87.931,,10339.0,-4723.0,6358.6,,1.327,-0.273,0.712,,0.591,-1.468,-0.366,,2.721,-1.153,1.706,,0.179,-0.201,0.061,,1.449,-2.053,0.548,,1.251,-0.909,0.008,
38847221,N,-124.0,-4605.0,-2511.0,-4156.109,-2.0,0.0,-1.25,,-18.0,4.0,-6.0,,-24.0,-11.0,-14.5,,-41.0,-17.0,-28.75,,310.438,472.455,388.378,,-8521.0,-2180.0,-5580.75,,-0.494,1.372,0.592,,-1.027,3.562,0.196,,-2.128,-0.74,-1.46,,0.38,0.6,0.461,,-1.766,-0.718,-1.243,,-0.541,0.196,-0.264,
38847353,N,449.0,5744.0,2153.5,3909.138,2.0,-5.0,-1.2,,9.0,-51.0,-9.8,,0.0,-39.0,-12.8,,10.0,-75.0,-25.0,,527.944,-300.419,14.934,,426.0,-17149.0,-4824.8,,1.575,0.444,0.908,,0.155,-1.337,-0.305,,0.141,-3.88,-1.057,,0.284,-0.351,-0.028,,0.671,-3.256,-0.881,,1.874,-0.186,0.512,
38850023,N,303.0,4574.0,6867.333,1534.65,2.0,-3.0,-0.5,,11.0,-47.0,-18.0,,26.0,2.0,14.0,,18.0,-33.0,-7.5,,-163.273,-172.789,-168.031,,7324.0,-2911.0,2206.5,,-1.933,-6.333,-4.133,,1.969,1.738,1.853,,1.865,-0.423,0.721,,-0.112,-0.124,-0.118,,1.001,-1.105,-0.052,,0.824,-0.567,0.128,
38850320,N,-6148.0,-6191.0,-8356.2,-5269.405,-2.0,3.0,-0.5,,-40.0,-9.0,-31.0,,-26.0,-8.0,-17.5,,-50.0,10.0,-30.0,,-682.252,-85.318,-355.801,,-6148.0,5850.0,-2377.25,,-0.807,0.098,-0.32,,0.267,2.617,1.064,,-1.298,1.9,-0.331,,-1.002,-0.469,-0.7,,-1.657,1.359,-0.729,,-0.63,0.573,-0.115,
38850568,Y,-184.0,-5264.0,-3038.667,-2280.838,-1.0,1.0,0.0,,-12.0,30.0,2.667,,-5.0,8.0,-0.333,,-26.0,7.0,-8.667,,-762.257,249.193,-147.575,,-3537.0,3618.0,-773.0,,-0.25,1.25,0.5,,-0.265,0.039,-0.095,,-1.012,0.898,-0.284,,-0.792,0.077,-0.255,,-1.028,0.831,-0.268,,-0.027,0.777,0.479,
38850993,Y,4217.0,-9085.0,-1728.15,-5540.262,0.0,3.0,1.0,,-1.0,14.0,6.0,,2.0,43.0,16.333,,6.0,61.0,30.0,,-168.065,127.132,4.653,,260.0,7571.0,3495.0,,-1.142,-0.156,-0.632,,0.124,1.241,0.82,,0.114,1.777,0.853,,-0.011,0.129,0.074,,0.185,1.798,0.889,,0.0,1.224,0.408,
38852032,N,-3356.0,-18530.0,-11846.0,,,,,,,,,,,,,,,,,,,,,,,,,,,,,,,,,,,,,,,,,,,,,,,,,
38852534,N,-5322.0,-3019.0,-4871.25,1589.719,1.0,-3.0,-0.667,,8.0,-50.0,-12.0,,6.0,-27.0,-8.333,,6.0,-61.0,-17.0,,756.957,503.369,596.595,,937.0,-12141.0,-3614.0,,1.117,-1.429,-0.178,,0.858,-2.209,-0.305,,0.387,-2.862,-0.776,,0.414,0.378,0.396,,0.545,-2.33,-0.445,,1.869,-0.171,0.873,
38852868,Y,-5764.0,-2183.0,-2640.0,2290.606,0.0,-6.0,-1.5,,2.0,-26.0,-9.75,,6.0,-40.0,-14.25,,3.0,-99.0,-25.5,,243.017,-394.307,-22.156,,245.0,-16563.0,-4644.25,,1.081,-3.65,-0.458,,0.57,-1.798,-0.482,,-0.006,-5.065,-1.379,,0.396,-0.362,0.075,,-0.163,-5.31,-1.563,,0.939,0.287,0.723,
38852993,N,12.0,8948.0,3782.75,3056.133,-1.0,4.0,1.333,,8.0,39.0,21.0,,-5.0,19.0,5.667,,12.0,59.0,30.667,,45.493,443.137,178.678,,510.0,6029.0,2949.0,,0.352,1.653,0.961,,-2.484,-1.833,-2.051,,0.052,1.487,0.676,,-0.036,0.46,0.254,,0.38,2.07,0.991,,-0.918,0.069,-0.404,
38853364,Y,4570.0,-1228.0,4105.0,-2036.89,1.0,7.0,3.6,,21.0,48.0,34.8,,7.0,72.0,32.8,,23.0,115.0,60.0,,513.808,845.478,668.317,,2236.0,18354.0,9662.4,,-1.315,3.5,-0.046,,-0.178,1.01,0.634,,0.563,5.513,2.603,,0.302,0.769,0.507,,0.963,5.849,3.004,,-1.066,-0.171,-0.613,
38854222,Y,-503.0,-229.0,-2555.533,-1002.318,-2.0,1.0,-1.25,,-10.0,3.0,-4.25,,-49.0,-29.0,-41.0,,-54.0,26.0,-27.5,,247.886,328.005,283.818,,-10347.0,-845.0,-6789.5,,0.343,1.141,0.654,,-3.608,-2.638,-2.99,,-2.734,-0.661,-1.89,,0.214,0.331,0.256,,-2.187,0.765,-1.17,,-0.631,0.294,-0.4,
38854553,N,2768.0,5121.0,3618.0,1723.217,5.0,3.0,4.0,,37.0,27.0,32.0,,27.0,22.0,24.5,,64.0,51.0,57.5,,419.434,277.462,348.448,,10333.0,7555.0,8944.0,,0.778,0.183,0.48,,-0.337,-1.444,-0.891,,2.765,1.965,2.365,,0.324,0.218,0.271,,3.928,3.025,3.477,,1.207,-0.043,0.582,
38854690,N,2789.0,4902.0,5150.667,-1485.872,-3.0,2.0,-1.333,,-58.0,-14.0,-42.0,,-66.0,-27.0,-46.333,,-47.0,78.0,0.667,,-310.759,537.924,63.238,,-13411.0,-1245.0,-8344.667,,-0.364,4.0,1.318,,-1.192,1.22,-0.073,,-3.466,-0.515,-2.238,,-0.344,0.307,-0.011,,-2.482,1.687,-0.896,,-0.262,1.236,0.479,
38855451,Y,2952.0,-13972.0,-3455.5,-6531.192,0.0,-6.0,-3.0,,-1.0,-51.0,-26.0,,23.0,-27.0,-2.0,,20.0,-93.0,-36.5,,585.689,310.151,447.92,,2591.0,-12327.0,-4868.0,,-0.611,-1.014,-0.813,,1.707,1.297,1.502,,1.043,-2.623,-0.79,,0.468,0.254,0.361,,1.14,-3.241,-1.05,,-0.495,-0.814,-0.654,
38855893,Y,5406.0,13628.0,6891.35,4367.311,-1.0,4.0,0.5,,-17.0,17.0,-1.75,,-29.0,-12.0,-18.75,,-22.0,72.0,20.0,,-283.78,358.906,-63.896,,-5838.0,6284.0,-1389.0,,0.078,8.133,2.971,,-1.393,-0.097,-0.953,,-1.284,1.565,-0.214,,-0.259,0.687,0.107,,-0.945,2.458,0.65,,-0.148,1.41,0.859,
38856631,Y,-4293.0,14302.0,2209.333,7763.767,-3.0,3.0,-0.75,,10.0,55.0,27.5,,-16.0,41.0,7.5,,-18.0,90.0,19.5,,-93.076,620.874,297.755,,-2689.0,13156.0,3333.25,,0.478,4.781,1.719,,-2.039,-1.009,-1.424,,-0.616,3.209,0.907,,-0.194,0.549,0.229,,-0.651,3.621,0.947,,-1.412,-0.805,-1.088,
38857843,N,-128.0,11502.0,2656.3,3772.125,-1.0,8.0,2.25,,1.0,84.0,40.75,,2.0,31.0,17.75,,-8.0,97.0,36.75,,-229.474,-61.816,-142.436,,-76.0,17987.0,7485.0,,-0.025,3.245,1.128,,-2.252,-0.482,-1.391,,0.06,4.77,1.879,,-0.087,0.224,0.047,,-0.339,3.854,1.544,,-2.152,-0.602,-1.295,
38858050,N,-384.0,5103.0,3479.4,3233.846,1.0,-3.0,-0.6,,38.0,-30.0,13.0,,31.0,14.0,21.4,,28.0,-19.0,8.0,,196.062,-486.665,-251.36,,9615.0,2785.0,6226.0,,-0.118,-2.991,-1.5,,0.89,0.377,0.664,,2.436,0.911,1.633,,-0.043,-0.859,-0.513,,1.376,-0.521,0.44,,-0.902,-1.485,-1.234,
38858065,Y,-284.0,13838.0,2947.333,1938.341,2.0,9.0,3.75,,37.0,83.0,49.5,,13.0,29.0,19.25,,29.0,105.0,62.0,,-167.658,-4.452,-112.305,,5944.0,18063.0,9233.75,,0.554,3.27,1.471,,-1.77,-0.92,-1.222,,1.251,4.71,2.202,,-0.09,0.221,0.05,,1.495,4.194,2.445,,0.735,1.55,1.041,
38858282,Y,-5406.0,-2756.0,-3548.833,-2745.319,-1.0,1.0,0.0,,-3.0,11.0,0.833,,-1.0,12.0,3.5,,-14.0,21.0,4.0,,-633.835,158.44,-204.223,,-1925.0,1898.0,441.667,,-1.241,1.571,-0.215,,-0.485,1.616,0.425,,-0.502,0.514,0.16,,-0.375,0.524,0.001,,-0.657,0.704,0.155,,-1.076,1.017,-0.241,
38858937,Y,-2111.0,-1700.0,-3969.95,-991.587,5.0,2.0,4.0,,64.0,42.0,56.333,,47.0,32.0,40.667,,99.0,70.0,86.0,,357.264,-5.062,182.445,,13595.0,9224.0,11980.0,,0.877,0.104,0.598,,0.306,-3.389,-1.718,,3.547,2.518,3.159,,0.37,-0.259,0.053,,5.134,4.233,4.722,,1.145,-0.385,0.635,
38859165,N,-198.0,30138.0,8958.0,11688.939,,,,,,,,,,,,,,,,,,,,,,,,,,,,,,,,,,,,,,,,,,,,,,,,
38859288,N,7032.0,923.0,5043.0,-691.106,2.0,2.0,2.0,,22.0,22.0,22.0,,9.0,9.0,9.0,,44.0,44.0,44.0,,-64.225,-64.225,-64.225,,3174.0,3174.0,3174.0,,0.603,0.603,0.603,,-1.066,-1.066,-1.066,,0.857,0.857,0.857,,-0.029,-0.029,-0.029,,1.667,1.667,1.667,,0.682,0.682,0.682,
38860392,Y,2951.0,2910.0,757.967,128.892,1.0,-4.0,-0.667,,-13.0,-27.0,-18.0,,-15.0,-49.0,-28.667,,7.0,-62.0,-19.333,,86.387,-298.634,-93.792,,-1596.0,-8539.0,-4498.667,,0.816,0.413,0.621,,-0.28,-1.05,-0.614,,-0.474,-2.061,-1.084,,0.064,-0.294,-0.073,,-0.028,-2.628,-1.171,,1.059,-0.102,0.474,
38864731,N,1711.0,-2156.0,-4679.8,-242.024,2.0,-1.0,0.5,,35.0,-3.0,16.0,,19.0,6.0,12.5,,41.0,-4.0,18.5,,52.883,37.86,45.372,,3783.0,-3794.0,-5.5,,0.486,-0.248,0.119,,-0.141,-1.081,-0.611,,0.834,-1.195,-0.18,,0.155,0.146,0.15,,1.407,-1.294,0.057,,0.122,-0.126,-0.002,
38865725,Y,-461.0,4120.0,1748.5,122.034,,,,,,,,,,,,,,,,,,,,,,,,,,,,,,,,,,,,,,,,,,,,,,,,
38866654,N,-3826.0,-2615.0,-8210.0,1535.87,1.0,-5.0,-2.0,,-9.0,-64.0,-36.75,,-2.0,-62.0,-30.25,,1.0,-150.0,-73.0,,-346.182,-471.692,-420.484,,-260.0,-15300.0,-8097.0,,0.385,-1.333,-0.367,,0.639,-0.919,0.11,,0.021,-3.526,-1.846,,-0.415,-0.622,-0.479,,-0.093,-4.963,-2.444,,1.047,-0.048,0.272,
38866794,N,-1574.0,-30568.0,-13582.2,-10986.678,,,,,,,,,,,,,,,,,,,,,,,,,,,,,,,,,,,,,,,,,,,,,,,,
38867440,Y,-3799.0,-4357.0,-9575.417,264.493,0.0,-6.0,-3.0,,4.0,-51.0,-23.75,,10.0,-50.0,-18.25,,9.0,-142.0,-65.0,,10.372,-115.137,-63.929,,1984.0,-13056.0,-5853.0,,0.437,-1.281,-0.314,,0.561,-0.996,0.032,,0.672,-2.875,-1.195,,0.028,-0.179,-0.036,,0.256,-4.613,-2.094,,0.0,-1.095,-0.774,
38868756,Y,-5626.0,-19629.0,-9829.6,-5170.883,-1.0,-11.0,-6.0,,-33.0,-181.0,-107.0,,-31.0,-145.0,-88.0,,-49.0,-166.0,-107.5,,106.844,-144.383,-18.77,,-11225.0,-33271.0,-22248.0,,0.617,0.614,0.616,,-0.431,-0.541,-0.486,,-2.991,-9.614,-6.302,,0.061,-0.288,-0.114,,-2.744,-7.651,-5.198,,1.176,0.651,0.913,
38869433,N,5014.0,10235.0,7630.333,1921.056,-1.0,5.0,2.2,,-4.0,63.0,28.8,,-2.0,49.0,17.2,,-17.0,115.0,41.2,,-903.988,-159.373,-452.722,,-77.0,14661.0,6555.8,,-0.583,2.0,0.533,,-0.955,4.153,0.512,,-0.007,3.291,1.616,,-0.873,-0.105,-0.397,,-0.731,4.706,1.756,,-1.948,-0.072,-0.838,
38872017,Y,59.0,3093.0,2682.083,783.347,-5.0,0.0,-3.25,,-47.0,3.0,-33.25,,-51.0,-22.0,-42.5,,-86.0,-16.0,-62.0,,-429.022,1.21,-246.619,,-14533.0,-5810.0,-12217.5,,-0.195,0.697,0.108,,-0.561,1.052,0.143,,-3.219,-1.0,-2.643,,-0.363,-0.234,-0.308,,-3.138,0.073,-2.151,,-0.925,1.174,0.545,
38873624,Y,1342.0,1165.0,-3215.2,-630.714,2.0,2.0,2.0,,28.0,-31.0,7.667,,22.0,6.0,13.333,,25.0,14.0,19.333,,304.895,-248.81,42.295,,4817.0,-413.0,3054.333,,0.768,-1.721,-0.159,,1.067,-2.828,-0.814,,1.351,0.179,0.907,,0.263,-0.386,-0.029,,1.448,0.711,1.201,,0.684,0.078,0.322,
38874689,Y,12971.0,14254.0,15759.167,-1583.77,2.0,7.0,3.75,,0.0,27.0,17.0,,-12.0,35.0,7.5,,13.0,88.0,42.5,,-157.426,110.155,-68.751,,-1864.0,8135.0,3056.25,,0.139,0.889,0.57,,-1.51,-0.191,-0.843,,-0.701,1.717,0.64,,-0.078,0.276,0.047,,0.214,3.287,1.783,,1.125,1.94,1.52,
38874731,N,5328.0,-3755.0,1463.0,-3104.999,0.0,-3.0,-1.75,,14.0,-38.0,-8.0,,26.0,-3.0,11.75,,19.0,-75.0,-18.5,,3.638,-297.449,-127.842,,6609.0,-4851.0,1154.5,,-0.239,-1.605,-0.77,,1.874,0.33,1.188,,1.884,-1.031,0.376,,-0.032,-0.396,-0.248,,1.196,-2.021,-0.372,,0.0,-2.218,-0.903,
38874864,Y,-2167.0,1173.0,-2582.8,1058.809,-1.0,0.0,-0.5,,-3.0,3.0,0.0,,-1.0,5.0,2.0,,9.0,25.0,17.0,,-311.355,106.882,-102.237,,320.0,801.0,560.5,,-3.643,7.5,1.929,,-0.23,1.084,0.427,,0.149,0.17,0.159,,-0.384,0.5,0.058,,0.477,0.837,0.657,,-2.061,-0.073,-1.067,
38875017,Y,6540.0,18382.0,11361.417,3443.418,2.0,11.0,4.75,,19.0,94.0,53.75,,3.0,123.0,43.25,,28.0,254.0,100.0,,-308.424,512.896,112.783,,4425.0,31183.0,13625.25,,-0.543,2.111,0.64,,-0.915,-0.055,-0.609,,0.988,7.579,3.272,,-0.133,0.637,0.253,,1.243,10.179,4.179,,0.737,1.962,1.18,
38875888,Y,6645.0,25009.0,12461.85,8743.874,4.0,11.0,7.5,,36.0,98.0,67.0,,16.0,121.0,68.5,,77.0,255.0,166.0,,213.028,645.167,429.098,,7127.0,30880.0,19003.5,,0.291,1.167,0.729,,-2.12,-1.738,-1.929,,1.747,7.522,4.634,,0.303,0.433,0.368,,3.573,10.262,6.917,,1.25,1.722,1.486,
38876379,N,-1561.0,-23668.0,-8907.733,-7634.019,-3.0,-7.0,-4.667,,-27.0,-77.0,-54.333,,1.0,-24.0,-15.667,,-36.0,-155.0,-89.0,,-3.392,-304.966,-191.314,,-3321.0,-14575.0,-8338.667,,-1.175,-1.833,-1.544,,2.432,2.04,2.255,,-0.783,-3.459,-1.978,,-0.288,-0.341,-0.322,,-1.223,-5.158,-2.947,,-1.051,-1.471,-1.304,
38876662,Y,-652.0,-2037.0,-5021.567,129.299,2.0,-2.0,0.0,,12.0,-101.0,-30.2,,21.0,-15.0,3.0,,38.0,-26.0,7.8,,-310.438,-1032.812,-681.166,,9194.0,-3642.0,2424.8,,-0.225,-2.013,-0.983,,1.086,0.196,0.839,,2.274,-1.063,0.583,,-0.38,-1.248,-0.816,,1.611,-1.832,0.007,,0.541,-1.619,-0.413,
38877091,N,-224.0,-2574.0,-1825.2,-1655.163,-1.0,0.0,-0.333,,-2.0,19.0,7.667,,5.0,26.0,13.333,,4.0,32.0,15.333,,37.61,213.295,112.438,,116.0,4052.0,2401.667,,-1.066,-0.772,-0.936,,0.324,0.949,0.666,,0.073,1.016,0.618,,-0.237,0.146,0.014,,0.37,1.139,0.665,,-1.564,-0.065,-0.862,
38877887,Y,-2025.0,5898.0,-508.1,3940.891,0.0,-2.0,-0.8,,-2.0,-19.0,-9.6,,-3.0,-29.0,-12.8,,2.0,-32.0,-14.6,,1053.158,486.354,897.043,,200.0,-6100.0,-2710.2,,1.382,-0.125,0.672,,-0.131,-1.669,-0.579,,0.055,-1.749,-0.737,,1.161,0.78,1.02,,0.101,-1.582,-0.73,,0.0,-2.218,-0.735,
38880981,Y,185.0,-3199.0,-1541.5,-974.948,0.0,-4.0,-1.333,,8.0,-38.0,-10.667,,2.0,-1.0,0.333,,5.0,-50.0,-19.667,,40.238,-523.045,-311.971,,1784.0,-6103.0,-1586.333,,0.727,-3.098,-0.925,,1.821,-13.22,-3.438,,0.527,-1.59,-0.365,,-0.013,-0.607,-0.407,,0.253,-2.871,-1.027,,0.0,-1.287,-0.429,
38882249,Y,-3301.0,1394.0,-2271.667,1157.084,2.0,2.0,2.0,,24.0,24.0,24.0,,-18.0,-18.0,-18.0,,0.0,0.0,0.0,,253.418,253.418,253.418,,1914.0,1914.0,1914.0,,3.15,3.15,3.15,,-1.364,-1.364,-1.364,,0.732,0.732,0.732,,0.34,0.34,0.34,,0.816,0.816,0.816,,0.508,0.508,0.508,
38883148,Y,1366.0,-2715.0,2049.0,-2088.435,-1.0,1.0,0.0,,5.0,38.0,17.0,,13.0,44.0,23.667,,24.0,28.0,26.0,,-511.56,393.195,-101.569,,3411.0,10557.0,6021.667,,-6.043,-3.312,-4.885,,0.352,3.199,1.696,,0.862,2.887,1.592,,-0.738,0.249,-0.282,,1.036,1.534,1.299,,-2.094,-0.844,-1.575,
38883872,N,345.0,-6028.0,-2130.667,-1108.148,0.0,-3.0,-1.0,,6.0,-24.0,-4.833,,6.0,-4.0,2.0,,-4.0,-18.0,-9.833,,619.985,-145.843,265.939,,443.0,-2584.0,-1028.0,,0.792,-4.792,-1.726,,1.872,-12.462,-0.879,,0.262,-0.559,-0.161,,0.464,-0.21,0.16,,-0.097,-0.919,-0.405,,0.0,-2.061,-1.154,
38884009,N,7529.0,16225.0,8734.6,4127.027,-1.0,-3.0,-1.75,,-2.0,-19.0,-8.25,,0.0,-15.0,-6.5,,3.0,-39.0,-15.0,,-48.794,-759.782,-339.847,,606.0,-4787.0,-1736.75,,0.078,-0.697,-0.298,,0.619,-0.612,0.123,,0.075,-1.273,-0.467,,-0.057,-0.847,-0.37,,0.147,-1.519,-0.571,,-0.654,-1.931,-1.524,
38886453,Y,-7147.0,-5085.0,-5386.75,1198.829,-2.0,-5.0,-3.0,,-15.0,-47.0,-26.0,,4.0,-18.0,-6.0,,-8.0,-47.0,-30.667,,-290.07,-459.254,-389.226,,-3270.0,-8882.0,-5329.0,,-1.208,-4.125,-2.351,,7.788,6.937,7.296,,-0.755,-2.408,-1.371,,-0.34,-0.449,-0.41,,-0.464,-2.457,-1.362,,-1.226,-1.562,-1.419,
38886791,Y,1657.0,-4957.0,-189.533,-1453.962,,,,,,,,,,,,,,,,,,,,,,,,,,,,,,,,,,,,,,,,,,,,,,,,
38889410,Y,-206.0,14795.0,6247.333,5504.314,0.0,2.0,0.75,,1.0,14.0,4.75,,-1.0,10.0,2.25,,-6.0,18.0,6.5,,105.288,475.111,273.358,,-259.0,3377.0,745.0,,0.167,0.5,0.329,,-0.274,0.445,0.018,,-0.051,0.911,0.225,,0.142,0.454,0.258,,-0.256,1.123,0.368,,0.0,2.094,0.845,
38889542,N,-3080.0,-14997.0,-6244.0,-7435.862,-1.0,-3.0,-2.0,,5.0,-33.0,-14.0,,-4.0,-16.0,-10.0,,-6.0,-64.0,-35.0,,422.338,228.674,325.506,,-2095.0,-7766.0,-4930.5,,0.794,-0.199,0.298,,-0.138,-1.022,-0.58,,-0.541,-2.603,-1.572,,0.708,0.55,0.629,,-0.233,-3.744,-1.988,,-0.018,-0.258,-0.138,
38889774,Y,3769.0,24544.0,8967.833,7689.903,-2.0,4.0,0.25,,-18.0,33.0,13.5,,4.0,38.0,21.5,,-17.0,82.0,25.25,,-775.264,160.675,-368.89,,-1471.0,13109.0,5102.5,,-9.333,-7.658,-8.287,,0.649,11.062,3.489,,-0.527,3.36,1.232,,-0.773,0.26,-0.334,,-0.91,4.159,1.258,,-1.869,-0.619,-1.197,
38890511,N,1658.0,3683.0,3712.433,659.653,-2.0,-1.0,-1.5,,-17.0,2.0,-8.75,,0.0,22.0,10.0,,-8.0,20.0,6.0,,-346.302,189.566,-188.722,,-1674.0,2686.0,456.75,,-3.1,-2.35,-2.72,,0.73,3.029,1.676,,-0.441,0.571,0.088,,-0.331,0.142,-0.191,,-0.205,0.919,0.354,,-1.962,-0.988,-1.561,
38890589,Y,5669.0,6379.0,1751.0,-957.208,-3.0,2.0,-1.0,,-39.0,9.0,-18.4,,-40.0,-11.0,-26.8,,-43.0,38.0,-8.0,,-357.714,-154.195,-231.437,,-9540.0,1983.0,-3669.2,,-0.7,0.833,0.029,,-0.698,10.424,1.857,,-2.099,0.666,-0.752,,-0.263,-0.033,-0.15,,-1.725,1.147,-0.374,,-0.835,0.566,-0.155,
38892225,Y,7523.0,7774.0,9521.65,339.41,-1.0,0.0,-0.5,,-18.0,-14.0,-16.0,,0.0,9.0,4.5,,-1.0,4.0,1.5,,-391.558,-331.103,-361.331,,-2282.0,-1756.0,-2019.0,,-2.652,-2.0,-2.326,,2.023,23.72,12.872,,-0.495,-0.345,-0.42,,-0.53,-0.476,-0.503,,-0.048,0.203,0.078,,-1.101,0.773,-0.164,
38892793,N,-5157.0,-1594.0,-3896.15,2518.365,-1.0,-4.0,-2.75,,-7.0,-25.0,-18.5,,-8.0,-22.0,-12.75,,-16.0,-37.0,-28.75,,-46.503,-650.322,-301.89,,-1323.0,-4868.0,-3260.25,,-0.119,-1.119,-0.581,,1.341,0.168,0.8,,-0.259,-1.271,-0.789,,-0.108,-0.771,-0.398,,-0.821,-1.38,-1.155,,-1.101,-1.838,-1.53,
38894245,Y,-3036.0,-171.0,-1895.333,-107.804,-8.0,-6.0,-7.2,,-39.0,-19.0,-28.6,,-47.0,-25.0,-37.6,,-116.0,-78.0,-103.6,,-201.301,-3.871,-108.322,,-18698.0,-13512.0,-16573.2,,-0.24,0.693,0.237,,-0.721,0.5,-0.08,,-5.524,-4.294,-4.984,,-0.158,0.284,0.036,,-5.866,-4.365,-5.435,,-1.279,0.881,-0.533,
38899538,Y,2383.0,-9663.0,3559.633,-5469.742,-10.0,-10.0,-10.0,,-96.0,-73.0,-87.333,,-126.0,-111.0,-119.667,,-244.0,-226.0,-237.0,,-164.886,273.093,87.827,,-31210.0,-27515.0,-29298.0,,0.209,2.709,1.013,,-0.943,0.185,-0.274,,-7.659,-6.689,-7.168,,-0.243,0.169,-0.029,,-9.676,-9.077,-9.47,,-0.521,0.624,-0.141,
38900433,N,-3605.0,-3415.0,-1427.0,139.934,3.0,0.0,1.333,,31.0,9.0,22.667,,3.0,-10.0,-1.333,,43.0,-14.0,16.333,,261.601,-172.606,103.637,,5816.0,-89.0,3282.333,,3.167,2.579,2.804,,-0.401,-1.395,-0.953,,1.166,-0.183,0.621,,0.236,-0.06,0.112,,1.546,-0.697,0.539,,1.11,-0.989,-0.129,
38903413,N,3986.0,1346.0,719.2,-802.164,1.0,-4.0,-1.0,,45.0,22.0,35.0,,-10.0,-51.0,-28.333,,-8.0,-72.0,-31.333,,800.212,362.171,591.866,,-1474.0,-8738.0,-4202.0,,9.482,9.167,9.35,,-1.102,-1.983,-1.628,,-0.556,-2.016,-1.052,,0.789,0.517,0.652,,-0.392,-2.461,-1.198,,0.596,-0.066,0.286,
38904174,Y,-4818.0,2785.0,-1876.083,4091.102,2.0,-4.0,0.0,,12.0,-16.0,-0.5,,20.0,-27.0,4.0,,19.0,-58.0,-5.25,,188.858,-217.597,82.313,,2558.0,-6344.0,-760.75,,0.082,-0.933,-0.319,,0.958,-0.185,0.376,,0.689,-1.433,-0.181,,0.209,-0.1,0.108,,0.975,-1.72,0.155,,0.773,-0.416,0.137,
38905067,N,-9371.0,-890.0,-4046.533,2599.549,,,,,,,,,,,,,,,,,,,,,,,,,,,,,,,,,,,,,,,,,,,,,,,,
38905316,Y,-1785.0,10348.0,3876.0,4023.751,0.0,2.0,1.0,,-2.0,22.0,9.5,,3.0,22.0,12.75,,-1.0,29.0,14.0,,-393.008,273.083,6.644,,-379.0,6474.0,2404.75,,-1.19,0.0,-0.454,,-0.458,10.023,2.367,,-0.142,1.697,0.59,,-0.408,0.638,0.098,,-0.021,1.123,0.643,,0.0,2.061,0.943,
