hero_id,enemy_hero_id,wins,matches_played,kills,enemy_kills,deaths,enemy_deaths,assists,enemy_assists,denies,enemy_denies,last_hits,enemy_last_hits,networth,enemy_networth,obj_damage,enemy_obj_damage,creeps,enemy_creeps,trend_start_date
1,2,1816,4129,27678,25721,29214,28803,38624,45653,29382,25915,665208,768168,144280087,150629492,117993429,147148676,369655,454206,2025-05-18 03:02:34
1,3,1334,2855,17098,20626,20061,15435,24025,32599,20428,20288,449213,381880,97828509,98823568,81446996,37483044,243724,243676,2025-05-18 03:02:34
1,4,1621,3567,23950,23202,25623,23139,34816,39745,26249,21003,570837,594099,127322364,129803631,102635831,90225291,317492,352577,2025-05-18 03:02:34
1,6,1559,3320,21954,22947,24039,25036,32787,35275,21308,23703,529820,456034,116481220,113015086,94532714,64254853,293027,267236,2025-05-18 03:02:34
1,7,1610,3729,23786,27331,25191,21629,34657,35620,25328,32949,600344,652266,130781008,139772227,107168510,118863035,335050,392497,2025-05-18 03:02:34
1,8,662,1289,8961,4939,8380,8765,12756,14115,8456,12407,210826,198096,46180247,43856628,35606733,25036179,114184,131695,2025-05-18 03:02:34
1,10,1878,4062,25920,24733,29793,25251,38086,53250,27345,29760,639536,570309,141141832,139841837,114256323,68737782,351371,349325,2025-05-18 03:02:34
1,11,1183,2690,16509,11119,19434,16559,25563,37666,18541,15895,431048,347096,94433435,90916187,77795983,35294108,236038,213201,2025-05-18 03:02:34
1,12,855,1824,11411,8724,12936,11011,16981,24486,12343,13219,282867,223555,62863502,59344827,50356826,21477377,155667,135402,2025-05-18 03:02:34
1,13,2432,4853,32390,38243,34215,34712,47434,43642,32231,37822,771180,795428,171166981,176707967,139749295,153787091,424962,457815,2025-05-18 03:02:34
1,14,1087,2404,14639,16800,18327,13454,21545,31335,17300,10941,371939,340730,82379523,82770192,66096985,40415185,203775,209037,2025-05-18 03:02:34
1,15,2341,4715,30960,32555,35492,35722,44587,50316,30449,30449,740905,656054,163124381,155399436,131748640,90952165,400714,393904,2025-05-18 03:02:34
1,16,1361,2815,17732,20758,20093,17839,26290,28799,20076,21176,448966,424513,96730947,99716771,79659136,58448905,246478,249084,2025-05-18 03:02:34
1,17,1585,3338,20309,24924,24168,17489,29003,34451,23962,19392,536067,506773,116244204,116538306,95391771,64779707,290035,312807,2025-05-18 03:02:34
1,18,1398,2938,20015,14118,20326,20695,28854,38520,19278,16997,465622,408252,102702216,99477340,82983402,52580140,257490,237038,2025-05-18 03:02:34
1,19,1868,3747,25440,32657,26499,26624,36498,33138,25144,25742,602035,550987,134057437,131476045,105898362,84137397,335318,316542,2025-05-18 03:02:34
1,20,1192,2633,16648,11281,17348,15151,24486,32708,19354,22619,422756,424074,92233601,91987025,74770099,52697338,237820,270013,2025-05-18 03:02:34
1,25,1266,2737,18292,19295,19328,19611,26390,27938,19991,13589,430491,424405,96133096,95421230,76839157,58298347,241033,261065,2025-05-18 03:02:34
1,27,1448,3053,20744,23654,22987,22558,30844,32533,20476,13229,481781,451659,107932193,107948773,87034627,74185468,265870,257364,2025-05-18 03:02:34
1,31,2427,5636,34709,43939,42433,33933,49569,69761,38366,30389,889209,778117,194455317,196164423,160377323,103644676,483637,458827,2025-05-18 03:02:34
1,35,1122,2430,14136,13413,17560,13286,22413,29733,17003,13091,384107,343643,84687257,83340491,67153866,39038238,212461,211154,2025-05-18 03:02:34
1,50,1346,2663,17647,18352,19250,17439,25669,28507,17976,17996,425237,413978,94336471,93606099,75605147,58152909,234340,240642,2025-05-18 03:02:34
1,52,1394,2928,17561,19820,20428,17269,26098,32726,20377,21287,457138,434416,99967135,101096416,80751666,51914637,249817,269213,2025-05-18 03:02:34
1,58,791,1885,12278,16694,13959,13239,17373,15989,12403,15461,294310,302508,64427644,68203927,50675786,56054286,163521,180670,2025-05-18 03:02:34
1,60,554,1150,7451,6896,8190,7083,10722,12732,8270,5101,183642,158345,39937385,38085494,32083025,14312854,101241,102177,2025-05-18 03:02:34
2,1,2313,4129,25721,27678,28803,29214,45653,38624,25915,29382,768168,665208,150629492,144280087,147148676,117993429,454206,369655,2025-05-18 03:02:34
2,3,1814,3439,19785,25872,24541,18968,33175,37414,22195,25165,632098,466339,121413404,117255415,122691406,45809558,367971,297508,2025-05-18 03:02:34
2,4,2068,3883,24405,25935,27835,25976,43605,41574,25890,22503,721272,643818,142428757,138360851,139635403,96221739,427202,382806,2025-05-18 03:02:34
2,6,1855,3453,22229,24311,25209,26773,39256,35873,19759,25687,636473,482689,125140883,115646225,121421039,69923035,375629,284001,2025-05-18 03:02:34
2,7,2097,4054,24890,29420,27052,23951,42528,36114,25359,36076,750718,707032,144705578,146909193,146811905,127020485,441471,425890,2025-05-18 03:02:34
2,8,696,1230,7965,4914,8050,8691,14368,12674,7210,11440,235580,190535,45740642,41109351,42873363,24773038,135961,125721,2025-05-18 03:02:34
2,10,2389,4504,28468,27007,32413,29073,48620,57155,27448,33488,827532,635180,162355635,151713741,162930583,76478275,483391,391403,2025-05-18 03:02:34
2,11,1488,2739,17645,10700,18421,18177,30718,35542,17105,16559,511595,352059,99809561,88840393,99857836,35346760,299678,218124,2025-05-18 03:02:34
2,12,999,1750,10321,8521,12127,11006,19281,21940,11180,13543,323078,219321,63032446,55822460,62631728,21183343,189120,133021,2025-05-18 03:02:34
2,13,2916,5334,34717,42092,36658,38050,58021,46347,32283,42537,981355,873520,193457678,190103053,194723283,170973094,575988,503717,2025-05-18 03:02:34
2,14,1460,2700,16378,19246,20531,16056,27855,33324,16814,11966,493485,389395,96705268,91097309,96310777,46225956,288104,240107,2025-05-18 03:02:34
2,15,2858,5177,33294,35653,38040,39093,55061,53620,30944,34538,954680,735078,185080739,167788228,185728323,100412003,552579,444185,2025-05-18 03:02:34
2,16,1777,3422,20948,24944,24169,22194,35815,32637,21742,26739,635490,524900,120342635,117879794,120957938,72099396,375261,308786,2025-05-18 03:02:34
2,17,2290,4161,25024,31609,30021,22597,41452,42240,26786,24719,780812,635402,149641343,142286576,152764215,79323661,451629,396151,2025-05-18 03:02:34
2,18,1676,3134,19702,15744,21726,22299,34975,39644,18994,19034,577630,447050,112304789,104415353,112294713,57833317,340571,262204,2025-05-18 03:02:34
2,19,2314,3943,26296,33244,27310,28716,44436,33352,23932,29323,733150,588705,145768995,135346293,143296692,89221734,432478,339912,2025-05-18 03:02:34
2,20,1488,2872,17991,12629,18815,17669,31222,34364,19040,24216,533852,467462,103987672,98845842,102477331,57564824,317837,298710,2025-05-18 03:02:34
2,25,1399,2647,16749,19493,18999,19186,29496,26381,17899,13465,487931,422003,96701498,92232124,94000217,57680111,290089,261612,2025-05-18 03:02:34
2,27,1678,3141,20478,23921,22990,23548,35798,31730,19112,14158,580961,472114,114626040,108729387,112987355,78548238,342006,269183,2025-05-18 03:02:34
2,31,3181,6089,38205,46143,44659,39354,62318,72888,37440,33239,1133868,846446,219317045,205460011,224312859,110142200,656499,498722,2025-05-18 03:02:34
2,35,1419,2468,14573,13026,17044,14447,26471,28112,16004,13434,458461,353399,89417112,81868566,87848449,39150216,271507,218053,2025-05-18 03:02:34
2,50,1681,3046,19253,22368,22523,20593,33088,31899,17986,21895,568034,479915,111308467,105769851,110271375,68452311,335319,279383,2025-05-18 03:02:34
2,52,1796,3356,19733,23007,23210,20236,34149,36450,21258,25984,619163,505571,119356853,115024088,118106412,60466688,363340,314618,2025-05-18 03:02:34
2,58,1022,2057,12755,17819,14721,14744,22164,16278,12461,17537,369878,329470,72249111,71983695,71041580,60148589,217020,196346,2025-05-18 03:02:34
2,60,682,1236,7765,7687,8937,7760,12993,13392,8142,5490,232492,177314,44533533,40380637,44766396,16041474,136848,116160,2025-05-18 03:02:34
3,1,1521,2855,20626,17098,15435,20061,32599,24025,20288,20428,381880,449213,98823568,97828509,37483044,81446996,243676,243724,2025-05-18 03:02:34
3,2,1625,3439,25872,19785,18968,24541,37414,33175,25165,22195,466339,632098,117255415,121413404,45809558,122691406,297508,367971,2025-05-18 03:02:34
3,4,1326,2661,19701,16174,15142,17772,31105,26127,19702,15567,351055,430679,93069864,93896515,34968479,64005299,224253,253778,2025-05-18 03:02:34
3,6,1269,2470,18703,15693,14206,19121,28869,23672,15947,17861,328468,339499,85593232,81551802,33600409,48240008,207717,196676,2025-05-18 03:02:34
3,7,1358,2914,21113,19834,15800,17598,31957,24732,19993,25660,383413,500761,99275213,105612686,37206042,90728195,245947,297772,2025-05-18 03:02:34
3,8,433,848,6190,3162,4466,6122,9919,8260,5793,7691,117757,131061,29903813,28444185,11277432,17377926,72561,85419,2025-05-18 03:02:34
3,10,1716,3610,25181,20606,21316,22669,39513,42928,25461,27322,477038,503878,122532484,120805064,47105718,60096383,300793,306128,2025-05-18 03:02:34
3,11,998,1926,14809,7145,10476,12992,21800,23104,13506,11971,261664,243356,67433805,61996638,27841499,24701780,163973,147180,2025-05-18 03:02:34
3,12,666,1343,9309,6065,7802,8579,14965,16317,9699,10242,177540,165220,45853219,42744316,17472375,15510047,111869,98622,2025-05-18 03:02:34
3,13,1882,3664,27549,27323,20878,26369,41423,29677,24670,28821,485165,586335,126780665,129743282,49932745,116193519,307791,331908,2025-05-18 03:02:34
3,14,1090,2171,15095,14425,13590,13067,23898,25122,15918,9889,284935,305144,73680270,72523109,28322385,35329099,179886,187017,2025-05-18 03:02:34
3,15,2036,3788,28100,24280,23238,28909,42287,36350,25260,25503,500126,520021,128982461,121288138,50174875,69326397,308639,311235,2025-05-18 03:02:34
3,16,1263,2455,17781,16125,13327,15779,26957,21302,18250,19481,332176,372001,83359778,83729006,32154081,50712515,210299,217121,2025-05-18 03:02:34
3,17,1717,3334,23669,23955,20026,18851,34617,31119,24050,19792,446197,496280,114213151,113093456,44329506,62387255,280654,303851,2025-05-18 03:02:34
3,18,1194,2363,18088,10697,12795,16735,27485,27757,16706,14360,316297,335442,81926836,78295615,32799654,42808782,200358,192700,2025-05-18 03:02:34
3,19,1657,2996,21824,22940,16476,21328,34517,23257,20739,21781,397820,431771,103543783,100012571,39198030,64432662,253317,244051,2025-05-18 03:02:34
3,20,963,2021,15047,7877,10449,12381,22566,22395,14729,17240,269373,321318,69222608,68286222,26707806,39549796,171778,202834,2025-05-18 03:02:34
3,25,949,1923,14367,13170,10737,13735,22371,17844,14730,10106,255911,298564,67232054,66157677,25720510,40924589,164639,181892,2025-05-18 03:02:34
3,27,1167,2326,17503,16347,13649,17296,27122,21561,16484,10524,300620,338970,79424577,78913997,29624320,56480647,190841,190880,2025-05-18 03:02:34
3,31,2210,4566,33122,33034,28536,30416,48082,50843,32425,25533,606838,623131,155582134,153053955,62320402,82519302,379861,361631,2025-05-18 03:02:34
3,35,975,1867,13160,9084,10198,11103,20953,19295,13663,10506,251003,263556,64822450,61432125,25620327,29650569,158478,159859,2025-05-18 03:02:34
3,50,1157,2236,16399,14515,12755,14950,25114,21345,15284,16280,300129,346606,77841381,76784282,30028534,48707468,190218,199626,2025-05-18 03:02:34
3,52,1364,2654,18340,16784,14304,15864,28310,26429,19330,20151,355609,395385,90310080,90100607,35038456,46381500,223857,242159,2025-05-18 03:02:34
3,58,680,1402,10657,11166,7799,10142,15713,10344,9883,12215,187046,222090,48041225,48832800,18945177,40569045,118777,130733,2025-05-18 03:02:34
3,60,480,964,6543,5224,5502,5806,10430,9601,7165,4455,129969,131201,32629590,31067598,13044202,11934084,81440,83159,2025-05-18 03:02:34
4,1,1946,3567,23202,23950,23139,25623,39745,34816,21003,26249,594099,570837,129803631,127322364,90225291,102635831,352577,317492,2025-05-18 03:02:34
4,2,1815,3883,25935,24405,25976,27835,41574,43605,22503,25890,643818,721272,138360851,142428757,96221739,139635403,382806,427202,2025-05-18 03:02:34
4,3,1335,2661,16174,19701,17772,15142,26127,31105,15567,19702,430679,351055,93896515,93069864,64005299,34968479,253778,224253,2025-05-18 03:02:34
4,6,1589,3082,20768,21472,20770,24298,34964,33161,16444,22390,501378,415498,109718325,103667939,75209867,58921374,297562,245877,2025-05-18 03:02:34
4,7,1608,3430,21778,24793,21768,20388,35740,32337,18597,31043,556433,594076,120770024,127287720,84493187,110430426,332202,356890,2025-05-18 03:02:34
4,8,618,1180,7852,4727,7055,8101,13260,12831,6262,11642,198694,175877,42556408,39423955,28895058,21924565,114454,116862,2025-05-18 03:02:34
4,10,2127,4088,26074,24675,27298,26115,44430,52880,23042,31325,652630,564192,143947229,138910283,100209062,66217203,383157,349729,2025-05-18 03:02:34
4,11,1183,2405,15445,9324,15594,15671,26623,33768,13900,15438,401547,301422,86892688,80291792,62233668,30363655,236115,186211,2025-05-18 03:02:34
4,12,841,1623,10098,7765,10542,10227,17492,21900,9277,12260,263607,194650,57541533,52894357,41138962,18508916,156042,119550,2025-05-18 03:02:34
4,13,2361,4438,29659,35013,28260,31989,48767,39948,23761,37582,721117,718102,158975565,161108683,112559946,140700052,425573,416168,2025-05-18 03:02:34
4,14,1297,2423,15181,16612,17142,14570,25757,31077,13898,11120,386108,335492,85128179,82310637,58440743,37998999,226495,209109,2025-05-18 03:02:34
4,15,2297,4207,27619,28623,29203,32722,45315,44984,23270,28338,677293,575369,147621289,137241215,101505861,79906130,393884,347529,2025-05-18 03:02:34
4,16,1371,2787,18020,20615,19281,18662,29271,28359,16386,21554,450853,415100,96528986,97678619,64929006,56650904,268064,245354,2025-05-18 03:02:34
4,17,1761,3304,20502,24861,22202,18143,33125,34481,19285,20006,540147,492800,116820248,114402375,81304921,61822339,315106,305681,2025-05-18 03:02:34
4,18,1368,2752,17948,13923,18241,19894,30872,37279,15761,17049,450038,385921,98177845,93989509,67213557,49369051,268516,225761,2025-05-18 03:02:34
4,19,1947,3618,24022,31183,23619,26028,40128,31974,20326,25707,589617,525421,130075974,125489489,89914925,80308397,350488,303224,2025-05-18 03:02:34
4,20,1174,2470,15715,10935,15189,14694,26277,30899,14951,20932,404347,390700,87629883,86044797,60172393,49078828,241169,250407,2025-05-18 03:02:34
4,25,1241,2468,15720,18454,16657,17828,27348,26076,15265,12984,397648,383359,88461695,87057136,60800071,52784093,236829,237963,2025-05-18 03:02:34
4,27,1582,3003,21140,22315,20461,23209,34638,31334,16800,13742,485777,435025,108023471,104414309,73402157,71719258,288133,248673,2025-05-18 03:02:34
4,31,2707,5478,35527,41608,37474,34855,55649,68278,31454,31073,894220,742231,193621131,187040052,135590033,97415666,523207,439775,2025-05-18 03:02:34
4,35,1167,2251,13542,12501,14938,13100,24028,27385,12995,12869,367231,318149,80268599,76978731,54360402,35927776,217819,194567,2025-05-18 03:02:34
4,50,1475,2685,18231,18912,18050,18557,30131,29362,14918,18647,441508,414224,97441121,94658386,67446725,57849024,260017,241515,2025-05-18 03:02:34
4,52,1526,2954,18258,20031,19141,18076,30312,32378,17218,23032,475453,440625,103671628,102675876,70402672,52559076,280177,275151,2025-05-18 03:02:34
4,58,837,1759,11821,15493,11828,12780,19128,14824,9915,15929,285547,283570,62490117,63885041,42684096,52445810,170250,170893,2025-05-18 03:02:34
4,60,547,1106,6619,6784,7514,6865,11189,12775,6360,5128,178989,146806,37952681,36036844,25829925,13269257,106220,94591,2025-05-18 03:02:34
6,1,1761,3320,22947,21954,25036,24039,35275,32787,23703,21308,456034,529820,113015086,116481220,64254853,94532714,267236,293027,2025-05-18 03:02:34
6,2,1598,3453,24311,22229,26773,25209,35873,39256,25687,19759,482689,636473,115646225,125140883,69923035,121421039,284001,375629,2025-05-18 03:02:34
6,3,1201,2470,15693,18703,19121,14206,23672,28869,17861,15947,339499,328468,81551802,85593232,48240008,33600409,196676,207717,2025-05-18 03:02:34
6,4,1493,3082,21472,20768,24298,20770,33161,34964,22390,16444,415498,501378,103667939,109718325,58921374,75209867,245877,297562,2025-05-18 03:02:34
6,7,1346,3000,20846,22019,21820,18116,30661,29140,20418,24063,409294,517722,99152259,110028739,58746339,93545753,241294,311507,2025-05-18 03:02:34
6,8,527,1067,7507,4412,7370,7380,11597,11609,7055,9362,148072,159569,35987425,35628655,20051711,21017436,85444,105289,2025-05-18 03:02:34
6,10,1792,3591,25230,21876,27834,23595,37686,47260,24739,24199,487221,497753,119479907,121496076,69876674,60692554,283631,304197,2025-05-18 03:02:34
6,11,1214,2489,16848,9975,18333,16361,26911,34209,17934,13599,341547,314746,83086551,81159783,49174382,31399813,199876,193205,2025-05-18 03:02:34
6,12,920,1823,11465,8955,13479,10954,18357,24323,12882,12834,245453,221909,59840655,58323971,34155468,21267245,143997,133494,2025-05-18 03:02:34
6,13,2091,3962,28843,29858,29211,29567,42723,36868,27132,28485,541626,638769,133722388,141210599,78667057,123688406,319659,368776,2025-05-18 03:02:34
6,14,1144,2220,14984,15522,17644,13431,22716,28891,15967,9070,298696,315335,73465632,75376146,41591179,36623532,174638,194881,2025-05-18 03:02:34
6,15,2105,3982,27923,27950,31725,31689,42275,43740,27444,22878,538347,551912,131476174,129321848,76175784,76407168,310390,330806,2025-05-18 03:02:34
6,16,1491,2958,20657,21559,22727,20100,30506,29687,20519,20098,404676,436206,96477128,101638372,56592603,59379708,238172,256070,2025-05-18 03:02:34
6,17,1491,2894,18629,22461,22233,15505,27564,30689,21454,16066,406179,434655,96203145,99628531,58209536,54424081,233959,270139,2025-05-18 03:02:34
6,18,1595,3253,22457,17118,25174,23251,34938,44057,22912,17633,446173,461187,107954030,109619850,61387822,59092774,264715,268072,2025-05-18 03:02:34
6,19,2238,4305,29267,38610,32632,30565,45858,38664,28828,27183,582282,627600,144557344,148598863,82927720,95313275,342000,362809,2025-05-18 03:02:34
6,20,1140,2335,16025,10570,16373,14323,24720,29868,17404,17296,324398,371523,79039467,81296674,45745792,46837093,193314,235579,2025-05-18 03:02:34
6,25,1391,2732,19268,20308,20775,19974,29928,29192,21172,12513,371752,423330,92223608,94742640,53045422,57174417,221021,262698,2025-05-18 03:02:34
6,27,1516,3016,22255,23498,23968,23084,32967,31790,20717,11623,404449,435999,100408647,103036137,57325303,71171379,237133,248904,2025-05-18 03:02:34
6,31,3211,6474,45153,49412,50830,42950,66042,80116,45692,32153,902676,896159,217621921,221314330,128999726,116803895,525857,528776,2025-05-18 03:02:34
6,35,1260,2474,15942,13881,18933,14657,25720,30282,17586,12240,334678,348351,82684162,83207208,46488211,39285331,196933,213361,2025-05-18 03:02:34
6,50,1327,2520,17447,18156,19534,16824,26556,27875,16479,15968,347386,387934,85396070,87631113,48923270,54323296,204057,225689,2025-05-18 03:02:34
6,52,1291,2571,16574,17825,19082,15576,25316,28804,18413,17090,353077,383006,84843671,88371979,49490359,45867099,206052,237002,2025-05-18 03:02:34
6,58,805,1648,11625,14047,12370,12028,17470,13977,11256,12692,218086,258016,53796586,57690355,31203657,46624520,128563,155860,2025-05-18 03:02:34
6,60,500,931,6218,5503,7033,5729,9358,10444,6620,3917,127950,126254,30579598,30070141,17583755,11595143,75429,81348,2025-05-18 03:02:34
7,1,2119,3729,27331,23786,21629,25191,35620,34657,32949,25328,652266,600344,139772227,130781008,118863035,107168510,392497,335050,2025-05-18 03:02:34
7,2,1957,4054,29420,24890,23951,27052,36114,42528,36076,25359,707032,750718,146909193,144705578,127020485,146811905,425890,441471,2025-05-18 03:02:34
7,3,1556,2914,19834,21113,17598,15800,24732,31957,25660,19993,500761,383413,105612686,99275213,90728195,37206042,297772,245947,2025-05-18 03:02:34
7,4,1822,3430,24793,21778,20388,21768,32337,35740,31043,18597,594076,556433,127287720,120770024,110430426,84493187,356890,332202,2025-05-18 03:02:34
7,6,1654,3000,22019,20846,18116,21820,29140,30661,24063,20418,517722,409294,110028739,99152259,93545753,58746339,311507,241294,2025-05-18 03:02:34
7,8,618,1152,8122,4539,6322,7453,11053,12062,8994,10459,200340,172215,42429269,38324919,36020086,21907273,116321,115199,2025-05-18 03:02:34
7,10,2121,4099,27879,24292,24870,24300,36583,51349,34930,28799,694747,561455,147329637,136175351,127585870,66301874,413874,345552,2025-05-18 03:02:34
7,11,1295,2422,16914,9119,14152,14883,22649,31620,20159,14080,413633,294870,87942941,77706617,77238354,29666477,244952,184474,2025-05-18 03:02:34
7,12,873,1579,10758,7633,9101,9438,14765,20236,13926,11174,271352,189414,57881763,50735304,50974707,17843035,160258,116318,2025-05-18 03:02:34
7,13,2568,4596,33963,34865,26639,31169,42525,39207,37415,34931,786606,739641,167927240,162335935,147376552,144054904,469328,430615,2025-05-18 03:02:34
7,14,1237,2390,15975,16283,15147,13196,20863,29479,21042,9775,409079,330492,85744342,80007105,74051737,38567609,244015,203767,2025-05-18 03:02:34
7,15,2264,4130,28726,27835,26234,30226,37534,42620,33897,26610,707413,572822,148521021,133307401,128385738,78841050,415544,346239,2025-05-18 03:02:34
7,16,1476,2902,20192,20530,17175,18145,25569,27458,25937,20921,500314,433169,103074942,99189395,89172212,59010181,300817,257212,2025-05-18 03:02:34
7,17,1862,3371,23002,24920,20630,17662,28867,33466,29369,18998,585195,500094,122922283,114429556,108517947,61890483,344051,311282,2025-05-18 03:02:34
7,18,1366,2660,18661,13263,15819,17906,24962,34217,22752,15142,457951,372287,96416470,88579557,83513465,47306611,276242,216670,2025-05-18 03:02:34
7,19,2071,3623,26851,29460,20598,24646,34065,29562,30719,24727,625978,529659,133841198,121938469,114137381,81417445,375786,306594,2025-05-18 03:02:34
7,20,1299,2518,17800,10846,13865,14338,23070,29989,23007,20643,434313,399608,92401971,86273476,80054040,48875374,261666,256590,2025-05-18 03:02:34
7,25,1267,2472,17577,17305,14602,16679,22912,24115,22385,11929,421145,385328,90132631,84431386,76680168,52708516,254551,238633,2025-05-18 03:02:34
7,27,1528,2900,21739,21261,17840,20961,28357,28505,24834,11776,498850,425773,107170599,99211006,91832249,69705025,298229,243383,2025-05-18 03:02:34
7,31,2785,5285,37229,38937,32524,32028,46132,61897,45407,28226,910034,712831,192136756,176742990,170861306,93709754,537130,420792,2025-05-18 03:02:34
7,35,1153,2166,14229,11589,12804,11811,19318,24845,18764,11202,369138,302164,78405251,71945982,67083714,33604251,220510,185441,2025-05-18 03:02:34
7,50,1434,2662,19159,18495,16270,16822,24338,27409,22389,17735,464112,410464,98409898,92079809,85332268,57978940,278892,238420,2025-05-18 03:02:34
7,52,1599,3022,20473,20006,17247,17347,25790,31418,26833,21167,514624,445074,108206992,101955147,92699852,52540117,307065,277132,2025-05-18 03:02:34
7,58,851,1796,12556,15542,10962,12078,16400,14564,15498,14418,303792,286467,64072287,63657388,54893075,51980268,183410,173480,2025-05-18 03:02:34
7,60,507,982,6368,6119,6185,5657,8651,11100,8958,4001,171689,134204,35480664,32231958,29704493,12903920,103539,85533,2025-05-18 03:02:34
8,1,627,1289,4939,8961,8765,8380,14115,12756,12407,8456,198096,210826,43856628,46180247,25036179,35606733,131695,114184,2025-05-18 03:02:34
8,2,534,1230,4914,7965,8691,8050,12674,14368,11440,7210,190535,235580,41109351,45740642,24773038,42873363,125721,135961,2025-05-18 03:02:34
8,3,415,848,3162,6190,6122,4466,8260,9919,7691,5793,131061,117757,28444185,29903813,17377926,11277432,85419,72561,2025-05-18 03:02:34
8,4,562,1180,4727,7852,8101,7055,12831,13260,11642,6262,175877,198694,39423955,42556408,21924565,28895058,116862,114454,2025-05-18 03:02:34
8,6,540,1067,4412,7507,7380,7370,11609,11597,9362,7055,159569,148072,35628655,35987425,21017436,20051711,105289,85444,2025-05-18 03:02:34
8,7,534,1152,4539,8122,7453,6322,12062,11053,10459,8994,172215,200340,38324919,42429269,21907273,36020086,115199,116321,2025-05-18 03:02:34
8,10,641,1318,5288,7933,9246,7834,14120,17516,11282,8909,197509,190318,44149849,45672163,25995155,23101268,129605,112402,2025-05-18 03:02:34
8,11,434,887,3540,3585,5864,5201,9159,12117,7937,5029,135509,114774,29629458,29215667,18432135,11577357,89002,68682,2025-05-18 03:02:34
8,12,318,636,2226,2946,4247,3453,6681,8570,5791,4330,95023,78342,20934159,20775717,11910377,7006090,62911,46455,2025-05-18 03:02:34
8,13,811,1537,6634,11855,10125,10286,16618,13808,13418,11070,232120,251515,51509474,55138990,31615181,48174460,152129,140050,2025-05-18 03:02:34
8,14,390,764,3102,5172,5637,4240,7819,10090,6923,3180,116083,111452,25722299,26422799,15346212,12768992,76026,66874,2025-05-18 03:02:34
8,15,759,1445,5970,10407,10834,10349,14975,15879,12214,8504,217772,204966,47614252,47794961,27751605,27435378,140593,120634,2025-05-18 03:02:34
8,16,400,786,3206,5786,5543,4859,8209,8125,6872,5585,121056,118177,26028133,27753061,15809290,15396253,79616,68512,2025-05-18 03:02:34
8,17,509,1035,3908,7564,7274,5035,9749,10851,9166,5850,156521,156122,34078141,35613129,20464293,19455066,101730,93158,2025-05-18 03:02:34
8,18,415,933,3539,4938,6399,5831,9630,12365,8129,5241,138867,134634,30434354,31873406,17328892,16745288,91736,76618,2025-05-18 03:02:34
8,19,657,1234,5522,10605,8186,8432,13754,10882,11598,7956,186906,183278,42235503,43016188,25636941,27791676,123850,101963,2025-05-18 03:02:34
8,20,449,956,3526,4069,5935,5082,9707,11815,9433,7389,145618,157386,31738535,33408312,18961284,19031521,96795,96495,2025-05-18 03:02:34
8,25,416,910,3700,6757,6344,6025,9927,9794,9038,4406,139087,146812,31128210,32536920,18337671,19688632,92449,87238,2025-05-18 03:02:34
8,27,521,1030,4442,8052,7480,7340,11844,11024,9050,4495,154289,153047,35012975,36256231,20067086,24697856,102154,85097,2025-05-18 03:02:34
8,31,814,1751,6981,13427,13067,10261,17559,22666,15768,9341,264231,244368,58410919,60787626,34736036,32311806,172719,139777,2025-05-18 03:02:34
8,35,399,826,3052,4455,5757,4361,8359,10327,7456,4078,125586,119042,27859455,28484273,16641391,12511378,82665,71277,2025-05-18 03:02:34
8,50,432,835,3331,6022,6109,5143,8986,9236,7455,5387,127279,132535,28405716,29813279,17026985,18257001,84238,75845,2025-05-18 03:02:34
8,52,482,952,3557,6301,6432,5346,9566,10620,8898,6780,143053,143725,31522001,33087482,17905483,16304177,94888,86665,2025-05-18 03:02:34
8,58,248,584,2320,4938,3976,3866,5908,4945,5057,4641,87630,92290,18950368,20602415,11565711,16349964,57501,53956,2025-05-18 03:02:34
8,60,179,347,1331,1963,2425,2048,3547,3752,3192,1376,54246,48822,11597262,11490726,7434751,4213295,35478,30822,2025-05-18 03:02:34
10,1,2184,4062,24733,25920,25251,29793,53250,38086,29760,27345,570309,639536,139841837,141141832,68737782,114256323,349325,351371,2025-05-18 03:02:34
10,2,2115,4504,27007,28468,29073,32413,57155,48620,33488,27448,635180,827532,151713741,162355635,76478275,162930583,391403,483391,2025-05-18 03:02:34
10,3,1894,3610,20606,25181,22669,21316,42928,39513,27322,25461,503878,477038,120805064,122532484,60096383,47105718,306128,300793,2025-05-18 03:02:34
10,4,1961,4088,24675,26074,26115,27298,52880,44430,31325,23042,564192,652630,138910283,143947229,66217203,100209062,349729,383157,2025-05-18 03:02:34
10,6,1799,3591,21876,25230,23595,27834,47260,37686,24199,24739,497753,487221,121496076,119479907,60692554,69876674,304197,283631,2025-05-18 03:02:34
10,7,1978,4099,24292,27879,24300,24870,51349,36583,28799,34930,561455,694747,136175351,147329637,66301874,127585870,345552,413874,2025-05-18 03:02:34
10,8,677,1318,7933,5288,7834,9246,17516,14120,8909,11282,190318,197509,45672163,44149849,23101268,25995155,112402,129605,2025-05-18 03:02:34
10,11,1370,2765,16467,10832,17317,18644,35055,36745,20086,16119,388791,342060,93444907,89500497,49225415,34420432,233691,209157,2025-05-18 03:02:34
10,12,970,1866,10247,8632,11780,11978,23343,23865,14113,13438,256233,218983,62069269,58610953,31060252,20742707,156737,132033,2025-05-18 03:02:34
10,13,2618,4922,31412,36047,29844,36516,64561,43543,33439,37620,680880,784275,167769965,173999574,83811548,155902304,417663,448156,2025-05-18 03:02:34
10,14,1602,3103,17710,20756,21111,19293,38892,39349,22978,13481,424091,428910,103740399,104253795,51089808,49962053,258711,263134,2025-05-18 03:02:34
10,15,2955,5483,32752,37123,36671,43376,70132,57457,38131,33917,764380,747921,184240666,177423888,93004546,103776027,459663,447503,2025-05-18 03:02:34
10,16,1693,3357,20052,23694,21267,22461,41470,32942,25131,24837,470330,496062,111015208,115342665,54817141,67221033,287243,290258,2025-05-18 03:02:34
10,17,2367,4336,25209,30626,26953,24239,52024,42113,32740,25462,604525,636874,144208291,145104318,72007174,78709426,363907,392912,2025-05-18 03:02:34
10,18,1601,3300,19316,16651,20828,23328,42868,42516,23830,19252,459123,462638,110884979,110524856,55704604,59625686,282789,268193,2025-05-18 03:02:34
10,19,2311,4300,26635,35730,26579,31366,56561,36717,30795,29456,592951,618464,146421198,146145768,71303254,94216670,363743,353455,2025-05-18 03:02:34
10,20,1476,3012,17840,12499,17687,19007,38117,36313,22703,23937,417913,472366,101580161,102393179,51713017,57142315,258735,301936,2025-05-18 03:02:34
10,25,1339,2794,16743,20338,17908,20286,36657,28379,21363,13817,387082,433100,95131455,96914037,46708947,57992631,240385,267341,2025-05-18 03:02:34
10,27,1789,3532,22414,26683,23484,26946,47310,35348,25635,14948,484905,513181,119947477,121204381,59362194,84662715,295009,290431,2025-05-18 03:02:34
10,31,3176,6528,38741,48427,43540,43024,79095,78886,47589,34508,905369,880746,218572987,219997858,110012221,115544179,550240,515220,2025-05-18 03:02:34
10,35,1335,2640,15127,13933,16878,15974,32684,31095,19268,14078,369323,370757,89718017,88667932,43515724,41548414,226541,226005,2025-05-18 03:02:34
10,50,1748,3385,20469,23630,22329,23148,42733,36122,23274,23296,469705,519918,114819826,116916597,55871770,73454786,288963,300747,2025-05-18 03:02:34
10,52,1863,3649,20768,23403,22126,22571,44850,39113,26790,26016,505942,532128,121578125,123653798,59963683,63842087,307321,326693,2025-05-18 03:02:34
10,58,956,2057,12575,16827,13121,15158,26368,16449,14833,16943,279440,321303,67961227,71815029,34394648,58491516,170241,191560,2025-05-18 03:02:34
10,60,679,1267,7405,7013,7920,8066,15826,14081,9932,5666,182010,173606,43024850,41584289,21844973,15182393,111242,111214,2025-05-18 03:02:34
11,1,1507,2690,11119,16509,16559,19434,37666,25563,15895,18541,347096,431048,90916187,94433435,35294108,77795983,213201,236038,2025-05-18 03:02:34
11,2,1251,2739,10700,17645,18177,18421,35542,30718,16559,17105,352059,511595,88840393,99809561,35346760,99857836,218124,299678,2025-05-18 03:02:34
11,3,928,1926,7145,14809,12992,10476,23104,21800,11971,13506,243356,261664,61996638,67433805,24701780,27841499,147180,163973,2025-05-18 03:02:34
11,4,1222,2405,9324,15445,15671,15594,33768,26623,15438,13900,301422,401547,80291792,86892688,30363655,62233668,186211,236115,2025-05-18 03:02:34
11,6,1275,2489,9975,16848,16361,18333,34209,26911,13599,17934,314746,341547,81159783,83086551,31399813,49174382,193205,199876,2025-05-18 03:02:34
11,7,1127,2422,9119,16914,14883,14152,31620,22649,14080,20159,294870,413633,77706617,87942941,29666477,77238354,184474,244952,2025-05-18 03:02:34
11,8,453,887,3585,3540,5201,5864,12117,9159,5029,7937,114774,135509,29215667,29629458,11577357,18432135,68682,89002,2025-05-18 03:02:34
11,10,1395,2765,10832,16467,18644,17317,36745,35055,16119,20086,342060,388791,89500497,93444907,34420432,49225415,209157,233691,2025-05-18 03:02:34
11,12,683,1360,4873,6429,8771,7854,17505,18054,8301,9883,167435,164132,43783311,43584700,16473807,16040686,102431,98333,2025-05-18 03:02:34
11,13,1758,3353,14025,25255,21194,23551,45691,30041,19276,26633,420950,545912,110771901,120458619,43491622,108205432,259509,310470,2025-05-18 03:02:34
11,14,853,1638,6219,10741,11136,9480,21356,20548,9945,7031,200525,230935,52931531,55244122,19669830,27694590,123836,140550,2025-05-18 03:02:34
11,15,1492,2900,11447,18868,19627,21325,38029,30907,16372,18673,363663,406054,92475137,93587000,36462616,55021792,219450,245573,2025-05-18 03:02:34
11,16,677,1362,5558,9497,8980,8747,17299,13584,7810,10154,172046,202554,43138260,46758643,17357368,27794090,104771,118100,2025-05-18 03:02:34
11,17,1182,2299,8472,16942,15025,11612,27594,23572,14744,13711,291076,344106,73187042,78174160,29362673,45142962,176338,210887,2025-05-18 03:02:34
11,18,1187,2300,9014,11749,14845,15789,31173,29318,13652,13605,294880,327687,74876678,77341964,30115242,43236822,182144,188855,2025-05-18 03:02:34
11,19,1505,2801,11080,23552,17708,19275,38819,24579,16594,19643,348743,413125,92867415,96628606,35631193,64772921,214144,235096,2025-05-18 03:02:34
11,20,908,1885,7064,7914,11112,10847,24796,23147,11720,14949,239459,298802,61587586,64676205,23093218,37612057,150242,188771,2025-05-18 03:02:34
11,25,971,1939,7649,13880,12812,13401,26175,19902,12017,9573,241286,303893,63415410,67051330,24989689,42005556,148983,184734,2025-05-18 03:02:34
11,27,721,1470,6174,11115,9932,10620,20073,15194,8758,6296,181247,216519,47360344,50498557,18448093,37087948,110806,121788,2025-05-18 03:02:34
11,31,2153,4324,17301,31620,28841,27177,55219,51942,25849,23965,552290,592831,140788022,146743261,56402757,78520228,338072,346154,2025-05-18 03:02:34
11,35,929,1848,7015,9859,11788,10326,24102,22098,11166,9829,232205,258676,60336971,62044995,23133363,29882740,142950,156527,2025-05-18 03:02:34
11,50,992,1838,7271,13036,12316,11878,24884,19817,10761,12562,232033,289860,60967862,64571961,23953488,41896418,142240,166087,2025-05-18 03:02:34
11,52,1005,1971,7351,13164,12342,11522,24431,21454,11775,14565,248272,291090,63111906,67580867,25216865,35503468,151024,179103,2025-05-18 03:02:34
11,58,633,1310,5650,10477,8346,9513,18302,11048,7711,11044,165815,212362,43413437,47257390,17168783,40700994,102316,126206,2025-05-18 03:02:34
11,60,389,723,2658,4108,4837,4534,9483,8141,4439,3089,91382,97130,23170595,23218136,8939423,9176005,55412,61464,2025-05-18 03:02:34
12,1,969,1824,8724,11411,11011,12936,24486,16981,13219,12343,223555,282867,59344827,62863502,21477377,50356826,135402,155667,2025-05-18 03:02:34
12,2,751,1750,8521,10321,11006,12127,21940,19281,13543,11180,219321,323078,55822460,63032446,21183343,62631728,133021,189120,2025-05-18 03:02:34
12,3,677,1343,6065,9309,8579,7802,16317,14965,10242,9699,165220,177540,42744316,45853219,15510047,17472375,98622,111869,2025-05-18 03:02:34
12,4,782,1623,7765,10098,10227,10542,21900,17492,12260,9277,194650,263607,52894357,57541533,18508916,41138962,119550,156042,2025-05-18 03:02:34
12,6,903,1823,8955,11465,10954,13479,24323,18357,12834,12882,221909,245453,58323971,59840655,21267245,34155468,133494,143997,2025-05-18 03:02:34
12,7,706,1579,7633,10758,9438,9101,20236,14765,11174,13926,189414,271352,50735304,57881763,17843035,50974707,116318,160258,2025-05-18 03:02:34
12,8,318,636,2946,2226,3453,4247,8570,6681,4330,5791,78342,95023,20775717,20934159,7006090,11910377,46455,62911,2025-05-18 03:02:34
12,10,896,1866,8632,10247,11978,11780,23865,23343,13438,14113,218983,256233,58610953,62069269,20742707,31060252,132033,156737,2025-05-18 03:02:34
12,11,677,1360,6429,4873,7854,8771,18054,17505,9883,8301,164132,167435,43584700,43783311,16040686,16473807,98333,102431,2025-05-18 03:02:34
12,13,1109,2130,10624,16079,13035,15108,28499,18335,14722,16185,256712,341697,69072263,75895653,25760086,67227558,154800,197061,2025-05-18 03:02:34
12,14,604,1180,5323,7509,7787,6832,14505,14410,8864,5519,143949,164921,37326422,39314919,13389002,19427916,86566,100647,2025-05-18 03:02:34
12,15,1106,2121,10380,14071,13844,15964,26840,21688,15031,13945,255781,290967,66544840,67719221,24774648,39920316,150436,173708,2025-05-18 03:02:34
12,16,749,1435,7237,9615,8906,9710,18597,13798,11158,10836,177480,212179,45331508,48930237,16506916,28758604,106515,123742,2025-05-18 03:02:34
12,17,835,1645,7658,10935,10212,8692,19675,16215,12650,10154,206042,250087,52780075,56055384,19576219,31494026,123784,154132,2025-05-18 03:02:34
12,18,828,1650,8114,7842,10168,11653,22449,20993,12462,9713,203408,230764,53043215,55124248,19629228,29390836,122038,133701,2025-05-18 03:02:34
12,19,1032,1998,9700,16110,12077,13892,26589,16853,14652,14388,241828,287238,64695717,67636798,23298167,43285161,146620,165373,2025-05-18 03:02:34
12,20,586,1219,5684,4865,6807,7334,15882,14727,9399,9772,151962,192520,39845461,42029562,15089472,23264913,93422,123188,2025-05-18 03:02:34
12,25,592,1303,5980,9056,8213,8931,16797,13105,10343,6601,158408,201749,41522234,44817909,14977981,27197285,96434,123499,2025-05-18 03:02:34
12,27,762,1513,7923,10197,9570,11438,20625,15301,10659,6595,180933,216347,48362258,50831306,17594195,35733131,108805,121421,2025-05-18 03:02:34
12,31,1603,3230,15714,22273,20425,21064,41085,38345,23807,17802,396265,439280,103944172,108491333,38476708,58499591,237569,257007,2025-05-18 03:02:34
12,35,685,1295,5716,6114,7566,7161,16420,14602,9617,7137,156153,182299,41446093,43021207,14821721,20611603,94786,110813,2025-05-18 03:02:34
12,50,630,1253,6302,7799,7829,8316,16094,13467,9105,8843,152501,191812,40595927,43102519,14406645,27316474,92873,110482,2025-05-18 03:02:34
12,52,728,1426,6655,8781,8642,8632,17235,15079,10368,10422,173730,209171,44902111,48108835,16005588,24802826,104305,127660,2025-05-18 03:02:34
12,58,395,834,4079,6771,5173,5753,10799,6668,5937,6678,98657,129825,26127970,28985605,9596083,24489159,59396,77445,2025-05-18 03:02:34
12,60,273,548,2287,3122,3500,3315,6914,6125,3995,2406,65721,72962,17265623,17723347,5685551,6665596,40175,46639,2025-05-18 03:02:34
13,1,2421,4853,38243,32390,34712,34215,43642,47434,37822,32231,795428,771180,176707967,171166981,153787091,139749295,457815,424962,2025-05-18 03:02:34
13,2,2418,5334,42092,34717,38050,36658,46347,58021,42537,32283,873520,981355,190103053,193457678,170973094,194723283,503717,575988,2025-05-18 03:02:34
13,3,1782,3664,27323,27549,26369,20878,29677,41423,28821,24670,586335,485165,129743282,126780665,116193519,49932745,331908,307791,2025-05-18 03:02:34
13,4,2077,4438,35013,29659,31989,28260,39948,48767,37582,23761,718102,721117,161108683,158975565,140700052,112559946,416168,425573,2025-05-18 03:02:34
13,6,1871,3962,29858,28843,29567,29211,36868,42723,28485,27132,638769,541626,141210599,133722388,123688406,78667057,368776,319659,2025-05-18 03:02:34
13,7,2028,4596,34865,33963,31169,26639,39207,42525,34931,37415,739641,786606,162335935,167927240,144054904,147376552,430615,469328,2025-05-18 03:02:34
13,8,726,1537,11855,6634,10286,10125,13808,16618,11070,13418,251515,232120,55138990,51509474,48174460,31615181,140050,152129,2025-05-18 03:02:34
13,10,2304,4922,36047,31412,36516,29844,43543,64561,37620,33439,784275,680880,173999574,167769965,155902304,83811548,448156,417663,2025-05-18 03:02:34
13,11,1595,3353,25255,14025,23551,21194,30041,45691,26633,19276,545912,420950,120458619,110771901,108205432,43491622,310470,259509,2025-05-18 03:02:34
13,12,1021,2130,16079,10624,15108,13035,18335,28499,16185,14722,341697,256712,75895653,69072263,67227558,25760086,197061,154800,2025-05-18 03:02:34
13,14,1389,2917,20778,20924,22345,16740,24856,37797,23257,12517,457932,403320,101601045,98863743,90200734,47174621,260188,249153,2025-05-18 03:02:34
13,15,2753,5378,40531,38370,40804,39941,47187,57990,40726,33986,863260,746079,190317499,176295312,171207500,105325685,485870,447633,2025-05-18 03:02:34
13,16,1659,3537,26027,27148,25904,22313,30223,36023,28757,25387,573095,530958,123215515,123977504,110064417,75394041,329530,309480,2025-05-18 03:02:34
13,17,2173,4328,32061,32390,31054,23314,35362,44482,34410,24734,699455,637356,153494002,148105218,138763768,80945890,393186,394915,2025-05-18 03:02:34
13,18,1620,3626,26349,19232,26021,24054,32337,48805,27983,20489,586271,511665,127979802,123240733,113517354,68423791,340017,295478,2025-05-18 03:02:34
13,19,2377,4750,38310,40973,33114,33339,42922,41355,36791,31917,769075,690607,171869996,163342663,148983048,107614343,447970,396623,2025-05-18 03:02:34
13,20,1495,3308,24551,14843,22050,19144,29019,40728,27038,26156,533401,517517,117265023,113862457,103110685,64290747,310159,329249,2025-05-18 03:02:34
13,25,1566,3294,26256,24508,23256,23054,29564,33828,28009,16092,532819,511910,119300349,115020757,104545286,71353628,309575,315355,2025-05-18 03:02:34
13,27,1753,3726,28992,29269,27812,26709,34432,39432,29166,14847,594245,544096,133239737,129677059,116758931,91448732,342259,308583,2025-05-18 03:02:34
13,31,3243,6918,53385,53732,51640,43497,58232,84586,53782,35583,1115446,933538,246282892,235515395,220727606,125641077,634101,547303,2025-05-18 03:02:34
13,35,1366,2869,20530,15849,20180,15965,24214,34649,22849,14673,459312,399417,101653838,96774920,88453049,46429809,264309,243171,2025-05-18 03:02:34
13,50,1667,3342,25953,23919,24585,21758,30248,36682,25172,22423,543982,517003,121584113,117668062,106576871,73929493,313982,299090,2025-05-18 03:02:34
13,52,1665,3528,25736,24208,24430,20735,29626,39217,28091,24195,573343,523942,125339876,122454452,110565398,65917250,329008,322762,2025-05-18 03:02:34
13,58,1041,2383,17879,21552,17441,16490,21062,19948,18218,18886,375527,379699,82929672,84941474,71916322,71625713,218757,227269,2025-05-18 03:02:34
13,60,622,1229,8878,7391,8699,7346,10398,13340,10187,5115,194611,160154,42340852,39355300,37413547,14788705,110865,102847,2025-05-18 03:02:34
14,1,1317,2404,16800,14639,13454,18327,31335,21545,10941,17300,340730,371939,82770192,82379523,40415185,66096985,209037,203775,2025-05-18 03:02:34
14,2,1240,2700,19246,16378,16056,20531,33324,27855,11966,16814,389395,493485,91097309,96705268,46225956,96310777,240107,288104,2025-05-18 03:02:34
14,3,1081,2171,14425,15095,13067,13590,25122,23898,9889,15918,305144,284935,72523109,73680270,35329099,28322385,187017,179886,2025-05-18 03:02:34
14,4,1126,2423,16612,15181,14570,17142,31077,25757,11120,13898,335492,386108,82310637,85128179,37998999,58440743,209109,226495,2025-05-18 03:02:34
14,6,1076,2220,15522,14984,13431,17644,28891,22716,9070,15967,315335,298696,75376146,73465632,36623532,41591179,194881,174638,2025-05-18 03:02:34
14,7,1153,2390,16283,15975,13196,15147,29479,20863,9775,21042,330492,409079,80007105,85744342,38567609,74051737,203767,244015,2025-05-18 03:02:34
14,8,374,764,5172,3102,4240,5637,10090,7819,3180,6923,111452,116083,26422799,25722299,12768992,15346212,66874,76026,2025-05-18 03:02:34
14,10,1501,3103,20756,17710,19293,21111,39349,38892,13481,22978,428910,424091,104253795,103740399,49962053,51089808,263134,258711,2025-05-18 03:02:34
14,11,785,1638,10741,6219,9480,11136,20548,21356,7031,9945,230935,200525,55244122,52931531,27694590,19669830,140550,123836,2025-05-18 03:02:34
14,12,576,1180,7509,5323,6832,7787,14410,14505,5519,8864,164921,143949,39314919,37326422,19427916,13389002,100647,86566,2025-05-18 03:02:34
14,13,1528,2917,20924,20778,16740,22345,37797,24856,12517,23257,403320,457932,98863743,101601045,47174621,90200734,249153,260188,2025-05-18 03:02:34
14,15,1633,3205,21790,21361,20443,26024,39287,32429,14036,21163,454714,438250,106817937,102611693,53491103,58984584,274407,261875,2025-05-18 03:02:34
14,16,1050,2093,14854,13959,12083,14728,25287,19491,9305,15836,297241,309164,69401337,70507529,33850380,41431207,182985,181353,2025-05-18 03:02:34
14,17,1327,2537,16784,18064,15497,15156,29808,24699,11274,15357,360858,374983,85076982,85433586,42074791,45902955,218125,232086,2025-05-18 03:02:34
14,18,930,2001,13531,9825,11895,14920,25928,25639,8599,12176,282709,279733,67169438,66648768,33026810,35461507,175686,162936,2025-05-18 03:02:34
14,19,1377,2607,18267,20734,14868,19421,34117,21192,11200,18933,368000,377138,89051319,87927156,43006086,56592806,226443,215923,2025-05-18 03:02:34
14,20,830,1725,11603,7219,9449,11009,21359,20292,7855,14309,241517,270468,58166893,58504673,28013880,32545207,150460,173170,2025-05-18 03:02:34
14,25,794,1716,11860,11979,9952,13313,22419,16988,8234,8569,242654,262884,58415018,58803247,27686783,36169253,152100,160688,2025-05-18 03:02:34
14,27,1044,2131,15606,15092,12971,17163,28631,21126,9166,9161,293421,306594,72389694,72546230,33704716,50653793,181807,172875,2025-05-18 03:02:34
14,31,1908,4074,27854,30220,25798,28233,48161,47246,17707,21821,564416,548021,135009034,136059022,66285165,72026640,343822,319056,2025-05-18 03:02:34
14,35,800,1614,10315,8191,9210,9943,19453,17927,7162,8433,222490,221191,53745919,52845056,25198363,24391065,136563,133855,2025-05-18 03:02:34
14,50,1008,1993,13701,13638,12120,14157,24898,20329,8319,14198,282151,306016,67756337,68688868,32318649,42668668,174806,176761,2025-05-18 03:02:34
14,52,1155,2314,14994,15190,13370,15010,28143,24000,10053,17889,323723,341134,77673762,79345491,37868222,40744522,198541,210154,2025-05-18 03:02:34
14,58,521,1137,8194,8993,6781,8931,14380,8906,5003,9781,156895,175393,37763349,39236857,17879593,31727007,96799,104167,2025-05-18 03:02:34
14,60,406,791,5275,4193,4738,5098,9657,8620,3604,3661,109769,102590,26076743,25160797,12455459,8613802,67762,66541,2025-05-18 03:02:34
15,1,2374,4715,32555,30960,35722,35492,50316,44587,30449,30449,656054,740905,155399436,163124381,90952165,131748640,393904,400714,2025-05-18 03:02:34
15,2,2319,5177,35653,33294,39093,38040,53620,55061,34538,30944,735078,954680,167788228,185080739,100412003,185728323,444185,552579,2025-05-18 03:02:34
15,3,1752,3788,24280,28100,28909,23238,36350,42287,25503,25260,520021,500126,121288138,128982461,69326397,50174875,311235,308639,2025-05-18 03:02:34
15,4,1910,4207,28623,27619,32722,29203,44984,45315,28338,23270,575369,677293,137241215,147621289,79906130,101505861,347529,393884,2025-05-18 03:02:34
15,6,1877,3982,27950,27923,31689,31725,43740,42275,22878,27444,551912,538347,129321848,131476174,76407168,76175784,330806,310390,2025-05-18 03:02:34
15,7,1866,4130,27835,28726,30226,26234,42620,37534,26610,33897,572822,707413,133307401,148521021,78841050,128385738,346239,415544,2025-05-18 03:02:34
15,8,686,1445,10407,5970,10349,10834,15879,14975,8504,12214,204966,217772,47794961,47614252,27435378,27751605,120634,140593,2025-05-18 03:02:34
15,10,2528,5483,37123,32752,43376,36671,57457,70132,33917,38131,747921,764380,177423888,184240666,103776027,93004546,447503,459663,2025-05-18 03:02:34
15,11,1408,2900,18868,11447,21325,19627,30907,38029,18673,16372,406054,363663,93587000,92475137,55021792,36462616,245573,219450,2025-05-18 03:02:34
15,12,1015,2121,14071,10380,15964,13844,21688,26840,13945,15031,290967,255781,67719221,66544840,39920316,24774648,173708,150436,2025-05-18 03:02:34
15,13,2625,5378,38370,40531,39941,40804,57990,47187,33986,40726,746079,863260,176295312,190317499,105325685,171207500,447633,485870,2025-05-18 03:02:34
15,14,1572,3205,21361,21790,26024,20443,32429,39287,21163,14036,438250,454714,102611693,106817937,58984584,53491103,261875,274407,2025-05-18 03:02:34
15,16,1778,3734,25318,27513,28684,25611,38161,36054,23807,27306,523244,558847,118746562,127718159,69325022,76267006,315307,323120,2025-05-18 03:02:34
15,17,2342,4695,30857,33338,34831,27442,45661,46550,31599,26052,651493,692506,150617449,157204301,87583669,86384082,387279,421787,2025-05-18 03:02:34
15,18,1811,3909,26818,19809,29663,28664,42510,50520,24070,22562,546761,549668,126634956,129824047,74289803,71056951,332015,314123,2025-05-18 03:02:34
15,19,2241,4407,30106,38019,33428,32662,47943,37320,27776,30300,609340,641440,144431428,150051649,84445330,97737842,365729,360874,2025-05-18 03:02:34
15,20,1323,2982,19311,13237,21262,18693,30621,35913,19904,23470,416124,472561,96482194,101434272,57187513,57975529,252292,297350,2025-05-18 03:02:34
15,25,1421,3083,20927,22701,23724,22797,32995,31142,21517,14741,420153,475284,99807827,105659107,57414773,63794513,255636,287900,2025-05-18 03:02:34
15,27,1742,3683,25770,28183,29553,28673,40493,37488,23231,16038,505296,537612,119629645,125999695,69795424,89122921,303680,300607,2025-05-18 03:02:34
15,31,3183,6889,47967,51522,54710,46787,68392,82883,44452,36197,965656,942253,223902658,232422399,135359660,123933922,575922,546205,2025-05-18 03:02:34
15,35,1278,2629,16594,13998,20002,16209,27005,30483,17099,13744,362859,368090,85142176,87143644,47944118,41528397,218505,221164,2025-05-18 03:02:34
15,50,1529,3207,21078,23144,25138,21667,33295,33570,19513,21830,448505,499108,104967777,111219238,59877501,69946844,272025,288938,2025-05-18 03:02:34
15,52,1764,3714,23828,24783,27264,23451,36812,39710,24792,26268,514349,551715,119150132,126264866,69500617,65984958,309194,334757,2025-05-18 03:02:34
15,58,978,2131,15260,18138,16549,16512,22921,17695,13265,16791,297672,338845,69144244,75237193,41521940,61610000,178505,198536,2025-05-18 03:02:34
15,60,758,1486,9886,8550,11192,9567,15287,16054,9749,6369,206919,203602,48072653,48155141,27588215,18604820,124223,129883,2025-05-18 03:02:34
16,1,1454,2815,20758,17732,17839,20093,28799,26290,21176,20076,424513,448966,99716771,96730947,58448905,79659136,249084,246478,2025-05-18 03:02:34
16,2,1645,3422,24944,20948,22194,24169,32637,35815,26739,21742,524900,635490,117879794,120342635,72099396,120957938,308786,375261,2025-05-18 03:02:34
16,3,1192,2455,16125,17781,15779,13327,21302,26957,19481,18250,372001,332176,83729006,83359778,50712515,32154081,217121,210299,2025-05-18 03:02:34
16,4,1416,2787,20615,18020,18662,19281,28359,29271,21554,16386,415100,450853,97678619,96528986,56650904,64929006,245354,268064,2025-05-18 03:02:34
16,6,1467,2958,21559,20657,20100,22727,29687,30506,20098,20519,436206,404676,101638372,96477128,59379708,56592603,256070,238172,2025-05-18 03:02:34
16,7,1426,2902,20530,20192,18145,17175,27458,25569,20921,25937,433169,500314,99189395,103074942,59010181,89172212,257212,300817,2025-05-18 03:02:34
16,8,386,786,5786,3206,4859,5543,8125,8209,5585,6872,118177,121056,27753061,26028133,15396253,15809290,68512,79616,2025-05-18 03:02:34
16,10,1664,3357,23694,20052,22461,21267,32942,41470,24837,25131,496062,470330,115342665,111015208,67221033,54817141,290258,287243,2025-05-18 03:02:34
16,11,685,1362,9497,5558,8747,8980,13584,17299,10154,7810,202554,172046,46758643,43138260,27794090,17357368,118100,104771,2025-05-18 03:02:34
16,12,686,1435,9615,7237,9710,8906,13798,18597,10836,11158,212179,177480,48930237,45331508,28758604,16506916,123742,106515,2025-05-18 03:02:34
16,13,1878,3537,27148,26027,22313,25904,36023,30223,25387,28757,530958,573095,123977504,123215515,75394041,110064417,309480,329530,2025-05-18 03:02:34
16,14,1043,2093,13959,14854,14728,12083,19491,25287,15836,9305,309164,297241,70507529,69401337,41431207,33850380,181353,182985,2025-05-18 03:02:34
16,15,1956,3734,27513,25318,25611,28684,36054,38161,27306,23807,558847,523244,127718159,118746562,76267006,69325022,323120,315307,2025-05-18 03:02:34
16,17,1481,2861,18951,21128,18944,15040,25237,28190,22416,17050,433957,433419,97414089,96139432,58640513,52595094,252853,269129,2025-05-18 03:02:34
16,18,1277,2683,18760,14102,18028,19010,26056,34236,20062,15783,403497,384143,91537515,88307674,54334527,47618782,240122,224193,2025-05-18 03:02:34
16,19,1779,3324,23835,28471,21790,23670,33710,27337,24218,23711,492489,489747,115967694,111896952,66898529,73055091,289932,280710,2025-05-18 03:02:34
16,20,978,1950,13675,8341,11869,12048,19092,22617,14984,16100,290369,309156,67321935,65171301,39506189,35972780,173433,198378,2025-05-18 03:02:34
16,25,1003,2044,14634,14943,13609,14779,20216,20091,16190,10283,300904,318126,70451465,69222098,41306161,42350247,177562,196580,2025-05-18 03:02:34
16,27,864,1696,12950,12903,11836,12820,17377,16496,12384,7192,248343,247652,58230741,56686585,34175832,39390190,144715,140595,2025-05-18 03:02:34
16,31,2551,5171,36660,39323,34862,32960,48444,60135,38777,28557,776039,713930,178489061,172593591,105466953,90068894,453724,420398,2025-05-18 03:02:34
16,35,1026,2009,13173,11207,13204,11409,18722,22311,14816,11085,302666,290075,69411076,66099173,41123723,31210778,178060,177185,2025-05-18 03:02:34
16,50,1119,2221,15620,15954,15241,14434,21648,23222,15642,15832,331991,350194,77647371,76557656,45159296,48332495,196746,204000,2025-05-18 03:02:34
16,52,1310,2598,17290,17632,16571,15580,24011,27605,19547,19598,391385,389487,88904990,87927949,53016403,44888971,229360,242597,2025-05-18 03:02:34
16,58,681,1399,10494,11794,9417,10304,14198,11146,9918,11656,203870,221085,48007011,48512996,27590309,39674206,120148,132316,2025-05-18 03:02:34
16,60,447,891,6073,5439,5965,5561,8448,9521,7336,3812,134472,121723,30457289,28661181,18016070,11303081,79001,78377,2025-05-18 03:02:34
17,1,1753,3338,24924,20309,17489,24168,34451,29003,19392,23962,506773,536067,116538306,116244204,64779707,95391771,312807,290035,2025-05-18 03:02:34
17,2,1871,4161,31609,25024,22597,30021,42240,41452,24719,26786,635402,780812,142286576,149641343,79323661,152764215,396151,451629,2025-05-18 03:02:34
17,3,1617,3334,23955,23669,18851,20026,31119,34617,19792,24050,496280,446197,113093456,114213151,62387255,44329506,303851,280654,2025-05-18 03:02:34
17,4,1543,3304,24861,20502,18143,22202,34481,33125,20006,19285,492800,540147,114402375,116820248,61822339,81304921,305681,315106,2025-05-18 03:02:34
17,6,1403,2894,22461,18629,15505,22233,30689,27564,16066,21454,434655,406179,99628531,96203145,54424081,58209536,270139,233959,2025-05-18 03:02:34
17,7,1509,3371,24920,23002,17662,20630,33466,28867,18998,29369,500094,585195,114429556,122922283,61890483,108517947,311282,344051,2025-05-18 03:02:34
17,8,526,1035,7564,3908,5035,7274,10851,9749,5850,9166,156122,156521,35613129,34078141,19455066,20464293,93158,101730,2025-05-18 03:02:34
17,10,1969,4336,30626,25209,24239,26953,42113,52024,25462,32740,636874,604525,145104318,144208291,78709426,72007174,392912,363907,2025-05-18 03:02:34
17,11,1117,2299,16942,8472,11612,15025,23572,27594,13711,14744,344106,291076,78174160,73187042,45142962,29362673,210887,176338,2025-05-18 03:02:34
17,12,810,1645,10935,7658,8692,10212,16215,19675,10154,12650,250087,206042,56055384,52780075,31494026,19576219,154132,123784,2025-05-18 03:02:34
17,13,2155,4328,32390,32061,23314,31054,44482,35362,24734,34410,637356,699455,148105218,153494002,80945890,138763768,394915,393186,2025-05-18 03:02:34
17,14,1210,2537,18064,16784,15156,15497,24699,29808,15357,11274,374983,360858,85433586,85076982,45902955,42074791,232086,218125,2025-05-18 03:02:34
17,15,2353,4695,33338,30857,27442,34831,46550,45661,26052,31599,692506,651493,157204301,150617449,86384082,87583669,421787,387279,2025-05-18 03:02:34
17,16,1380,2861,21128,18951,15040,18944,28190,25237,17050,22416,433419,433957,96139432,97414089,52595094,58640513,269129,252853,2025-05-18 03:02:34
17,18,1230,2675,19909,12551,14090,18751,27312,31805,15973,16102,402623,381338,90909857,88388989,50736829,49179311,250828,219889,2025-05-18 03:02:34
17,19,1768,3442,25625,26815,17992,24329,35679,27052,19881,25906,512504,511436,118835970,117044257,64301308,77932664,318535,287523,2025-05-18 03:02:34
17,20,1110,2398,17556,9743,11959,14893,23999,26543,14650,20295,360272,385092,81895332,81579737,45194471,47406105,225729,242289,2025-05-18 03:02:34
17,25,1089,2361,17270,16618,12695,16869,24468,22247,14694,12443,353964,373929,81512049,81849628,44096081,51325353,222301,227262,2025-05-18 03:02:34
17,27,1343,2757,21475,19622,15474,20810,29463,25352,15900,12809,405876,409245,94185997,93918090,50440595,68276514,250911,228156,2025-05-18 03:02:34
17,31,2450,5439,39246,40070,31610,35185,51778,61036,31399,30612,808096,756226,182914859,183493632,102104638,100705206,495039,436450,2025-05-18 03:02:34
17,35,1063,2165,15209,10376,11421,12654,21441,23538,13069,12186,324173,310911,73900512,71809319,40481030,34357536,200472,187774,2025-05-18 03:02:34
17,50,1307,2547,19202,16245,13813,17478,26227,24391,14532,18779,384549,393457,87927947,87107633,47687312,55022525,238850,226930,2025-05-18 03:02:34
17,52,1583,3288,22538,20706,17240,20133,31156,33139,19506,24749,491131,490154,110606371,111653757,60781430,58248212,302881,299220,2025-05-18 03:02:34
17,58,711,1575,11848,12592,8510,11401,15623,11828,9101,13510,230581,247330,52804192,54921249,28537544,45794802,143131,144371,2025-05-18 03:02:34
17,60,510,1091,7761,6061,5953,6726,10570,10960,6774,5140,164186,148443,36748314,35042049,20023157,13599410,101222,94396,2025-05-18 03:02:34
18,1,1540,2938,14118,20015,20695,20326,38520,28854,16997,19278,408252,465622,99477340,102702216,52580140,82983402,237038,257490,2025-05-18 03:02:34
18,2,1458,3134,15744,19702,22299,21726,39644,34975,19034,18994,447050,577630,104415353,112304789,57833317,112294713,262204,340571,2025-05-18 03:02:34
18,3,1169,2363,10697,18088,16735,12795,27757,27485,14360,16706,335442,316297,78295615,81926836,42808782,32799654,192700,200358,2025-05-18 03:02:34
18,4,1384,2752,13923,17948,19894,18241,37279,30872,17049,15761,385921,450038,93989509,98177845,49369051,67213557,225761,268516,2025-05-18 03:02:34
18,6,1658,3253,17118,22457,23251,25174,44057,34938,17633,22912,461187,446173,109619850,107954030,59092774,61387822,268072,264715,2025-05-18 03:02:34
18,7,1294,2660,13263,18661,17906,15819,34217,24962,15142,22752,372287,457951,88579557,96416470,47306611,83513465,216670,276242,2025-05-18 03:02:34
18,8,518,933,4938,3539,5831,6399,12365,9630,5241,8129,134634,138867,31873406,30434354,16745288,17328892,76618,91736,2025-05-18 03:02:34
18,10,1699,3300,16651,19316,23328,20828,42516,42868,19252,23830,462638,459123,110524856,110884979,59625686,55704604,268193,282789,2025-05-18 03:02:34
18,11,1113,2300,11749,9014,15789,14845,29318,31173,13605,13652,327687,294880,77341964,74876678,43236822,30115242,188855,182144,2025-05-18 03:02:34
18,12,822,1650,7842,8114,11653,10168,20993,22449,9713,12462,230764,203408,55124248,53043215,29390836,19629228,133701,122038,2025-05-18 03:02:34
18,13,2006,3626,19232,26349,24054,26021,48805,32337,20489,27983,511665,586271,123240733,127979802,68423791,113517354,295478,340017,2025-05-18 03:02:34
18,14,1071,2001,9825,13531,14920,11895,25639,25928,12176,8599,279733,282709,66648768,67169438,35461507,33026810,162936,175686,2025-05-18 03:02:34
18,15,2098,3909,19809,26818,28664,29663,50520,42510,22562,24070,549668,546761,129824047,126634956,71056951,74289803,314123,332015,2025-05-18 03:02:34
18,16,1406,2683,14102,18760,19010,18028,34236,26056,15783,20062,384143,403497,88307674,91537515,47618782,54334527,224193,240122,2025-05-18 03:02:34
18,17,1445,2675,12551,19909,18751,14090,31805,27312,16102,15973,381338,402623,88388989,90909857,49179311,50736829,219889,250828,2025-05-18 03:02:34
18,19,1875,3536,17749,31131,24752,25219,47141,30960,20336,25066,490517,516812,119406627,120924306,62488610,79558574,284918,298454,2025-05-18 03:02:34
18,20,1029,2089,10266,8869,13287,12761,26954,25124,12617,16466,296752,330969,69987223,70854627,37869799,40820932,175766,211471,2025-05-18 03:02:34
18,25,1302,2511,12885,17879,17552,17912,33625,26189,15708,12711,351263,390527,85436439,86555580,46079204,53082165,206091,242398,2025-05-18 03:02:34
18,27,1361,2621,14346,19178,18553,19982,35794,26419,15160,11209,361253,378561,87783563,88177677,47303413,61254834,208626,216706,2025-05-18 03:02:34
18,31,2992,5992,30592,44985,43363,38138,74500,73133,35330,32198,856104,834343,200882622,203254596,110714925,108154456,493278,493698,2025-05-18 03:02:34
18,35,1052,2117,9991,11312,14752,12229,26140,25646,12306,11306,303356,301497,71270925,70850567,38927117,34142387,176872,184916,2025-05-18 03:02:34
18,50,1219,2259,11724,15624,15956,15327,29991,24300,12374,15279,318438,345552,76653151,77543883,40936869,48106145,185529,203099,2025-05-18 03:02:34
18,52,1277,2384,11659,15682,15981,14319,29892,26192,14100,17216,337955,352363,79659972,81098827,42334292,42016752,195216,219173,2025-05-18 03:02:34
18,58,776,1534,7863,12355,10399,11020,20324,12657,8950,12326,213622,240486,50783659,53116915,27378939,43781058,124122,144176,2025-05-18 03:02:34
18,60,464,884,4359,5060,6481,5390,11178,10265,5379,3612,121839,118801,28802158,28360659,15141791,11068746,70739,76503,2025-05-18 03:02:34
19,1,1879,3747,32657,25440,26624,26499,33138,36498,25742,25144,550987,602035,131476045,134057437,84137397,105898362,316542,335318,2025-05-18 03:02:34
19,2,1629,3943,33244,26296,28716,27310,33352,44436,29323,23932,588705,733150,135346293,145768995,89221734,143296692,339912,432478,2025-05-18 03:02:34
19,3,1339,2996,22940,21824,21328,16476,23257,34517,21781,20739,431771,397820,100012571,103543783,64432662,39198030,244051,253317,2025-05-18 03:02:34
19,4,1671,3618,31183,24022,26028,23619,31974,40128,25707,20326,525421,589617,125489489,130075974,80308397,89914925,303224,350488,2025-05-18 03:02:34
19,6,2067,4305,38610,29267,30565,32632,38664,45858,27183,28828,627600,582282,148598863,144557344,95313275,82927720,362809,342000,2025-05-18 03:02:34
19,7,1552,3623,29460,26851,24646,20598,29562,34065,24727,30719,529659,625978,121938469,133841198,81417445,114137381,306594,375786,2025-05-18 03:02:34
19,8,577,1234,10605,5522,8432,8186,10882,13754,7956,11598,183278,186906,43016188,42235503,27791676,25636941,101963,123850,2025-05-18 03:02:34
19,10,1989,4300,35730,26635,31366,26579,36717,56561,29456,30795,618464,592951,146145768,146421198,94216670,71303254,353455,363743,2025-05-18 03:02:34
19,11,1296,2801,23552,11080,19275,17708,24579,38819,19643,16594,413125,348743,96628606,92867415,64772921,35631193,235096,214144,2025-05-18 03:02:34
19,12,966,1998,16110,9700,13892,12077,16853,26589,14388,14652,287238,241828,67636798,64695717,43285161,23298167,165373,146620,2025-05-18 03:02:34
19,13,2373,4750,40973,38310,33339,33114,41355,42922,31917,36791,690607,769075,163342663,171869996,107614343,148983048,396623,447970,2025-05-18 03:02:34
19,14,1230,2607,20734,18267,19421,14868,21192,34117,18933,11200,377138,368000,87927156,89051319,56592806,43006086,215923,226443,2025-05-18 03:02:34
19,15,2166,4407,38019,30106,32662,33428,37320,47943,30300,27776,641440,609340,150051649,144431428,97737842,84445330,360874,365729,2025-05-18 03:02:34
19,16,1545,3324,28471,23835,23670,21790,27337,33710,23711,24218,489747,492489,111896952,115967694,73055091,66898529,280710,289932,2025-05-18 03:02:34
19,17,1674,3442,26815,25625,24329,17992,27052,35679,25906,19881,511436,512504,117044257,118835970,77932664,64301308,287523,318535,2025-05-18 03:02:34
19,18,1661,3536,31131,17749,25219,24752,30960,47141,25066,20336,516812,490517,120924306,119406627,79558574,62488610,298454,284918,2025-05-18 03:02:34
19,20,1210,2652,22246,11527,17221,15699,23030,33288,19064,21255,390865,416149,91125865,91822052,60395427,50397459,227999,268456,2025-05-18 03:02:34
19,25,1467,3194,27422,23857,22843,22421,28146,33699,24350,15530,464219,501958,111120892,113505007,70870742,68895379,269645,310293,2025-05-18 03:02:34
19,27,1728,3608,32480,27256,26117,26555,32113,37044,24707,15180,516753,522782,124137785,124447474,79094085,85846643,296180,296870,2025-05-18 03:02:34
19,31,3543,7808,65069,59178,57200,48453,63726,96329,55344,41532,1147822,1068988,267406274,268773965,176329633,140995747,654416,630671,2025-05-18 03:02:34
19,35,1414,2882,22823,15331,20047,16247,24065,34802,19966,15133,421857,404844,99586356,97928107,64862066,45319079,240761,248867,2025-05-18 03:02:34
19,50,1370,2856,23587,20780,21030,18764,24901,31166,19111,19126,413646,439672,98264893,100343717,62315655,61639220,237162,256151,2025-05-18 03:02:34
19,52,1451,3055,24271,20822,20961,17938,24464,34010,21701,21890,442137,453055,103210204,105736591,66362262,54230136,253767,280992,2025-05-18 03:02:34
19,58,834,1952,16994,17155,14002,13661,16759,16257,13503,15863,281663,311641,66184089,70349753,43937491,58217175,161180,186003,2025-05-18 03:02:34
19,60,535,1126,9246,6797,7983,6619,9346,12815,8221,4741,163048,151654,37700637,36838123,24437487,13616499,93290,98363,2025-05-18 03:02:34
20,1,1441,2633,11281,16648,15151,17348,32708,24486,22619,19354,424074,422756,91987025,92233601,52697338,74770099,270013,237820,2025-05-18 03:02:34
20,2,1384,2872,12629,17991,17669,18815,34364,31222,24216,19040,467462,533852,98845842,103987672,57564824,102477331,298710,317837,2025-05-18 03:02:34
20,3,1058,2021,7877,15047,12381,10449,22395,22566,17240,14729,321318,269373,68286222,69222608,39549796,26707806,202834,171778,2025-05-18 03:02:34
20,4,1296,2470,10935,15715,14694,15189,30899,26277,20932,14951,390700,404347,86044797,87629883,49078828,60172393,250407,241169,2025-05-18 03:02:34
20,6,1195,2335,10570,16025,14323,16373,29868,24720,17296,17404,371523,324398,81296674,79039467,46837093,45745792,235579,193314,2025-05-18 03:02:34
20,7,1219,2518,10846,17800,14338,13865,29989,23070,20643,23007,399608,434313,86273476,92401971,48875374,80054040,256590,261666,2025-05-18 03:02:34
20,8,507,956,4069,3526,5082,5935,11815,9707,7389,9433,157386,145618,33408312,31738535,19031521,18961284,96495,96795,2025-05-18 03:02:34
20,10,1536,3012,12499,17840,19007,17687,36313,38117,23937,22703,472366,417913,102393179,101580161,57142315,51713017,301936,258735,2025-05-18 03:02:34
20,11,977,1885,7914,7064,10847,11112,23147,24796,14949,11720,298802,239459,64676205,61587586,37612057,23093218,188771,150242,2025-05-18 03:02:34
20,12,633,1219,4865,5684,7334,6807,14727,15882,9772,9399,192520,151962,42029562,39845461,23264913,15089472,123188,93422,2025-05-18 03:02:34
20,13,1813,3308,14843,24551,19144,22050,40728,29019,26156,27038,517517,533401,113862457,117265023,64290747,103110685,329249,310159,2025-05-18 03:02:34
20,14,895,1725,7219,11603,11009,9449,20292,21359,14309,7855,270468,241517,58504673,58166893,32545207,28013880,173170,150460,2025-05-18 03:02:34
20,15,1659,2982,13237,19311,18693,21262,35913,30621,23470,19904,472561,416124,101434272,96482194,57975529,57187513,297350,252292,2025-05-18 03:02:34
20,16,972,1950,8341,13675,12048,11869,22617,19092,16100,14984,309156,290369,65171301,67321935,35972780,39506189,198378,173433,2025-05-18 03:02:34
20,17,1288,2398,9743,17556,14893,11959,26543,23999,20295,14650,385092,360272,81579737,81895332,47406105,45194471,242289,225729,2025-05-18 03:02:34
20,18,1060,2089,8869,10266,12761,13287,25124,26954,16466,12617,330969,296752,70854627,69987223,40820932,37869799,211471,175766,2025-05-18 03:02:34
20,19,1442,2652,11527,22246,15699,17221,33288,23030,21255,19064,416149,390865,91822052,91125865,50397459,60395427,268456,227999,2025-05-18 03:02:34
20,25,904,1718,7506,11952,10052,11329,21333,16775,14600,9085,272100,268178,59236664,58886097,33954633,35946935,174615,167217,2025-05-18 03:02:34
20,27,1140,2165,9740,15901,13391,14954,27697,22062,18011,9703,341456,320855,75320513,75097990,41946094,52855998,218591,184900,2025-05-18 03:02:34
20,31,1981,3945,16897,29369,24834,22975,45094,46749,32115,21864,627550,545467,134317121,134164591,77211533,71695228,398393,324106,2025-05-18 03:02:34
20,35,957,1740,7262,8803,10238,9279,20269,20213,13968,9654,276489,246964,59735719,57846473,33737209,27195612,175782,152806,2025-05-18 03:02:34
20,50,1046,1966,8737,13368,12125,12445,24269,20767,15424,14278,318553,305433,68940824,68634918,38236656,43012198,204345,179893,2025-05-18 03:02:34
20,52,1062,2092,8422,13805,12222,11762,24120,22587,17651,15656,331588,311155,71451685,72351124,40882219,37016224,211490,195076,2025-05-18 03:02:34
20,58,652,1381,5909,11617,8228,9095,16592,11461,11354,11660,218102,220517,46765418,48914788,27333405,40437181,138439,132917,2025-05-18 03:02:34
20,60,443,788,3249,4401,4611,4373,9250,8453,6759,3661,128505,108109,26949731,25687297,15752193,10122015,81611,70812,2025-05-18 03:02:34
25,1,1471,2737,19295,18292,19611,19328,27938,26390,13589,19991,424405,430491,95421230,96133096,58298347,76839157,261065,241033,2025-05-18 03:02:34
25,2,1248,2647,19493,16749,19186,18999,26381,29496,13465,17899,422003,487931,92232124,96701498,57680111,94000217,261612,290089,2025-05-18 03:02:34
25,3,974,1923,13170,14367,13735,10737,17844,22371,10106,14730,298564,255911,66157677,67232054,40924589,25720510,181892,164639,2025-05-18 03:02:34
25,4,1227,2468,18454,15720,17828,16657,26076,27348,12984,15265,383359,397648,87057136,88461695,52784093,60800071,237963,236829,2025-05-18 03:02:34
25,6,1341,2732,20308,19268,19974,20775,29192,29928,12513,21172,423330,371752,94742640,92223608,57174417,53045422,262698,221021,2025-05-18 03:02:34
25,7,1205,2472,17305,17577,16679,14602,24115,22912,11929,22385,385328,421145,84431386,90132631,52708516,76680168,238633,254551,2025-05-18 03:02:34
25,8,494,910,6757,3700,6025,6344,9794,9927,4406,9038,146812,139087,32536920,31128210,19688632,18337671,87238,92449,2025-05-18 03:02:34
25,10,1455,2794,20338,16743,20286,17908,28379,36657,13817,21363,433100,387082,96914037,95131455,57992631,46708947,267341,240385,2025-05-18 03:02:34
25,11,968,1939,13880,7649,13401,12812,19902,26175,9573,12017,303893,241286,67051330,63415410,42005556,24989689,184734,148983,2025-05-18 03:02:34
25,12,711,1303,9056,5980,8931,8213,13105,16797,6601,10343,201749,158408,44817909,41522234,27197285,14977981,123499,96434,2025-05-18 03:02:34
25,13,1728,3294,24508,26256,23054,23256,33828,29564,16092,28009,511910,532819,115020757,119300349,71353628,104545286,315355,309575,2025-05-18 03:02:34
25,14,922,1716,11979,11860,13313,9952,16988,22419,8569,8234,262884,242654,58803247,58415018,36169253,27686783,160688,152100,2025-05-18 03:02:34
25,15,1662,3083,22701,20927,22797,23724,31142,32995,14741,21517,475284,420153,105659107,99807827,63794513,57414773,287900,255636,2025-05-18 03:02:34
25,16,1041,2044,14943,14634,14779,13609,20091,20216,10283,16190,318126,300904,69222098,70451465,42350247,41306161,196580,177562,2025-05-18 03:02:34
25,17,1272,2361,16618,17270,16869,12695,22247,24468,12443,14694,373929,353964,81849628,81512049,51325353,44096081,227262,222301,2025-05-18 03:02:34
25,18,1209,2511,17879,12885,17912,17552,26189,33625,12711,15708,390527,351263,86555580,85436439,53082165,46079204,242398,206091,2025-05-18 03:02:34
25,19,1727,3194,23857,27422,22421,22843,33699,28146,15530,24350,501958,464219,113505007,111120892,68895379,70870742,310293,269645,2025-05-18 03:02:34
25,20,814,1718,11952,7506,11329,10052,16775,21333,9085,14600,268178,272100,58886097,59236664,35946935,33954633,167217,174615,2025-05-18 03:02:34
25,27,1213,2282,17945,17187,16630,17402,24509,24018,11455,10818,358040,331700,80954156,79313395,50077988,54439294,219615,190414,2025-05-18 03:02:34
25,31,2602,5008,36569,37265,36218,32008,48887,60303,24830,29475,784445,678275,173608604,169822349,108366560,88508523,478783,403239,2025-05-18 03:02:34
25,35,961,1847,12469,9929,12884,10570,18368,22048,9335,10443,287907,259768,64478196,62637560,38901153,29963953,178165,159653,2025-05-18 03:02:34
25,50,989,1867,13424,13045,13434,12454,19031,20410,8902,13882,293446,286008,65460281,65360121,39842019,40646087,180982,167093,2025-05-18 03:02:34
25,52,1137,2130,14714,14071,14718,13090,20956,23276,11006,16358,332491,313247,73310467,73124356,44948330,37662037,203756,196177,2025-05-18 03:02:34
25,58,627,1373,9848,11788,9755,9733,14245,11662,6731,11470,210231,216813,46982417,49323179,28444354,41159156,129432,130196,2025-05-18 03:02:34
25,60,372,733,5122,4571,5161,4672,7287,7833,3830,3475,114083,99624,25078695,23967449,14739222,9427040,70783,64561,2025-05-18 03:02:34
27,1,1605,3053,23654,20744,22558,22987,32533,30844,13229,20476,451659,481781,107948773,107932193,74185468,87034627,257364,265870,2025-05-18 03:02:34
27,2,1463,3141,23921,20478,23548,22990,31730,35798,14158,19112,472114,580961,108729387,114626040,78548238,112987355,269183,342006,2025-05-18 03:02:34
27,3,1159,2326,16347,17503,17296,13649,21561,27122,10524,16484,338970,300620,78913997,79424577,56480647,29624320,190880,190841,2025-05-18 03:02:34
27,4,1421,3003,22315,21140,23209,20461,31334,34638,13742,16800,435025,485777,104414309,108023471,71719258,73402157,248673,288133,2025-05-18 03:02:34
27,6,1500,3016,23498,22255,23084,23968,31790,32967,11623,20717,435999,404449,103036137,100408647,71171379,57325303,248904,237133,2025-05-18 03:02:34
27,7,1372,2900,21261,21739,20961,17840,28505,28357,11776,24834,425773,498850,99211006,107170599,69705025,91832249,243383,298229,2025-05-18 03:02:34
27,8,509,1030,8052,4442,7340,7480,11024,11844,4495,9050,153047,154289,36256231,35012975,24697856,20067086,85097,102154,2025-05-18 03:02:34
27,10,1743,3532,26683,22414,26946,23484,35348,47310,14948,25635,513181,484905,121204381,119947477,84662715,59362194,290431,295009,2025-05-18 03:02:34
27,11,749,1470,11115,6174,10620,9932,15194,20073,6296,8758,216519,181247,50498557,47360344,37087948,18448093,121788,110806,2025-05-18 03:02:34
27,12,751,1513,10197,7923,11438,9570,15301,20625,6595,10659,216347,180933,50831306,48362258,35733131,17594195,121421,108805,2025-05-18 03:02:34
27,13,1973,3726,29269,28992,26709,27812,39432,34432,14847,29166,544096,594245,129677059,133239737,91448732,116758931,308583,342259,2025-05-18 03:02:34
27,14,1087,2131,15092,15606,17163,12971,21126,28631,9161,9166,306594,293421,72546230,72389694,50653793,33704716,172875,181807,2025-05-18 03:02:34
27,15,1941,3683,28183,25770,28673,29553,37488,40493,16038,23231,537612,505296,125999695,119629645,89122921,69795424,300607,303680,2025-05-18 03:02:34
27,16,832,1696,12903,12950,12820,11836,16496,17377,7192,12384,247652,248343,56686585,58230741,39390190,34175832,140595,144715,2025-05-18 03:02:34
27,17,1414,2757,19622,21475,20810,15474,25352,29463,12809,15900,409245,405876,93918090,94185997,68276514,50440595,228156,250911,2025-05-18 03:02:34
27,18,1260,2621,19178,14346,19982,18553,26419,35794,11209,15160,378561,361253,88177677,87783563,61254834,47303413,216706,208626,2025-05-18 03:02:34
27,19,1880,3608,27256,32480,26555,26117,37044,32113,15180,24707,522782,516753,124447474,124137785,85846643,79094085,296870,296180,2025-05-18 03:02:34
27,20,1025,2165,15901,9740,14954,13391,22062,27697,9703,18011,320855,341456,75097990,75320513,52855998,41946094,184900,218591,2025-05-18 03:02:34
27,25,1069,2282,17187,17945,17402,16630,24018,24509,10818,11455,331700,358040,79313395,80954156,54439294,50077988,190414,219615,2025-05-18 03:02:34
27,31,2705,5461,41432,43064,41460,35882,53000,67809,23298,28977,801207,740898,187375460,185914481,133621741,96477575,448572,436134,2025-05-18 03:02:34
27,35,1094,2195,15049,12883,16431,12718,21606,27149,9622,11435,316402,301877,74430422,73489499,50833717,33610882,178982,185463,2025-05-18 03:02:34
27,50,1236,2477,18865,18517,19427,17167,25502,27838,10177,16469,362988,382972,86447424,87249338,59836081,54872142,207240,221365,2025-05-18 03:02:34
27,52,1310,2517,18358,17341,17983,16122,24383,28324,10859,18668,368069,370768,85923292,86477898,61638234,43387990,207249,229783,2025-05-18 03:02:34
27,58,712,1543,12422,13324,11416,11650,15723,13345,6407,12356,221304,239697,52405375,54394608,36485213,43797802,125669,142679,2025-05-18 03:02:34
27,60,448,900,6582,5828,6965,5822,8889,10670,4368,3748,132617,120232,30884816,29694573,21595616,11447641,75008,76627,2025-05-18 03:02:34
31,1,3209,5636,43939,34709,33933,42433,69761,49569,30389,38366,778117,889209,196164423,194455317,103644676,160377323,458827,483637,2025-05-18 03:02:34
31,2,2908,6089,46143,38205,39354,44659,72888,62318,33239,37440,846446,1133868,205460011,219317045,110142200,224312859,498722,656499,2025-05-18 03:02:34
31,3,2356,4566,33034,33122,30416,28536,50843,48082,25533,32425,623131,606838,153053955,155582134,82519302,62320402,361631,379861,2025-05-18 03:02:34
31,4,2771,5478,41608,35527,34855,37474,68278,55649,31073,31454,742231,894220,187040052,193621131,97415666,135590033,439775,523207,2025-05-18 03:02:34
31,6,3263,6474,49412,45153,42950,50830,80116,66042,32153,45692,896159,902676,221314330,217621921,116803895,128999726,528776,525857,2025-05-18 03:02:34
31,7,2500,5285,38937,37229,32028,32524,61897,46132,28226,45407,712831,910034,176742990,192136756,93709754,170861306,420792,537130,2025-05-18 03:02:34
31,8,937,1751,13427,6981,10261,13067,22666,17559,9341,15768,244368,264231,60787626,58410919,32311806,34736036,139777,172719,2025-05-18 03:02:34
31,10,3352,6528,48427,38741,43024,43540,78886,79095,34508,47589,880746,905369,219997858,218572987,115544179,110012221,515220,550240,2025-05-18 03:02:34
31,11,2171,4324,31620,17301,27177,28841,51942,55219,23965,25849,592831,552290,146743261,140788022,78520228,56402757,346154,338072,2025-05-18 03:02:34
31,12,1627,3230,22273,15714,21064,20425,38345,41085,17802,23807,439280,396265,108491333,103944172,58499591,38476708,257007,237569,2025-05-18 03:02:34
31,13,3675,6918,53732,53385,43497,51640,84586,58232,35583,53782,933538,1115446,235515395,246282892,125641077,220727606,547303,634101,2025-05-18 03:02:34
31,14,2166,4074,30220,27854,28233,25798,47246,48161,21821,17707,548021,564416,136059022,135009034,72026640,66285165,319056,343822,2025-05-18 03:02:34
31,15,3706,6889,51522,47967,46787,54710,82883,68392,36197,44452,942253,965656,232422399,223902658,123933922,135359660,546205,575922,2025-05-18 03:02:34
31,16,2620,5171,39323,36660,32960,34862,60135,48444,28557,38777,713930,776039,172593591,178489061,90068894,105466953,420398,453724,2025-05-18 03:02:34
31,17,2989,5439,40070,39246,35185,31610,61036,51778,30612,31399,756226,808096,183493632,182914859,100705206,102104638,436450,495039,2025-05-18 03:02:34
31,18,3000,5992,44985,30592,38138,43363,73133,74500,32198,35330,834343,856104,203254596,200882622,108154456,110714925,493698,493278,2025-05-18 03:02:34
31,19,4265,7808,59178,65069,48453,57200,96329,63726,41532,55344,1068988,1147822,268773965,267406274,140995747,176329633,630671,654416,2025-05-18 03:02:34
31,20,1964,3945,29369,16897,22975,24834,46749,45094,21864,32115,545467,627550,134164591,134317121,71695228,77211533,324106,398393,2025-05-18 03:02:34
31,25,2406,5008,37265,36569,32008,36218,60303,48887,29475,24830,678275,784445,169822349,173608604,88508523,108366560,403239,478783,2025-05-18 03:02:34
31,27,2756,5461,43064,41432,35882,41460,67809,53000,28977,23298,740898,801207,185914481,187375460,96477575,133621741,436134,448572,2025-05-18 03:02:34
31,35,2533,4754,34336,24655,29923,28109,55088,53346,26069,25592,652104,670131,161951745,158099799,84971674,74667165,382529,407177,2025-05-18 03:02:34
31,50,2217,4198,31930,29489,27488,29100,50883,42531,21581,28395,582134,653525,144832077,146298606,76585672,92137813,343700,377404,2025-05-18 03:02:34
31,52,2352,4579,32261,31293,29090,28376,52467,47396,25239,33609,628733,686775,154411577,157897747,81359897,84568757,369161,420507,2025-05-18 03:02:34
31,58,1358,2838,21999,23878,18267,21345,34138,21857,14654,23097,379201,444950,94726067,99149735,49321235,82848246,223797,262044,2025-05-18 03:02:34
31,60,951,1803,13348,10350,11636,11727,21097,18554,10010,7735,247705,242304,60242658,58111404,31793959,22520490,145840,154540,2025-05-18 03:02:34
35,1,1308,2430,13413,14136,13286,17560,29733,22413,13091,17003,343643,384107,83340491,84687257,39038238,67153866,211154,212461,2025-05-18 03:02:34
35,2,1049,2468,13026,14573,14447,17044,28112,26471,13434,16004,353399,458461,81868566,89417112,39150216,87848449,218053,271507,2025-05-18 03:02:34
35,3,892,1867,9084,13160,11103,10198,19295,20953,10506,13663,263556,251003,61432125,64822450,29650569,25620327,159859,158478,2025-05-18 03:02:34
35,4,1084,2251,12501,13542,13100,14938,27385,24028,12869,12995,318149,367231,76978731,80268599,35927776,54360402,194567,217819,2025-05-18 03:02:34
35,6,1214,2474,13881,15942,14657,18933,30282,25720,12240,17586,348351,334678,83207208,82684162,39285331,46488211,213361,196933,2025-05-18 03:02:34
35,7,1013,2166,11589,14229,11811,12804,24845,19318,11202,18764,302164,369138,71945982,78405251,33604251,67083714,185441,220510,2025-05-18 03:02:34
35,8,427,826,4455,3052,4361,5757,10327,8359,4078,7456,119042,125586,28484273,27859455,12511378,16641391,71277,82665,2025-05-18 03:02:34
35,10,1305,2640,13933,15127,15974,16878,31095,32684,14078,19268,370757,369323,88667932,89718017,41548414,43515724,226005,226541,2025-05-18 03:02:34
35,11,919,1848,9859,7015,10326,11788,22098,24102,9829,11166,258676,232205,62044995,60336971,29882740,23133363,156527,142950,2025-05-18 03:02:34
35,12,610,1295,6114,5716,7161,7566,14602,16420,7137,9617,182299,156153,43021207,41446093,20611603,14821721,110813,94786,2025-05-18 03:02:34
35,13,1503,2869,15849,20530,15965,20180,34649,24214,14673,22849,399417,459312,96774920,101653838,46429809,88453049,243171,264309,2025-05-18 03:02:34
35,14,814,1614,8191,10315,9943,9210,17927,19453,8433,7162,221191,222490,52845056,53745919,24391065,25198363,133855,136563,2025-05-18 03:02:34
35,15,1351,2629,13998,16594,16209,20002,30483,27005,13744,17099,368090,362859,87143644,85142176,41528397,47944118,221164,218505,2025-05-18 03:02:34
35,16,983,2009,11207,13173,11409,13204,22311,18722,11085,14816,290075,302666,66099173,69411076,31210778,41123723,177185,178060,2025-05-18 03:02:34
35,17,1102,2165,10376,15209,12654,11421,23538,21441,12186,13069,310911,324173,71809319,73900512,34357536,40481030,187774,200472,2025-05-18 03:02:34
35,18,1065,2117,11312,9991,12229,14752,25646,26140,11306,12306,301497,303356,70850567,71270925,34142387,38927117,184916,176872,2025-05-18 03:02:34
35,19,1468,2882,15331,22823,16247,20047,34802,24065,15133,19966,404844,421857,97928107,99586356,45319079,64862066,248867,240761,2025-05-18 03:02:34
35,20,783,1740,8803,7262,9279,10238,20213,20269,9654,13968,246964,276489,57846473,59735719,27195612,33737209,152806,175782,2025-05-18 03:02:34
35,25,886,1847,9929,12469,10570,12884,22048,18368,10443,9335,259768,287907,62637560,64478196,29963953,38901153,159653,178165,2025-05-18 03:02:34
35,27,1101,2195,12883,15049,12718,16431,27149,21606,11435,9622,301877,316402,73489499,74430422,33610882,50833717,185463,178982,2025-05-18 03:02:34
35,31,2221,4754,24655,34336,28109,29923,53346,55088,25592,26069,670131,652104,158099799,161951745,74667165,84971674,407177,382529,2025-05-18 03:02:34
35,50,937,1837,10261,12188,10650,12146,21731,18800,9549,12557,258884,287049,62414971,64338411,28125039,41050383,159869,165262,2025-05-18 03:02:34
35,52,1021,2000,10111,12374,11067,12177,22482,20750,10692,14861,281498,295228,65936437,68030763,30374805,34664588,170931,182529,2025-05-18 03:02:34
35,58,509,1164,6508,9231,6759,8269,13337,9353,6077,9907,159766,181844,37849215,40605119,17962713,33248056,97397,108857,2025-05-18 03:02:34
35,60,373,767,3937,4133,4360,4403,8340,8117,4346,3569,108971,102847,25267332,24869394,11756140,9245875,66789,65778,2025-05-18 03:02:34
50,1,1317,2663,18352,17647,17439,19250,28507,25669,17996,17976,413978,425237,93606099,94336471,58152909,75605147,240642,234340,2025-05-18 03:02:34
50,2,1365,3046,22368,19253,20593,22523,31899,33088,21895,17986,479915,568034,105769851,111308467,68452311,110271375,279383,335319,2025-05-18 03:02:34
50,3,1079,2236,14515,16399,14950,12755,21345,25114,16280,15284,346606,300129,76784282,77841381,48707468,30028534,199626,190218,2025-05-18 03:02:34
50,4,1210,2685,18912,18231,18557,18050,29362,30131,18647,14918,414224,441508,94658386,97441121,57849024,67446725,241515,260017,2025-05-18 03:02:34
50,6,1193,2520,18156,17447,16824,19534,27875,26556,15968,16479,387934,347386,87631113,85396070,54323296,48923270,225689,204057,2025-05-18 03:02:34
50,7,1228,2662,18495,19159,16822,16270,27409,24338,17735,22389,410464,464112,92079809,98409898,57978940,85332268,238420,278892,2025-05-18 03:02:34
50,8,403,835,6022,3331,5143,6109,9236,8986,5387,7455,132535,127279,29813279,28405716,18257001,17026985,75845,84238,2025-05-18 03:02:34
50,10,1637,3385,23630,20469,23148,22329,36122,42733,23296,23274,519918,469705,116916597,114819826,73454786,55871770,300747,288963,2025-05-18 03:02:34
50,11,846,1838,13036,7271,11878,12316,19817,24884,12562,10761,289860,232033,64571961,60967862,41896418,23953488,166087,142240,2025-05-18 03:02:34
50,12,623,1253,7799,6302,8316,7829,13467,16094,8843,9105,191812,152501,43102519,40595927,27316474,14406645,110482,92873,2025-05-18 03:02:34
50,13,1675,3342,23919,25953,21758,24585,36682,30248,22423,25172,517003,543982,117668062,121584113,73929493,106576871,299090,313982,2025-05-18 03:02:34
50,14,985,1993,13638,13701,14157,12120,20329,24898,14198,8319,306016,282151,68688868,67756337,42668668,32318649,176761,174806,2025-05-18 03:02:34
50,15,1678,3207,23144,21078,21667,25138,33570,33295,21830,19513,499108,448505,111219238,104967777,69946844,59877501,288938,272025,2025-05-18 03:02:34
50,16,1102,2221,15954,15620,14434,15241,23222,21648,15832,15642,350194,331991,76557656,77647371,48332495,45159296,204000,196746,2025-05-18 03:02:34
50,17,1240,2547,16245,19202,17478,13813,24391,26227,18779,14532,393457,384549,87107633,87927947,55022525,47687312,226930,238850,2025-05-18 03:02:34
50,18,1040,2259,15624,11724,15327,15956,24300,29991,15279,12374,345552,318438,77543883,76653151,48106145,40936869,203099,185529,2025-05-18 03:02:34
50,19,1486,2856,20780,23587,18764,21030,31166,24901,19126,19111,439672,413646,100343717,98264893,61639220,62315655,256151,237162,2025-05-18 03:02:34
50,20,920,1966,13368,8737,12445,12125,20767,24269,14278,15424,305433,318553,68634918,68940824,43012198,38236656,179893,204345,2025-05-18 03:02:34
50,25,878,1867,13045,13424,12454,13434,20410,19031,13882,8902,286008,293446,65360121,65460281,40646087,39842019,167093,180982,2025-05-18 03:02:34
50,27,1241,2477,18517,18865,17167,19427,27838,25502,16469,10177,382972,362988,87249338,86447424,54872142,59836081,221365,207240,2025-05-18 03:02:34
50,31,1981,4198,29489,31930,29100,27488,42531,50883,28395,21581,653525,582134,146298606,144832077,92137813,76585672,377404,343700,2025-05-18 03:02:34
50,35,900,1837,12188,10261,12146,10650,18800,21731,12557,9549,287049,258884,64338411,62414971,41050383,28125039,165262,159869,2025-05-18 03:02:34
50,52,1189,2401,16046,16062,15466,14633,24034,25875,16787,17085,370242,356984,82340271,82874005,51621844,41953826,214999,221958,2025-05-18 03:02:34
50,58,616,1373,9709,11451,9169,9969,14445,11426,9332,10968,211502,219052,47316436,49380781,29756136,40413412,123036,130945,2025-05-18 03:02:34
50,60,434,829,5565,4609,5464,5375,8426,9031,5934,3334,128023,113047,28126482,26940004,17593014,10077203,74285,72574,2025-05-18 03:02:34
52,1,1534,2928,19820,17561,17269,20428,32726,26098,21287,20377,434416,457138,101096416,99967135,51914637,80751666,269213,249817,2025-05-18 03:02:34
52,2,1560,3356,23007,19733,20236,23210,36450,34149,25984,21258,505571,619163,115024088,119356853,60466688,118106412,314618,363340,2025-05-18 03:02:34
52,3,1290,2654,16784,18340,15864,14304,26429,28310,20151,19330,395385,355609,90100607,90310080,46381500,35038456,242159,223857,2025-05-18 03:02:34
52,4,1428,2954,20031,18258,18076,19141,32378,30312,23032,17218,440625,475453,102675876,103671628,52559076,70402672,275151,280177,2025-05-18 03:02:34
52,6,1280,2571,17825,16574,15576,19082,28804,25316,17090,18413,383006,353077,88371979,84843671,45867099,49490359,237002,206052,2025-05-18 03:02:34
52,7,1423,3022,20006,20473,17347,17247,31418,25790,21167,26833,445074,514624,101955147,108206992,52540117,92699852,277132,307065,2025-05-18 03:02:34
52,8,470,952,6301,3557,5346,6432,10620,9566,6780,8898,143725,143053,33087482,31522001,16304177,17905483,86665,94888,2025-05-18 03:02:34
52,10,1786,3649,23403,20768,22571,22126,39113,44850,26016,26790,532128,505942,123653798,121578125,63842087,59963683,326693,307321,2025-05-18 03:02:34
52,11,966,1971,13164,7351,11522,12342,21454,24431,14565,11775,291090,248272,67580867,63111906,35503468,25216865,179103,151024,2025-05-18 03:02:34
52,12,698,1426,8781,6655,8632,8642,15079,17235,10422,10368,209171,173730,48108835,44902111,24802826,16005588,127660,104305,2025-05-18 03:02:34
52,13,1863,3528,24208,25736,20735,24430,39217,29626,24195,28091,523942,573343,122454452,125339876,65917250,110565398,322762,329008,2025-05-18 03:02:34
52,14,1159,2314,15190,14994,15010,13370,24000,28143,17889,10053,341134,323723,79345491,77673762,40744522,37868222,210154,198541,2025-05-18 03:02:34
52,15,1950,3714,24783,23828,23451,27264,39710,36812,26268,24792,551715,514349,126264866,119150132,65984958,69500617,334757,309194,2025-05-18 03:02:34
52,16,1288,2598,17632,17290,15580,16571,27605,24011,19598,19547,389487,391385,87927949,88904990,44888971,53016403,242597,229360,2025-05-18 03:02:34
52,17,1705,3288,20706,22538,20133,17240,33139,31156,24749,19506,490154,491131,111653757,110606371,58248212,60781430,299220,302881,2025-05-18 03:02:34
52,18,1107,2384,15682,11659,14319,15981,26192,29892,17216,14100,352363,337955,81098827,79659972,42016752,42334292,219173,195216,2025-05-18 03:02:34
52,19,1604,3055,20822,24271,17938,20961,34010,24464,21890,21701,453055,442137,105736591,103210204,54230136,66362262,280992,253767,2025-05-18 03:02:34
52,20,1030,2092,13805,8422,11762,12222,22587,24120,15656,17651,311155,331588,72351124,71451685,37016224,40882219,195076,211490,2025-05-18 03:02:34
52,25,993,2130,14071,14714,13090,14718,23276,20956,16358,11006,313247,332491,73124356,73310467,37662037,44948330,196177,203756,2025-05-18 03:02:34
52,27,1207,2517,17341,18358,16122,17983,28324,24383,18668,10859,370768,368069,86477898,85923292,43387990,61638234,229783,207249,2025-05-18 03:02:34
52,31,2227,4579,31293,32261,28376,29090,47396,52467,33609,25239,686775,628733,157897747,154411577,84568757,81359897,420507,369161,2025-05-18 03:02:34
52,35,979,2000,12374,10111,12177,11067,20750,22482,14861,10692,295228,281498,68030763,65936437,34664588,30374805,182529,170931,2025-05-18 03:02:34
52,50,1212,2401,16062,16046,14633,15466,25875,24034,17085,16787,356984,370242,82874005,82340271,41953826,51621844,221958,214999,2025-05-18 03:02:34
52,58,664,1465,10085,11750,8856,10255,15670,11447,10465,12200,215402,233371,49606113,51282483,25813307,42198091,132965,138940,2025-05-18 03:02:34
52,60,509,1040,6936,5673,6323,6140,10654,10805,8255,4675,155688,143363,35372304,33811938,18270995,13560945,96092,92154,2025-05-18 03:02:34
58,1,1094,1885,16694,12278,13239,13959,15989,17373,15461,12403,302508,294310,68203927,64427644,56054286,50675786,180670,163521,2025-05-18 03:02:34
58,2,1035,2057,17819,12755,14744,14721,16278,22164,17537,12461,329470,369878,71983695,72249111,60148589,71041580,196346,217020,2025-05-18 03:02:34
58,3,722,1402,11166,10657,10142,7799,10344,15713,12215,9883,222090,187046,48832800,48041225,40569045,18945177,130733,118777,2025-05-18 03:02:34
58,4,922,1759,15493,11821,12780,11828,14824,19128,15929,9915,283570,285547,63885041,62490117,52445810,42684096,170893,170250,2025-05-18 03:02:34
58,6,843,1648,14047,11625,12028,12370,13977,17470,12692,11256,258016,218086,57690355,53796586,46624520,31203657,155860,128563,2025-05-18 03:02:34
58,7,945,1796,15542,12556,12078,10962,14564,16400,14418,15498,286467,303792,63657388,64072287,51980268,54893075,173480,183410,2025-05-18 03:02:34
58,8,336,584,4938,2320,3866,3976,4945,5908,4641,5057,92290,87630,20602415,18950368,16349964,11565711,53956,57501,2025-05-18 03:02:34
58,10,1101,2057,16827,12575,15158,13121,16449,26368,16943,14833,321303,279440,71815029,67961227,58491516,34394648,191560,170241,2025-05-18 03:02:34
58,11,677,1310,10477,5650,9513,8346,11048,18302,11044,7711,212362,165815,47257390,43413437,40700994,17168783,126206,102316,2025-05-18 03:02:34
58,12,439,834,6771,4079,5753,5173,6668,10799,6678,5937,129825,98657,28985605,26127970,24489159,9596083,77445,59396,2025-05-18 03:02:34
58,13,1342,2383,21552,17879,16490,17441,19948,21062,18886,18218,379699,375527,84941474,82929672,71625713,71916322,227269,218757,2025-05-18 03:02:34
58,14,616,1137,8993,8194,8931,6781,8906,14380,9781,5003,175393,156895,39236857,37763349,31727007,17879593,104167,96799,2025-05-18 03:02:34
58,15,1153,2131,18138,15260,16512,16549,17695,22921,16791,13265,338845,297672,75237193,69144244,61610000,41521940,198536,178505,2025-05-18 03:02:34
58,16,718,1399,11794,10494,10304,9417,11146,14198,11656,9918,221085,203870,48512996,48007011,39674206,27590309,132316,120148,2025-05-18 03:02:34
58,17,864,1575,12592,11848,11401,8510,11828,15623,13510,9101,247330,230581,54921249,52804192,45794802,28537544,144371,143131,2025-05-18 03:02:34
58,18,758,1534,12355,7863,11020,10399,12657,20324,12326,8950,240486,213622,53116915,50783659,43781058,27378939,144176,124122,2025-05-18 03:02:34
58,19,1118,1952,17155,16994,13661,14002,16257,16759,15863,13503,311641,281663,70349753,66184089,58217175,43937491,186003,161180,2025-05-18 03:02:34
58,20,729,1381,11617,5909,9095,8228,11461,16592,11660,11354,220517,218102,48914788,46765418,40437181,27333405,132917,138439,2025-05-18 03:02:34
58,25,746,1373,11788,9848,9733,9755,11662,14245,11470,6731,216813,210231,49323179,46982417,41159156,28444354,130196,129432,2025-05-18 03:02:34
58,27,831,1543,13324,12422,11650,11416,13345,15723,12356,6407,239697,221304,54394608,52405375,43797802,36485213,142679,125669,2025-05-18 03:02:34
58,31,1480,2838,23878,21999,21345,18267,21857,34138,23097,14654,444950,379201,99149735,94726067,82848246,49321235,262044,223797,2025-05-18 03:02:34
58,35,655,1164,9231,6508,8269,6759,9353,13337,9907,6077,181844,159766,40605119,37849215,33248056,17962713,108857,97397,2025-05-18 03:02:34
58,50,757,1373,11451,9709,9969,9169,11426,14445,10968,9332,219052,211502,49380781,47316436,40413412,29756136,130945,123036,2025-05-18 03:02:34
58,52,801,1465,11750,10085,10255,8856,11447,15670,12200,10465,233371,215402,51282483,49606113,42198091,25813307,138940,132965,2025-05-18 03:02:34
58,60,278,510,4110,3197,3714,3120,3982,5731,4495,2226,81306,69231,17807949,16511791,14998770,6519197,48241,43885,2025-05-18 03:02:34
60,1,596,1150,6896,7451,7083,8190,12732,10722,5101,8270,158345,183642,38085494,39937385,14312854,32083025,102177,101241,2025-05-18 03:02:34
60,2,554,1236,7687,7765,7760,8937,13392,12993,5490,8142,177314,232492,40380637,44533533,16041474,44766396,116160,136848,2025-05-18 03:02:34
60,3,484,964,5224,6543,5806,5502,9601,10430,4455,7165,131201,129969,31067598,32629590,11934084,13044202,83159,81440,2025-05-18 03:02:34
60,4,559,1106,6784,6619,6865,7514,12775,11189,5128,6360,146806,178989,36036844,37952681,13269257,25829925,94591,106220,2025-05-18 03:02:34
60,6,431,931,5503,6218,5729,7033,10444,9358,3917,6620,126254,127950,30070141,30579598,11595143,17583755,81348,75429,2025-05-18 03:02:34
60,7,475,982,6119,6368,5657,6185,11100,8651,4001,8958,134204,171689,32231958,35480664,12903920,29704493,85533,103539,2025-05-18 03:02:34
60,8,168,347,1963,1331,2048,2425,3752,3547,1376,3192,48822,54246,11490726,11597262,4213295,7434751,30822,35478,2025-05-18 03:02:34
60,10,588,1267,7013,7405,8066,7920,14081,15826,5666,9932,173606,182010,41584289,43024850,15182393,21844973,111214,111242,2025-05-18 03:02:34
60,11,334,723,4108,2658,4534,4837,8141,9483,3089,4439,97130,91382,23218136,23170595,9176005,8939423,61464,55412,2025-05-18 03:02:34
60,12,275,548,3122,2287,3315,3500,6125,6914,2406,3995,72962,65721,17723347,17265623,6665596,5685551,46639,40175,2025-05-18 03:02:34
60,13,607,1229,7391,8878,7346,8699,13340,10398,5115,10187,160154,194611,39355300,42340852,14788705,37413547,102847,110865,2025-05-18 03:02:34
60,14,385,791,4193,5275,5098,4738,8620,9657,3661,3604,102590,109769,25160797,26076743,8613802,12455459,66541,67762,2025-05-18 03:02:34
60,15,728,1486,8550,9886,9567,11192,16054,15287,6369,9749,203602,206919,48155141,48072653,18604820,27588215,129883,124223,2025-05-18 03:02:34
60,16,444,891,5439,6073,5561,5965,9521,8448,3812,7336,121723,134472,28661181,30457289,11303081,18016070,78377,79001,2025-05-18 03:02:34
60,17,581,1091,6061,7761,6726,5953,10960,10570,5140,6774,148443,164186,35042049,36748314,13599410,20023157,94396,101222,2025-05-18 03:02:34
60,18,420,884,5060,4359,5390,6481,10265,11178,3612,5379,118801,121839,28360659,28802158,11068746,15141791,76503,70739,2025-05-18 03:02:34
60,19,591,1126,6797,9246,6619,7983,12815,9346,4741,8221,151654,163048,36838123,37700637,13616499,24437487,98363,93290,2025-05-18 03:02:34
60,20,345,788,4401,3249,4373,4611,8453,9250,3661,6759,108109,128505,25687297,26949731,10122015,15752193,70812,81611,2025-05-18 03:02:34
60,25,361,733,4571,5122,4672,5161,7833,7287,3475,3830,99624,114083,23967449,25078695,9427040,14739222,64561,70783,2025-05-18 03:02:34
60,27,452,900,5828,6582,5822,6965,10670,8889,3748,4368,120232,132617,29694573,30884816,11447641,21595616,76627,75008,2025-05-18 03:02:34
60,31,852,1803,10350,13348,11727,11636,18554,21097,7735,10010,242304,247705,58111404,60242658,22520490,31793959,154540,145840,2025-05-18 03:02:34
60,35,394,767,4133,3937,4403,4360,8117,8340,3569,4346,102847,108971,24869394,25267332,9245875,11756140,65778,66789,2025-05-18 03:02:34
60,50,395,829,4609,5565,5375,5464,9031,8426,3334,5934,113047,128023,26940004,28126482,10077203,17593014,72574,74285,2025-05-18 03:02:34
60,52,531,1040,5673,6936,6140,6323,10805,10654,4675,8255,143363,155688,33811938,35372304,13560945,18270995,92154,96092,2025-05-18 03:02:34
60,58,232,510,3197,4110,3120,3714,5731,3982,2226,4495,69231,81306,16511791,17807949,6519197,14998770,43885,48241,2025-05-18 03:02:34
