hero_id1,hero_id2,wins,matches_played,kills1,kills2,deaths1,deaths2,assists1,assists2,denies1,denies2,last_hits1,last_hits2,networth1,networth2,obj_damage1,obj_damage2,creeps1,creeps2,trend_start_date
1,2,216,440,3117,2690,3274,3164,4290,4930,2802,2875,67502,84087,15571039,16119845,12126590,15979990,37165,49105,2025-05-18 03:02:34
1,3,219,470,3208,3381,3230,2629,4486,4974,3384,3516,77092,62323,16483369,16061926,13889483,5926940,42554,39403,2025-05-18 03:02:34
1,4,226,506,3457,3241,3865,3481,5004,5567,3508,2967,81093,82732,18114218,18255008,15355097,12497696,44765,48641,2025-05-18 03:02:34
1,6,228,504,3442,3443,3596,3933,4947,5159,3216,3488,80237,70159,17810282,17064199,14132075,9722355,44099,41689,2025-05-18 03:02:34
1,7,240,444,2729,3131,2935,2589,4066,3955,2960,3755,68044,73897,15048804,15888319,12330329,13433429,36763,43401,2025-05-18 03:02:34
1,8,88,159,1097,600,1108,1035,1526,1890,1054,1503,24220,24580,5795491,5560460,4475933,3132426,13227,16343,2025-05-18 03:02:34
1,10,272,567,4325,3373,4033,3687,5592,7352,3617,4075,94100,78481,20522519,19445758,17813112,8735408,51664,48739,2025-05-18 03:02:34
1,11,173,378,2611,1269,2630,2362,3389,4817,2619,2092,60329,45444,13122979,11950964,10613746,4123429,34299,28270,2025-05-18 03:02:34
1,12,164,358,2596,1530,2387,2150,3198,4526,2311,2583,58356,40439,12372574,11090655,10311445,3493569,32745,25258,2025-05-18 03:02:34
1,13,199,446,2533,3203,3219,3346,4292,3848,2947,3794,69485,72512,15694309,16008185,12393082,13698209,37902,41950,2025-05-18 03:02:34
1,14,155,333,2568,2200,2259,2116,3312,4071,2489,1387,54015,44668,11769832,11134646,9715104,4796868,30144,27606,2025-05-18 03:02:34
1,15,215,527,3449,3325,3711,4035,4836,5176,3873,3332,81078,71492,17566028,16507845,14098019,8612301,44115,43830,2025-05-18 03:02:34
1,16,222,456,2985,3104,3187,2941,3932,4167,3248,3657,72270,66977,15379931,15282980,12575206,8531494,40069,39331,2025-05-18 03:02:34
1,17,252,532,3835,3870,3790,3000,5219,5268,4311,3256,84319,80318,18733752,18109021,16078742,9982715,46344,48773,2025-05-18 03:02:34
1,18,210,454,3231,2219,3243,3132,4189,5762,3317,2744,69851,63250,15546977,15053980,12117563,7774780,38501,37032,2025-05-18 03:02:34
1,19,263,593,3637,5163,4322,4197,5758,5005,4256,3979,93262,87198,20604070,20459688,16831931,13470608,51939,48959,2025-05-18 03:02:34
1,20,182,376,2456,1509,2652,2262,3245,4513,2434,2941,58853,58494,13045201,12730188,10838416,7513873,32297,36343,2025-05-18 03:02:34
1,25,161,352,2113,2420,2509,2539,3214,3331,2386,1768,51827,54252,11717643,11784717,9236581,6786207,28339,33209,2025-05-18 03:02:34
1,27,177,381,2730,2927,2838,2883,3711,3831,2922,1621,61936,56861,13594577,13289453,10907980,9362247,34395,31910,2025-05-18 03:02:34
1,31,324,691,4816,4878,5015,4706,7093,8398,4774,3930,111764,96129,24583614,23672003,19699959,11786881,62547,57026,2025-05-18 03:02:34
1,35,191,433,2970,2193,3047,2573,4088,4958,3055,2554,71715,61453,15550406,14700394,13307853,6448903,39348,38444,2025-05-18 03:02:34
1,50,169,389,2654,2678,2813,2633,3808,4141,2722,2589,63344,59801,13794890,13538968,11367901,8165536,35105,34424,2025-05-18 03:02:34
1,52,214,416,2796,2704,2757,2507,3970,4323,3097,3143,67664,62320,14555700,14194255,12716989,7342693,36426,38057,2025-05-18 03:02:34
1,58,119,232,1429,1937,1628,1608,2259,1771,1545,1796,36093,35153,7885584,7902868,6252265,6150539,19499,21400,2025-05-18 03:02:34
1,60,77,167,1174,936,1198,1033,1489,1782,1185,697,27390,21968,5794197,5278367,5062458,2091737,15010,13805,2025-05-18 03:02:34
2,3,266,491,3030,3849,3393,2883,5522,5161,3040,3583,92368,60933,17564286,16745202,18006483,6059441,53720,38971,2025-05-18 03:02:34
2,4,314,549,3434,3427,3866,3676,5589,5709,3403,3102,102546,82791,19790303,18805578,20515002,11849796,59835,49169,2025-05-18 03:02:34
2,6,346,668,4332,4862,4610,5085,7184,6938,3886,4607,124019,88246,23920508,22060345,23551536,12711646,73155,50909,2025-05-18 03:02:34
2,7,239,419,2496,2963,2927,2572,4357,3781,2570,3585,75457,68538,14765786,14834084,14002457,11890549,44462,40341,2025-05-18 03:02:34
2,8,65,140,838,534,1110,1050,1350,1426,836,1282,24889,20752,5122954,4718280,5059089,2935005,14683,13534,2025-05-18 03:02:34
2,10,488,869,6468,5446,5995,5460,9634,11165,5199,6091,167151,119297,32546483,29780069,32515687,14803283,98785,72596,2025-05-18 03:02:34
2,11,178,358,2396,1370,2526,2442,3634,4489,2271,1972,64405,41612,12767478,11256918,12218458,4178364,38216,24872,2025-05-18 03:02:34
2,12,186,355,2585,1693,2265,2125,3707,4488,2206,2382,67209,39047,12791099,10802640,13039107,3150736,39653,23848,2025-05-18 03:02:34
2,13,304,571,3239,4543,4222,4105,6066,5036,3409,4779,102832,87935,19997876,19980765,19719267,17450750,59569,49274,2025-05-18 03:02:34
2,14,319,566,4562,4179,3487,3426,6463,7235,4268,2478,110394,74548,21213883,18737584,23077758,8928889,64286,44701,2025-05-18 03:02:34
2,15,423,769,5378,5413,5117,5660,8554,8193,4890,5152,147696,102646,28155975,25152961,28485934,13631540,85731,62260,2025-05-18 03:02:34
2,16,259,498,3012,3440,3458,3207,5029,4732,2987,3477,90630,69656,17053503,16369204,16814581,8911526,53191,41132,2025-05-18 03:02:34
2,17,310,560,3588,4157,3897,3044,6131,5425,3637,3448,104876,78113,19978871,18628405,20902794,9483747,60603,48208,2025-05-18 03:02:34
2,18,308,541,4053,2747,3694,3924,5746,7169,3421,2848,101276,71148,19772081,17733928,20048073,8668547,58750,41611,2025-05-18 03:02:34
2,19,318,617,3684,5358,4288,4516,6833,5162,3826,4212,113019,86443,21905930,20678142,20896036,12823216,67421,48789,2025-05-18 03:02:34
2,20,200,384,2323,1718,2779,2378,3850,4574,2268,3043,67539,57508,13679633,12937414,13386448,6795955,39136,36465,2025-05-18 03:02:34
2,25,215,417,2618,2984,3125,3208,4760,4208,2513,2065,74683,62005,15070451,14314977,14306080,7885986,43785,38214,2025-05-18 03:02:34
2,27,276,487,3166,3854,3361,3722,5547,4905,3186,1878,88752,67082,17465794,16475658,16757741,11250864,53049,37129,2025-05-18 03:02:34
2,31,578,1042,6918,7985,7271,6947,11912,12220,6801,5494,197709,136879,38010487,35202355,37985643,17589753,116316,80650,2025-05-18 03:02:34
2,35,246,425,2879,2328,2914,2530,4550,4823,2663,2433,79506,54533,15293082,13735055,15384420,6195345,47003,32731,2025-05-18 03:02:34
2,50,217,427,2806,2979,3269,3088,4633,4465,2691,3069,80335,63037,15634333,14660863,15659072,8797940,47719,35909,2025-05-18 03:02:34
2,52,276,490,3144,3279,3238,2902,5218,5191,2940,3305,90433,67877,17434090,16274344,17928290,8318983,52854,41317,2025-05-18 03:02:34
2,58,165,269,1478,2280,1873,1958,3030,2240,1771,2215,48069,41756,9481832,9429578,9251987,7820188,28260,24509,2025-05-18 03:02:34
2,60,117,213,1523,1266,1499,1370,2089,2269,1508,835,42696,26377,7835233,6859785,8524472,2612094,24834,16815,2025-05-18 03:02:34
3,4,311,565,4463,4097,3265,3766,6745,6435,3743,3472,72355,95388,19665714,20388767,7396808,15304360,45803,56346,2025-05-18 03:02:34
3,6,322,620,4716,4587,3457,4553,7103,6698,4230,4793,79820,89697,20989201,20598587,7467959,12387978,50458,53162,2025-05-18 03:02:34
3,7,237,443,3006,3086,2467,2460,4585,3978,2784,4250,53590,76320,14302910,15562061,4890097,13213617,34389,45598,2025-05-18 03:02:34
3,8,53,90,637,376,467,600,1019,1009,549,835,10813,14554,3169987,3127536,1123060,2305037,6813,9536,2025-05-18 03:02:34
3,10,299,571,4876,3464,3126,3694,6665,7613,3875,4267,74353,78420,19757301,18721812,6881772,9010024,47948,48589,2025-05-18 03:02:34
3,11,138,284,2249,1238,1588,1977,3270,3906,2099,1837,39197,37632,10157311,9358586,3976598,3864151,25368,23134,2025-05-18 03:02:34
3,12,113,228,1821,1198,1251,1403,2677,2929,1526,1616,29718,27841,7673985,7089790,2887910,2761049,18973,17129,2025-05-18 03:02:34
3,13,204,398,2790,3037,2330,3017,4459,3722,2774,3216,50738,65957,13857620,14255739,4896916,13660846,32347,37097,2025-05-18 03:02:34
3,14,251,485,4156,3350,2606,2865,5822,6373,3354,2222,62493,68423,16576250,15882366,5902896,7628147,41215,41969,2025-05-18 03:02:34
3,15,295,582,5028,4057,3087,4131,6484,6518,4520,4143,75099,80039,19733613,18283703,7128222,10230146,48624,48240,2025-05-18 03:02:34
3,16,248,450,3620,3416,2596,2838,4979,4827,3088,3276,60671,71246,15540660,15690129,5918967,9531238,38257,42090,2025-05-18 03:02:34
3,17,198,426,3160,2920,2562,2306,4675,4407,3282,2714,55336,63708,14285587,14180904,5369747,7375949,35874,39977,2025-05-18 03:02:34
3,18,274,513,4269,2379,3016,3496,5617,7338,4010,3114,69066,71884,18031661,17106412,6889253,8643757,43499,43001,2025-05-18 03:02:34
3,19,303,588,4433,4990,3197,3988,6929,5399,4232,4166,74678,87690,20023983,19828086,6781026,13193772,48217,50678,2025-05-18 03:02:34
3,20,146,268,1958,1268,1559,1542,2963,3245,1696,2230,33017,43662,9017520,8972283,3156901,5564509,21404,27530,2025-05-18 03:02:34
3,25,241,467,3599,3481,2642,3336,5481,5141,3222,2555,59774,75397,16132161,16307105,5963582,9916990,37586,46920,2025-05-18 03:02:34
3,27,260,507,3991,3839,2905,3508,5962,5292,3792,2312,66075,76821,17435963,17498212,6247774,12972540,42188,43608,2025-05-18 03:02:34
3,31,396,751,5785,5461,4070,4673,8928,9329,5757,4195,102272,104249,25911250,25194920,10082890,13419386,64744,61323,2025-05-18 03:02:34
3,35,199,403,3128,2407,2253,2274,4714,5098,2602,2111,55491,59248,14086996,13810678,5644715,7238527,34585,36923,2025-05-18 03:02:34
3,50,206,407,2982,2924,2423,2659,4747,4426,2852,2777,54104,64049,13956515,14014287,5234493,9272640,34596,36827,2025-05-18 03:02:34
3,52,259,514,3854,3537,2893,3038,5573,5643,3499,3955,69072,78481,17549218,17646690,6827666,8935519,44259,48607,2025-05-18 03:02:34
3,58,101,184,1398,1599,986,1239,2017,1517,1237,1605,23667,27794,6124419,6139507,2174787,5323811,14652,16829,2025-05-18 03:02:34
3,60,91,173,1405,1072,1021,1110,2044,2099,1303,735,24285,23852,6183859,5634051,2658851,2223826,15651,15264,2025-05-18 03:02:34
4,6,276,533,3635,3675,3579,4141,5748,5786,2848,3892,86564,74357,19170586,18170137,13351938,11197346,51056,42560,2025-05-18 03:02:34
4,7,323,577,3560,4263,3865,3586,6221,5356,2832,4787,89733,100871,20588255,21517188,13817305,18882149,53136,59823,2025-05-18 03:02:34
4,8,95,171,1222,631,1118,1233,1722,2008,889,1426,26826,24727,6141217,5712868,4175935,3392754,15809,16089,2025-05-18 03:02:34
4,10,390,719,5540,4662,4672,4648,8007,9873,3701,5157,118505,96691,26009937,24546588,17884751,11833378,70336,59374,2025-05-18 03:02:34
4,11,221,386,2743,1414,2387,2432,4054,5417,2184,2144,64585,45467,13931563,12513480,10046595,4646051,38542,27457,2025-05-18 03:02:34
4,12,205,403,3186,2018,2638,2669,4281,5428,2373,2859,68882,46440,14731286,12869537,10809704,4275586,41132,28305,2025-05-18 03:02:34
4,13,270,532,3387,4352,3566,3933,6012,4872,2900,4014,84797,85287,19187910,19395052,12472530,17614360,50671,48624,2025-05-18 03:02:34
4,14,284,559,4453,4026,3520,3443,6445,7251,3290,2354,90836,75429,19940343,18717794,13805334,8458148,54224,46837,2025-05-18 03:02:34
4,15,319,672,4614,4738,4318,5192,7351,6987,4203,4542,108081,93527,23531208,21893569,16458415,12805031,63416,56320,2025-05-18 03:02:34
4,16,265,478,3095,3609,3174,3218,5116,4889,2794,3309,78077,68416,16771229,16718775,11431163,9965537,46298,39729,2025-05-18 03:02:34
4,17,283,562,3689,4386,3811,3283,6263,5849,3213,3330,88888,80253,19441479,19050201,13158091,10202668,52463,49137,2025-05-18 03:02:34
4,18,281,514,3701,2667,3396,3678,5513,6956,3072,2976,84438,70292,18335576,17409922,12549024,9121379,49280,40816,2025-05-18 03:02:34
4,19,346,698,4473,6383,4751,5107,7950,6295,3829,4737,114807,102478,25082931,24382634,17487775,16118409,68551,58384,2025-05-18 03:02:34
4,20,195,357,2544,1682,2345,2125,3603,4500,1952,2945,57064,55126,12856756,12286795,9190130,7120688,33312,34495,2025-05-18 03:02:34
4,25,233,410,2780,3128,2594,2899,4569,4284,2122,2071,64698,64265,14731140,14545462,10382055,8917490,37884,39904,2025-05-18 03:02:34
4,27,224,408,2805,3293,2827,3087,4601,4175,2291,1598,64714,59389,14358216,14120204,9696444,10212341,38362,33325,2025-05-18 03:02:34
4,31,505,939,6480,7713,6156,6145,11096,11443,5624,5252,154700,128483,33749170,32638331,23040396,16880743,92148,75806,2025-05-18 03:02:34
4,35,242,485,3538,2692,3008,2679,5216,6001,2817,2472,79456,66475,17506371,16337683,12508647,7671811,46858,40385,2025-05-18 03:02:34
4,50,244,487,3387,3628,3319,3279,5480,5171,2812,3492,81179,76562,17833489,17361097,11974586,10998303,48880,44081,2025-05-18 03:02:34
4,52,225,467,2911,3232,3052,2856,4771,4890,2721,3188,72912,66757,15753856,15696573,10372922,7454087,43573,41541,2025-05-18 03:02:34
4,58,127,238,1484,2078,1612,1805,2723,1970,1317,1753,37882,35548,8335989,8346776,5986924,6792841,21795,21494,2025-05-18 03:02:34
4,60,93,186,1413,1135,1089,1091,1888,2213,1097,789,32938,23948,6962850,6134199,5845276,2303386,19217,15073,2025-05-18 03:02:34
6,7,290,539,3596,3846,4207,3112,5546,5190,3353,4469,71768,94382,18063698,20005146,10368528,17205122,41789,56213,2025-05-18 03:02:34
6,8,87,169,1192,692,1298,1139,1674,1872,988,1469,22061,24457,5717252,5676502,3119730,2878670,13126,16735,2025-05-18 03:02:34
6,10,331,697,5422,4204,5389,4360,7524,9107,4704,4821,95932,97465,23662160,23887050,13466935,10804355,57227,60428,2025-05-18 03:02:34
6,11,176,339,2366,1360,2447,2135,3425,4402,2083,1876,45587,40461,11162596,10732600,6214191,3943725,27588,25089,2025-05-18 03:02:34
6,12,154,278,2315,1399,1997,1706,3103,4009,1908,1869,40811,31141,9611490,8969274,5602237,2884706,24050,18607,2025-05-18 03:02:34
6,13,254,589,3716,4417,4729,4191,6015,5300,4002,4631,76324,93059,19065837,20561697,9861291,17544926,45678,53877,2025-05-18 03:02:34
6,14,293,553,4469,4113,3872,3133,6437,7017,4010,2271,80206,78519,19026864,18944272,11408221,8921002,47890,48538,2025-05-18 03:02:34
6,15,409,844,6420,5960,6300,6406,8985,9099,6330,5170,118474,114706,28256303,27366156,16755989,15456045,69747,68764,2025-05-18 03:02:34
6,16,199,386,2655,2901,2939,2545,3835,3876,2773,2644,55111,57849,12832088,13533662,7880540,7727778,32175,34200,2025-05-18 03:02:34
6,17,276,536,3950,4197,4145,2901,5894,5578,4174,3032,76082,81656,17953509,18490781,11168074,10253888,43560,50567,2025-05-18 03:02:34
6,18,220,458,3435,2293,3535,3241,4696,6021,2790,2780,61709,59842,15130641,14856931,7811522,7298030,37015,35580,2025-05-18 03:02:34
6,19,193,455,2539,3642,3577,3300,4768,3767,3024,3134,60844,65436,14720614,15273385,8724100,9888402,35415,37502,2025-05-18 03:02:34
6,20,144,292,1872,1304,2307,1719,2940,3482,1885,2279,38521,45832,9533080,9924118,5499887,5961146,22365,28727,2025-05-18 03:02:34
6,25,257,427,3036,3169,3055,2882,4765,4455,2822,2276,54779,66008,14005096,14687377,7805921,8862398,31446,41200,2025-05-18 03:02:34
6,27,216,424,2869,3256,3310,3140,4506,4236,3048,1915,57753,63960,13917944,14594014,8118851,10486139,33462,35962,2025-05-18 03:02:34
6,31,509,974,7219,7490,7220,6050,11268,12193,7264,5134,132435,129676,32264716,32528842,17883617,16667850,77388,76629,2025-05-18 03:02:34
6,35,175,370,2746,2040,2719,2083,3789,4337,2585,1759,51666,52648,12490919,12399865,7555619,5829329,30628,32104,2025-05-18 03:02:34
6,50,222,446,3077,3092,3442,2955,4840,5021,3256,2836,62404,69906,15293245,15789678,8806051,10292105,37106,40013,2025-05-18 03:02:34
6,52,247,509,3545,3347,3791,3009,4945,5361,3866,3574,70020,74782,16436277,17043698,10108922,8250447,40238,46750,2025-05-18 03:02:34
6,58,100,192,1189,1608,1415,1381,2087,1608,1216,1469,25673,29499,6319514,6730293,3439833,5306578,14964,18060,2025-05-18 03:02:34
6,60,104,219,1656,1207,1696,1371,2130,2365,1689,847,31430,29143,7207037,6945542,4540387,2439535,18230,18812,2025-05-18 03:02:34
7,8,44,90,506,289,541,613,708,846,732,880,13494,11249,2970755,2672975,2273474,1317789,8163,7646,2025-05-18 03:02:34
7,10,372,701,5688,3883,3965,4597,6600,9063,5983,4637,122101,88808,25986157,22872654,22685088,9542471,74222,54564,2025-05-18 03:02:34
7,11,232,429,3475,1422,2347,2647,3730,5815,3746,2349,75192,49561,15848520,13677795,13763647,4685736,45986,30043,2025-05-18 03:02:34
7,12,201,350,2911,1405,1893,2135,3004,4624,2860,2303,61816,36908,12840400,10704306,11434309,3383239,37160,22459,2025-05-18 03:02:34
7,13,209,433,2758,3199,2700,3179,4021,3773,3532,3159,70541,66216,15265831,15050769,12560600,12876618,41838,37785,2025-05-18 03:02:34
7,14,292,504,4718,3433,2743,3210,5090,6804,4832,2007,93004,65803,19479234,17001366,18034725,7665250,55960,40216,2025-05-18 03:02:34
7,15,261,560,4223,3569,3362,4358,4999,5703,5455,3915,97013,73096,20111180,17661724,17389348,9601850,57310,44220,2025-05-18 03:02:34
7,16,274,513,3818,3550,2950,3290,4435,4995,4672,4031,92128,74228,18620462,17682040,16239503,10019135,54714,44231,2025-05-18 03:02:34
7,17,268,506,3622,3533,2969,2766,4663,4980,4588,2990,87544,70581,17868006,16520129,16159215,8397400,52416,43502,2025-05-18 03:02:34
7,18,318,598,4875,2637,3380,4105,5216,7893,5416,3372,100549,73519,21440472,19051810,17880990,8660106,59946,42423,2025-05-18 03:02:34
7,19,335,619,4206,4989,3743,4465,5895,5394,5230,4293,104133,86536,22359147,20968599,19635677,13458914,61200,48704,2025-05-18 03:02:34
7,20,164,289,2099,1114,1727,1797,2488,3470,2302,2213,49442,44884,10762062,9910075,9606883,5345807,29407,28905,2025-05-18 03:02:34
7,25,187,366,2519,2429,2150,2560,3316,3543,2947,1725,59307,53149,13001721,12226344,11466387,6887226,34606,33486,2025-05-18 03:02:34
7,27,248,469,3514,3540,2946,3661,4619,4915,4648,1838,82702,65672,17518057,16242798,14854218,11175829,49432,36515,2025-05-18 03:02:34
7,31,464,853,6303,5978,5087,5653,8537,10239,7096,4713,148529,111711,31155701,28396383,27044328,14406381,88665,65360,2025-05-18 03:02:34
7,35,223,404,3002,2021,2354,2366,3717,4877,3557,2046,71601,52605,15102269,13386727,13592916,5785849,42527,32112,2025-05-18 03:02:34
7,50,215,434,3062,2894,2585,2972,3852,4140,3547,2827,75151,63939,15703760,14603451,14048837,9106807,45468,36748,2025-05-18 03:02:34
7,52,242,432,3006,2701,2364,2511,3845,4550,3870,2965,76233,61561,15450741,14445333,14111420,7429239,45327,37981,2025-05-18 03:02:34
7,58,99,179,1173,1441,1075,1306,1732,1548,1474,1367,28975,27073,6342458,6132363,5230790,5213974,17304,15598,2025-05-18 03:02:34
7,60,131,238,1745,1227,1409,1563,2144,2650,2321,969,42848,28605,8790905,7576016,7972336,2298897,25746,18720,2025-05-18 03:02:34
8,10,63,135,568,742,1047,969,1459,1654,1191,907,19891,16816,4424531,4421256,2405728,2258481,13023,10243,2025-05-18 03:02:34
8,11,45,95,445,327,677,634,913,1138,855,557,14984,11351,3261802,3111210,1858819,1142674,9994,7042,2025-05-18 03:02:34
8,12,53,93,415,477,559,519,1049,1210,890,592,15182,10359,3188426,2976209,2110997,1348124,9763,6126,2025-05-18 03:02:34
8,13,71,155,565,1193,1076,1141,1636,1227,1394,1300,22355,22561,5136573,5396592,2797039,4404498,14892,12906,2025-05-18 03:02:34
8,14,37,78,370,510,533,486,799,867,638,317,11500,9922,2466392,2449883,1459576,1171708,7772,6218,2025-05-18 03:02:34
8,15,84,177,762,1218,1257,1383,1861,1721,1495,1105,26289,23882,5845621,5764740,3492708,3485228,17307,14133,2025-05-18 03:02:34
8,16,51,98,374,700,667,656,1069,965,796,668,14405,12839,3122004,3338389,1817808,1804793,9591,7490,2025-05-18 03:02:34
8,17,50,134,513,856,1056,806,1338,1286,1124,828,20795,18721,4492987,4564421,2797990,2277710,13793,11756,2025-05-18 03:02:34
8,18,79,172,762,781,1136,1190,1795,2093,1416,878,25875,22479,5571391,5608725,3358613,2984188,16949,12692,2025-05-18 03:02:34
8,19,73,154,567,1366,1046,1092,1831,1331,1407,1018,24365,21900,5369874,5482094,3179078,3558437,16168,12658,2025-05-18 03:02:34
8,20,53,102,363,496,700,618,1053,1148,899,801,14642,15018,3420990,3571899,1688588,2438516,10023,9123,2025-05-18 03:02:34
8,25,81,161,627,1139,1170,1095,1711,1517,1279,751,21643,22790,5028426,5258760,2721956,3178470,14255,14149,2025-05-18 03:02:34
8,27,50,95,332,707,726,725,1077,891,868,383,14723,13601,3257994,3379667,1949148,2640880,9634,7527,2025-05-18 03:02:34
8,31,97,223,1028,1667,1553,1496,2321,2352,2042,1199,34645,28467,7492893,7466769,4153398,3461660,23376,17052,2025-05-18 03:02:34
8,35,61,120,436,582,777,690,1285,1347,1015,610,18535,15273,4008380,3950656,2356864,1620739,12625,9570,2025-05-18 03:02:34
8,50,51,103,415,695,774,735,1081,962,902,736,15360,14657,3399292,3443436,2097628,2174888,10046,8505,2025-05-18 03:02:34
8,52,46,108,451,720,771,671,1119,1101,1107,802,16708,15672,3615588,3741611,2267991,1763192,11022,9829,2025-05-18 03:02:34
8,58,55,115,388,952,818,824,1246,796,915,746,16139,16563,3629126,3875944,2144727,3006959,10684,10177,2025-05-18 03:02:34
10,11,190,403,2533,1854,2617,2675,5088,5590,2895,2287,58064,51058,13620619,13147300,7145850,5614861,35683,31131,2025-05-18 03:02:34
10,12,163,312,2109,1690,1832,1887,3867,4024,2254,2080,44348,39185,10603106,10100851,5631939,3855111,27337,23303,2025-05-18 03:02:34
10,13,315,673,3564,5866,4434,4759,8532,5869,4866,5152,87863,109812,22218136,24368102,10005096,21993154,53787,63770,2025-05-18 03:02:34
10,14,309,603,4177,4681,3734,3571,8244,7479,4374,2542,82457,88663,20111249,20588007,9449658,10375588,50515,55092,2025-05-18 03:02:34
10,15,359,777,4901,5905,4842,5887,9681,8049,5835,5196,109003,108847,25762464,25288558,13003954,14226808,66312,66649,2025-05-18 03:02:34
10,16,335,657,3902,5220,4221,4214,8285,6693,4806,4627,89301,99681,21606801,23135240,9925295,13301223,55228,59141,2025-05-18 03:02:34
10,17,352,723,4266,5800,4652,3970,9334,7355,5028,3910,98795,103059,23563594,24194684,11193854,12952989,60995,64640,2025-05-18 03:02:34
10,18,299,577,3773,3043,3703,3972,7241,7660,4174,3215,80258,83752,19675900,19707484,9862343,10446597,49138,49813,2025-05-18 03:02:34
10,19,370,787,4322,7261,5085,5574,10425,6847,5340,5248,107164,117911,26430418,27239940,12582827,18476295,65720,67895,2025-05-18 03:02:34
10,20,187,362,2275,1786,2239,2154,4284,4327,2595,3036,50190,57926,12220662,12402165,6018921,7843811,31048,36117,2025-05-18 03:02:34
10,25,328,624,3720,5247,4186,4397,8452,6312,4372,3134,79648,99676,20601956,22146072,9719726,14024041,47859,62181,2025-05-18 03:02:34
10,27,311,607,3891,5049,3808,4450,8450,6441,4468,2514,83716,91566,20883248,21488100,9833542,15484692,51874,52306,2025-05-18 03:02:34
10,31,574,1067,7023,9233,6502,6673,14742,13066,7917,6082,152671,147891,36318821,36549619,18507312,18896074,93969,87670,2025-05-18 03:02:34
10,35,275,563,3768,3406,3468,3281,7269,6927,4125,2669,76912,77502,18952039,18803980,8945326,8779297,46823,47798,2025-05-18 03:02:34
10,50,290,587,3687,4791,3710,3686,7677,6174,4280,4021,84946,90427,19957701,20558316,9861541,12485386,52046,53577,2025-05-18 03:02:34
10,52,419,776,4580,6027,4815,4456,9839,8335,5609,5332,105935,116790,25523119,26942820,12488329,14332217,65849,72856,2025-05-18 03:02:34
10,58,158,282,1578,2777,1664,1913,3618,2337,1948,2301,37428,42646,9113690,9727806,4251289,8220437,22552,25384,2025-05-18 03:02:34
10,60,120,224,1511,1547,1308,1266,2847,2486,1605,966,31446,28933,7317259,7087033,3545253,2561333,19555,18450,2025-05-18 03:02:34
11,12,44,96,435,494,629,627,1215,1223,583,611,12708,12490,3152606,3132189,1359391,1261632,7976,7778,2025-05-18 03:02:34
11,13,214,454,1618,3740,3071,3142,6045,3881,2608,3463,53452,71155,14346961,15855703,5185391,13294615,33059,42192,2025-05-18 03:02:34
11,14,133,266,1297,1897,1646,1582,3793,3330,1857,1118,36245,39725,9028017,9352539,3735975,5136687,22362,24491,2025-05-18 03:02:34
11,15,266,543,2327,4124,3388,4026,7151,5479,3452,3579,69186,77436,17262933,17627129,7196516,10888992,42505,46023,2025-05-18 03:02:34
11,16,164,280,1176,2239,1826,1788,3792,3005,1788,1990,36113,42491,9190122,10089314,3634916,5902823,21969,25020,2025-05-18 03:02:34
11,17,143,300,1158,2219,1996,1642,4087,2953,1762,1628,38624,45442,9557769,10291285,3933112,6035918,23369,28106,2025-05-18 03:02:34
11,18,125,252,1077,1317,1656,1816,2993,2877,1339,1277,33366,36683,7986034,8312412,3399083,5123334,19729,21192,2025-05-18 03:02:34
11,19,235,471,1603,4508,3197,3342,6728,4174,2274,3068,59560,71885,15691327,16883773,6292177,11464174,36061,41826,2025-05-18 03:02:34
11,20,96,184,723,997,1258,1128,2310,2024,977,1512,21093,29074,5818997,6260680,2469519,3905149,12771,18508,2025-05-18 03:02:34
11,25,162,308,1222,2454,2096,2192,4238,3079,1720,1415,36521,50573,10062495,11067043,4095146,6796295,22254,32003,2025-05-18 03:02:34
11,27,165,332,1278,2617,2140,2402,4702,3382,2083,1380,38682,48448,10588427,11252426,3717480,8046351,24263,27522,2025-05-18 03:02:34
11,31,329,645,2660,5046,3892,4104,9197,7819,3969,3222,81039,86676,20910048,21628723,8222737,10936163,50153,51761,2025-05-18 03:02:34
11,35,120,251,912,1450,1553,1390,3374,2805,1405,1145,31166,35090,8070171,8359299,3171806,3892531,19383,22140,2025-05-18 03:02:34
11,50,124,273,1062,1934,1746,1857,3369,2734,1793,1786,33971,41090,8687996,9276534,3121779,5668333,21012,24048,2025-05-18 03:02:34
11,52,138,300,1154,2167,2011,1820,3861,3045,1807,2099,37945,45418,9484917,10449106,3874884,5498728,23477,28803,2025-05-18 03:02:34
11,58,89,174,522,1498,1109,1265,2398,1363,952,1301,19265,28935,5452652,6209557,1746808,5116638,11905,17448,2025-05-18 03:02:34
11,60,42,83,337,483,590,583,1020,821,528,342,10772,10948,2594585,2598492,1092887,991581,6681,7051,2025-05-18 03:02:34
12,13,172,400,1653,3275,2499,2766,5051,3380,2708,3246,45600,64763,12294794,14005353,3971576,11873695,28522,38199,2025-05-18 03:02:34
12,14,90,210,1221,1621,1274,1186,2828,2634,1459,940,24949,30612,6542567,7081244,2140767,3396498,15445,19552,2025-05-18 03:02:34
12,15,176,361,1892,2813,2169,2604,4720,3761,2522,2373,44842,49576,11091510,11400911,4085962,6527792,26987,29997,2025-05-18 03:02:34
12,16,139,275,1444,2285,1762,1806,3684,2740,2209,2229,33015,43498,8848259,9935789,2836084,5550663,20901,25890,2025-05-18 03:02:34
12,17,110,238,1173,1882,1602,1278,3020,2351,1748,1558,27817,36843,7392295,8126544,2522079,4646549,17155,22973,2025-05-18 03:02:34
12,18,89,178,976,983,1248,1152,2334,2348,1142,1077,22443,25982,5791444,6101146,2045109,3305107,13802,15375,2025-05-18 03:02:34
12,19,244,505,1967,4938,3019,3167,7060,4252,3234,3590,54400,74322,15520305,17179332,4787389,11658826,33410,43272,2025-05-18 03:02:34
12,20,94,177,995,1005,1228,995,2185,2202,1029,1614,21240,28681,5761017,6302648,2306399,3985593,12946,18101,2025-05-18 03:02:34
12,25,132,246,1200,2074,1411,1506,3688,2544,1647,1124,27784,42170,8144778,9039874,2815319,6038490,17038,25753,2025-05-18 03:02:34
12,27,183,354,1734,3320,2295,2408,5070,3723,2586,1564,43226,56427,11408778,12720723,3822598,9943972,26248,31607,2025-05-18 03:02:34
12,31,147,314,1434,2367,1870,1924,4168,3566,2052,1696,38927,42962,9857093,10482143,3609791,5010433,23715,26136,2025-05-18 03:02:34
12,35,70,146,651,908,938,839,1834,1550,1066,691,16594,21228,4468772,4769957,1322353,2564208,10230,13149,2025-05-18 03:02:34
12,50,104,225,1098,1887,1511,1411,2982,2314,1497,1327,27186,36474,7204120,7935686,2597009,5242795,16722,21127,2025-05-18 03:02:34
12,52,118,260,1070,2007,1582,1448,3238,2662,1739,1863,30205,39969,7882685,8970482,2747845,4935897,18583,24549,2025-05-18 03:02:34
12,58,128,221,1002,2319,1422,1524,3172,1832,1282,1818,22454,37524,6868621,8058204,2118187,7727318,13879,21807,2025-05-18 03:02:34
12,60,47,90,488,578,571,541,1181,1094,622,356,11601,12190,3027906,3034371,1089517,1235073,7268,7846,2025-05-18 03:02:34
13,14,195,422,3831,2544,2986,2613,4054,5611,3404,1930,70448,55998,15406015,14187112,13966030,6226779,40453,35030,2025-05-18 03:02:34
13,15,314,732,5697,4421,5351,5841,6289,7392,5757,4836,117405,95290,25162558,22743857,23257006,11559453,66579,58539,2025-05-18 03:02:34
13,16,273,531,4120,3480,3654,3479,4506,5124,4405,4070,88414,75838,18680078,18005555,17424758,10040923,50142,44490,2025-05-18 03:02:34
13,17,289,647,4811,4464,4711,3475,5799,6417,5285,3958,107681,91287,22785851,21597196,21295074,11095574,61419,57268,2025-05-18 03:02:34
13,18,286,626,5192,2632,4425,4390,5169,8220,4713,3680,97504,80628,21694674,20275472,18268651,9692434,57807,46505,2025-05-18 03:02:34
13,19,259,538,3793,4163,3855,3952,4900,4696,4017,3528,88402,74196,19201749,18168486,17484645,10541081,50965,42894,2025-05-18 03:02:34
13,20,145,310,2326,1170,2305,1845,2562,3724,2212,2430,47433,48212,10867455,10557927,8922760,5854722,27381,30918,2025-05-18 03:02:34
13,25,231,454,3503,3050,3261,3488,4227,4847,3269,2201,70994,68143,16348534,15716556,14141603,9059189,40813,41817,2025-05-18 03:02:34
13,27,208,461,3516,3068,3431,3576,4272,4649,3650,2104,71661,64015,15914546,15227512,13504407,10186049,41548,36445,2025-05-18 03:02:34
13,31,469,958,7910,6794,6986,6583,8976,11688,7594,5405,159321,128197,34957093,32599722,31863894,16614203,91288,75600,2025-05-18 03:02:34
13,35,173,389,3109,1741,2823,2321,3399,4578,3009,1849,61840,50119,13783695,12543751,12138639,5510886,36223,30408,2025-05-18 03:02:34
13,50,171,371,2840,2206,2575,2526,3157,3866,2811,2561,61864,54062,13338477,12576620,12342647,7578414,35220,30783,2025-05-18 03:02:34
13,52,209,438,3275,2620,3236,2793,3893,4823,3267,2941,70801,61503,15445604,14899397,13634455,7378521,40758,38210,2025-05-18 03:02:34
13,58,96,194,1308,1452,1473,1483,1658,1504,1480,1683,29661,29275,6571694,6642153,5671968,5356345,16373,17557,2025-05-18 03:02:34
13,60,86,170,1353,855,1217,1127,1507,1848,1520,726,28408,22621,6179392,5552336,5434947,1998479,16233,14704,2025-05-18 03:02:34
14,15,239,516,3960,4156,2916,3655,6366,5749,2375,3452,74290,73265,17286844,16743774,8692082,9067432,45615,45234,2025-05-18 03:02:34
14,16,296,570,3994,4890,3421,3442,7020,6187,2454,4282,80586,87424,18981425,20263987,8784960,11901889,49781,52159,2025-05-18 03:02:34
14,17,270,586,4144,5003,3456,2990,7513,6171,2513,3295,81344,89185,19286035,19927798,9147228,10641848,50971,56728,2025-05-18 03:02:34
14,18,257,469,3734,2605,2654,3064,5525,6595,2184,2780,68021,65184,16090671,15633498,7981998,8266531,41733,38235,2025-05-18 03:02:34
14,19,252,565,3384,5389,3438,3785,7450,5156,2330,4022,75575,84770,18818871,19745159,8124787,13052105,47474,49526,2025-05-18 03:02:34
14,20,108,211,1518,1162,1286,1231,2543,2681,845,1678,29037,35353,7274985,7445390,3442269,4661003,17901,22586,2025-05-18 03:02:34
14,25,282,487,3378,4385,2844,3085,6992,5568,1943,2506,60360,77456,16160977,17233443,7065799,10835255,37372,47776,2025-05-18 03:02:34
14,27,217,441,3252,3840,2623,3093,5879,4913,1939,1849,59052,67844,14901030,15541048,6504701,11316165,37147,38714,2025-05-18 03:02:34
14,31,365,743,5296,6114,4261,4675,9699,9121,3257,4271,105036,103571,24843638,24908628,11386138,13095390,64957,61773,2025-05-18 03:02:34
14,35,184,381,2716,2306,2154,2094,4668,4709,1704,1930,53666,54088,12677568,12574888,6029724,6334116,33475,32926,2025-05-18 03:02:34
14,50,212,413,2913,3442,2506,2461,5525,4763,1662,2911,56697,66208,14055271,14869043,6321331,9838837,34723,38335,2025-05-18 03:02:34
14,52,288,578,3809,4719,3452,3407,7269,6475,2261,4542,79203,87213,18907410,20032149,8503358,10655133,49279,54519,2025-05-18 03:02:34
14,58,97,184,1115,1835,1187,1326,2482,1671,828,1540,26747,28341,6254778,6524159,3044895,5379799,16271,17330,2025-05-18 03:02:34
14,60,92,203,1466,1285,1223,1253,2344,2269,922,831,29029,27752,6706971,6418082,3513680,2354452,18358,17635,2025-05-18 03:02:34
15,16,279,571,3917,4197,4185,3646,5539,5458,3753,4267,80199,86044,17796615,19096488,9900084,12303841,48947,49632,2025-05-18 03:02:34
15,17,366,768,5422,6345,5716,4010,8112,7783,5537,4654,108174,119370,24679896,26223775,13989857,15298431,66814,73050,2025-05-18 03:02:34
15,18,335,675,5107,3543,4867,4511,6701,8624,4653,3984,95407,97557,21704308,22213700,12794419,12959745,57283,56345,2025-05-18 03:02:34
15,19,321,775,4705,6971,5864,5468,8316,6624,5028,5517,106114,115977,24841554,26594666,13703672,17990219,64786,66188,2025-05-18 03:02:34
15,20,194,413,2732,2195,3312,2400,4114,5072,2343,3408,55211,68938,13538919,14675328,8168113,8878467,32682,43368,2025-05-18 03:02:34
15,25,225,452,3008,3528,3576,3220,4869,4627,3053,2451,61779,73947,14874479,16018233,8960451,10367241,37131,45153,2025-05-18 03:02:34
15,27,271,584,4202,4828,4404,4161,6360,5989,4066,2777,80221,87080,18733722,19748250,10904795,14742381,49163,47358,2025-05-18 03:02:34
15,31,556,1174,8417,9453,9007,7499,13000,13907,7131,6695,164802,161766,37541647,39038972,20563607,20650624,101246,95523,2025-05-18 03:02:34
15,35,218,474,3495,2642,3291,2586,4927,5503,2924,2582,68660,66569,15640169,15581412,9845764,7286993,40617,41326,2025-05-18 03:02:34
15,50,257,533,4185,4166,3759,3280,5553,5564,3655,3888,71710,80784,16772896,17862858,8686063,11213972,43939,47132,2025-05-18 03:02:34
15,52,314,629,4263,4585,4709,3799,6458,6843,4211,4830,87884,93798,20322351,21559851,11711457,11072467,53924,58405,2025-05-18 03:02:34
15,58,187,371,2422,3448,3128,2713,4329,3248,1998,3325,48856,60075,12154151,13319343,6592245,11269997,29255,36230,2025-05-18 03:02:34
15,60,91,200,1563,1148,1431,1176,1912,2111,1414,878,29388,27840,6491478,6337451,3951479,2492930,18219,17591,2025-05-18 03:02:34
16,17,280,578,4353,4161,3823,3332,5735,5717,4358,3163,88419,87519,19932943,19222822,12063281,10332715,53077,53873,2025-05-18 03:02:34
16,18,218,438,3356,2140,2701,3032,3999,5301,3428,2755,68156,62044,15201112,14132936,9055853,7193885,40597,36296,2025-05-18 03:02:34
16,19,266,549,3668,4705,3508,3873,5406,4374,3640,4252,80434,83441,18640142,18438424,10711521,12814110,47723,47527,2025-05-18 03:02:34
16,20,133,242,1777,1172,1694,1524,2240,2718,1689,2010,35638,39040,8413926,8152972,4801716,4684831,21084,24742,2025-05-18 03:02:34
16,25,165,327,2381,2468,2150,2383,3237,3215,2294,1735,48860,52949,11459512,11246294,6818565,7178935,28524,32532,2025-05-18 03:02:34
16,27,205,427,3115,3095,2951,3144,4173,4124,3124,1775,61547,62683,14219375,14096194,7968754,10261638,36565,35611,2025-05-18 03:02:34
16,31,379,739,5629,5577,4837,4980,7609,8274,5876,4266,113427,101309,25138011,23996115,15149585,12654620,66388,59172,2025-05-18 03:02:34
16,35,185,368,2716,1796,2359,2249,3475,3960,2635,2023,54918,52602,12656583,11843452,7430386,5939749,32583,31849,2025-05-18 03:02:34
16,50,208,423,3079,3041,2885,2866,4274,4183,3074,2907,65089,68089,14891073,14586578,8602272,9373569,38733,39562,2025-05-18 03:02:34
16,52,270,513,3757,3682,3166,3016,5135,5472,3786,3721,77245,76610,17342191,17231200,10454527,8768735,45334,47581,2025-05-18 03:02:34
16,58,113,220,1603,1876,1404,1644,2240,1697,1642,2013,32069,35016,7505909,7513830,4689377,6399482,17952,21090,2025-05-18 03:02:34
16,60,134,268,2241,1671,1664,1649,2723,3129,2048,1182,43047,37172,9545127,8868101,5832049,3269134,25671,23367,2025-05-18 03:02:34
17,18,333,646,5267,3678,3524,4341,6595,8723,3464,4322,95882,93444,22111190,21755386,11883443,12631707,59153,55078,2025-05-18 03:02:34
17,19,258,545,3648,4669,2968,3800,5774,4853,2879,4144,78115,82134,18001517,18496839,9419415,12736947,48505,46948,2025-05-18 03:02:34
17,20,169,343,2292,1452,1864,2030,3193,3892,2004,2708,48335,54670,11400617,11402966,5866743,6590299,30732,35338,2025-05-18 03:02:34
17,25,220,473,3375,3433,2662,3382,4857,4722,2890,2747,67345,78365,16189202,16682051,9132233,11088194,41215,47723,2025-05-18 03:02:34
17,27,226,497,3850,3801,2866,3710,5150,5139,3077,2253,74302,74810,17012626,17059760,9144021,12674184,46260,42446,2025-05-18 03:02:34
17,31,456,945,7243,7355,4888,6038,10139,11296,5531,5675,141974,130531,32020859,31547813,16676744,16599822,89530,76946,2025-05-18 03:02:34
17,35,211,463,3526,2505,2486,2689,4538,5306,2707,2566,71366,69093,16099181,15663159,8578539,7917596,45006,42368,2025-05-18 03:02:34
17,50,233,505,4055,3738,2719,3142,5220,5428,2970,3720,76635,76866,17188343,17103342,9345292,10791982,47699,44830,2025-05-18 03:02:34
17,52,314,651,5037,4632,3449,3881,6409,7197,4060,5193,98776,98421,21915669,22302963,12045938,11877978,61436,61362,2025-05-18 03:02:34
17,58,152,255,1728,2414,1420,1767,2729,2141,1451,2090,36906,39261,8515073,8879074,4577064,7302567,22449,23370,2025-05-18 03:02:34
17,60,95,208,1618,1212,1208,1406,2115,2431,1233,1012,32189,27163,7032629,6604676,3988849,2348978,20064,18004,2025-05-18 03:02:34
18,19,217,465,1926,4136,3243,3310,6181,3930,2476,3180,63584,69542,15597334,16274391,7464065,10592080,37954,39945,2025-05-18 03:02:34
18,20,132,263,1173,1254,1943,1651,3287,3083,1530,2127,34860,42192,8683760,9027473,4274116,5198246,20112,26825,2025-05-18 03:02:34
18,25,167,364,1763,2854,2602,2608,4565,3399,2067,1828,46355,55881,11584370,12241977,6133778,7106936,26483,34708,2025-05-18 03:02:34
18,27,166,338,1677,2777,2392,2443,4471,3322,2108,1554,45561,51073,11076116,11683792,5242440,8381852,27083,28749,2025-05-18 03:02:34
18,31,376,727,3760,5739,4982,4645,9765,8459,4449,4191,105269,103084,24497581,24890058,13354904,13175913,61377,60989,2025-05-18 03:02:34
18,35,123,247,1291,1458,1648,1472,3120,2727,1472,1350,35055,33904,8209422,8110989,4307353,3655243,20484,20942,2025-05-18 03:02:34
18,50,210,392,2088,3065,2644,2434,5079,3957,2396,2766,55169,62728,13165469,13761325,6536693,9082898,32753,36563,2025-05-18 03:02:34
18,52,209,403,1862,2876,2758,2414,5229,4182,2322,2951,54739,58588,12869293,13510933,6229019,6898919,32656,36081,2025-05-18 03:02:34
18,58,111,211,934,1932,1423,1458,2841,1734,1167,1731,27553,32531,6834608,7269598,3447178,5944461,15678,19184,2025-05-18 03:02:34
18,60,58,125,598,769,895,802,1515,1201,862,501,18084,16632,4119763,3990912,2408985,1529412,10345,10428,2025-05-18 03:02:34
19,20,219,407,3518,1638,2990,2388,3427,5261,2614,3021,58436,67101,14403273,14467877,9181639,8590136,33591,42504,2025-05-18 03:02:34
19,25,196,389,3208,2536,2785,2804,3340,3935,2394,1872,55616,61050,13338706,13546591,8676070,8227188,31494,37992,2025-05-18 03:02:34
19,27,274,591,5075,4128,4332,4423,5262,6216,4446,2616,87683,84793,20420368,20170072,13027243,13877201,50684,48453,2025-05-18 03:02:34
19,31,421,903,8043,6487,6295,5726,8295,11263,6604,4992,134430,122267,30773371,30194200,20202811,16092004,77163,71809,2025-05-18 03:02:34
19,35,178,416,3911,1896,2827,2461,3420,5026,2815,1937,62357,55013,14413693,13575424,9755385,5792546,35515,34532,2025-05-18 03:02:34
19,50,210,500,4377,3119,3567,3437,4206,5316,3522,3161,75499,77573,17385133,17243333,11278184,10412412,44487,45661,2025-05-18 03:02:34
19,52,273,599,5129,3805,4126,3640,5055,6581,4300,4017,89492,88275,20384322,20563535,13321854,10590514,51329,55044,2025-05-18 03:02:34
19,58,154,272,2143,2221,1865,1902,2609,2378,1807,2223,38171,42050,9166890,9437981,6385891,7483317,21668,25062,2025-05-18 03:02:34
19,60,98,220,1915,1127,1486,1304,1685,2393,1581,1009,32270,27911,7242300,6772244,4909345,2581093,18843,17897,2025-05-18 03:02:34
20,25,174,311,1326,2376,1750,2145,4004,3139,2289,1541,46984,47117,10744344,10959253,6247640,6442881,30000,29151,2025-05-18 03:02:34
20,27,175,309,1494,2444,1807,2289,4134,3174,2502,1209,48633,44185,10755776,10787964,6255770,7857411,30873,24590,2025-05-18 03:02:34
20,31,250,455,2101,3470,2626,2970,6004,5249,3670,2455,76002,60753,16022429,15587189,9778382,8165463,48231,35786,2025-05-18 03:02:34
20,35,124,255,1115,1329,1539,1479,2979,2759,2001,1257,40431,33738,8744903,8435174,5104822,4172504,25263,20489,2025-05-18 03:02:34
20,50,125,236,1133,1624,1410,1583,2907,2391,2102,1317,39598,35686,8601353,8468357,5304501,5329914,25051,20729,2025-05-18 03:02:34
20,52,135,260,1181,1804,1534,1656,3160,2566,2326,1736,43207,38368,8942104,9041341,5141342,4690099,27932,23829,2025-05-18 03:02:34
20,58,131,215,812,1942,1258,1513,2580,1598,1598,1587,31075,32213,6992147,7386323,3403991,5747726,20357,19062,2025-05-18 03:02:34
20,60,41,78,372,400,501,542,773,758,686,259,12844,9688,2657677,2426171,1816548,929731,8018,5985,2025-05-18 03:02:34
25,27,192,342,2417,2803,2380,2489,3927,3763,1572,1272,52968,46904,11864767,11812350,6901210,8467972,32736,25966,2025-05-18 03:02:34
25,31,417,740,5744,5791,4908,4701,8542,9640,4129,3596,119400,94866,26382771,25142430,15954535,13688904,73414,55129,2025-05-18 03:02:34
25,35,148,314,2487,1718,2299,1894,3026,3770,1664,1706,50289,42945,11131553,10528860,7070536,4629402,31244,25884,2025-05-18 03:02:34
25,50,160,322,2472,2289,2319,2111,3281,3317,1553,2162,51011,48708,11296963,11103934,7221228,7393487,31803,27428,2025-05-18 03:02:34
25,52,226,408,2924,2658,2678,2390,3985,4401,2069,2911,64435,56880,13776292,13563193,9396730,7007198,38719,34924,2025-05-18 03:02:34
25,58,76,144,952,1109,1006,1112,1361,1202,721,976,22225,20692,4872636,4792288,3135325,3838173,13459,12291,2025-05-18 03:02:34
25,60,66,148,1172,785,1034,935,1404,1649,824,545,23218,18005,5079328,4592942,2892967,1442133,14732,11488,2025-05-18 03:02:34
27,31,340,728,5716,5472,5553,5058,7702,9004,3254,4183,107817,97956,24896488,24301659,17746403,12647293,61432,57973,2025-05-18 03:02:34
27,35,166,323,2688,1724,2351,1944,3244,4058,1312,1683,47796,44030,11176118,10552508,8134152,4997097,27016,26681,2025-05-18 03:02:34
27,50,193,422,3478,3281,2999,2833,4368,4642,1771,3159,62574,62574,14507449,14235630,10869173,8777790,35356,35951,2025-05-18 03:02:34
27,52,228,446,3421,3164,3299,2794,4543,4870,2002,3453,66865,67911,15493676,15663976,11216623,7956605,37717,42431,2025-05-18 03:02:34
27,58,133,234,1693,2227,1830,1761,2640,2111,910,1918,32932,36161,8072946,8360743,5507587,6469048,18080,22034,2025-05-18 03:02:34
27,60,92,204,1603,1117,1518,1365,1883,2293,953,819,30851,24978,6841226,6225125,5376075,2125956,17817,15902,2025-05-18 03:02:34
31,35,331,622,4882,3518,3831,3389,7534,8004,3541,3498,85165,89947,21043326,21020456,10935287,9673176,50124,56207,2025-05-18 03:02:34
31,50,362,750,5823,5604,5050,4962,9114,8427,4020,5564,105724,117421,25873956,26445572,13584707,16130267,63490,68606,2025-05-18 03:02:34
31,52,391,780,5609,5578,4790,4559,9223,8852,4566,5891,107414,116909,25992288,26618195,13469190,13296533,63378,72985,2025-05-18 03:02:34
31,58,314,529,3765,5410,3278,3408,6641,4750,3019,4391,74766,92133,18570478,20128053,10158578,16922172,43033,55289,2025-05-18 03:02:34
31,60,179,334,2823,2099,2074,1967,3880,3950,2020,1424,48673,47520,11544993,11007960,6596523,4264513,28270,30592,2025-05-18 03:02:34
35,50,153,329,2011,2456,1932,2236,4041,3616,1878,2434,48995,51813,11464502,11663306,5655183,7158134,29677,30688,2025-05-18 03:02:34
35,52,194,397,2128,2831,2318,2385,4598,4223,2157,2871,56765,59732,13206107,13899369,6873561,7090633,33883,37745,2025-05-18 03:02:34
35,58,97,180,848,1611,1083,1260,2208,1543,914,1326,24583,28360,6069905,6491950,2565905,5306412,14880,16773,2025-05-18 03:02:34
35,60,57,126,739,807,730,763,1372,1379,647,588,18110,16526,4142542,4030799,2149905,1360554,11051,10694,2025-05-18 03:02:34
50,52,204,442,3063,3354,2914,2671,4735,4790,3277,3435,70674,67242,15122012,15435079,10321808,8351342,40678,41656,2025-05-18 03:02:34
50,58,117,215,1404,2010,1488,1509,2400,1803,1210,1679,31554,34541,7300246,7679282,4236679,5990726,18338,21155,2025-05-18 03:02:34
50,60,84,169,1584,978,997,1048,1737,2067,1162,690,28768,22293,6177040,5443207,4476745,2136334,16553,14198,2025-05-18 03:02:34
52,58,95,176,1037,1563,1089,1231,2149,1479,1076,1456,24046,28085,5968269,6298714,2997250,5405865,14751,16630,2025-05-18 03:02:34
52,60,99,211,1425,1169,1259,1320,2122,2228,1656,897,31749,27616,7046802,6573356,3881551,2415665,19222,17930,2025-05-18 03:02:34
58,60,87,169,1552,776,1083,965,1213,1827,1353,687,26735,21604,5864716,5206743,4991422,1725969,15800,13634,2025-05-18 03:02:34
